ecosystem,canonical_region,habitat_polygons_n,habitat_area_m2,protected_area_m2,substantive_area_m2,mpa_area_m2,dredging_within_1km_n,dredging_within_5km_n,dredging_within_10km_n,akvakultur_within_1km_n,akvakultur_within_5km_n,akvakultur_within_10km_n,platforms_within_10km_n,fishing_within_1km_n,fishing_within_5km_n,fishing_within_10km_n,study_sites_within_1km_n,study_sites_within_5km_n,habitat_area_km2,protected_area_km2,substantive_area_km2,mpa_area_km2,percent_habitat_protected,percent_habitat_substantive,percent_habitat_in_mpa
macroalgae,Barents Sea,1039,1109906420.0354018,158926775.3716086,33831973.35503066,23643919.71393785,4,32,94,0,118,320,0,29,497,2007,0,11,1109.9064200354019,158.92677537160858,33.83197335503066,23.643919713937848,14.31893468699275,3.048182508391253,2.130262451602334
macroalgae,Norwegian Sea,4833,3080414063.28112,669012687.7116604,49238749.04809677,49238749.04809677,6,93,294,61,907,2816,0,19,346,1363,4,50,3080.41406328112,669.0126877116604,49.23874904809677,49.23874904809677,21.718271439101855,1.5984457945127626,1.5984457945127626
macroalgae,Skagerrak,1371,351018304.8149483,233250441.41754752,105214370.78127371,64650366.449026994,3,126,503,4,606,1728,12,52,797,3017,10,178,351.0183048149483,233.25044141754753,105.21437078127371,64.65036644902699,66.4496518324062,29.974041050862336,18.417947315627803
seagrass,Barents Sea,355,5858249.792283201,595784.1169402464,34767.98206441362,34767.98206441362,3,26,60,12,62,146,0,0,21,128,5,27,5.858249792283201,0.5957841169402465,0.03476798206441362,0.03476798206441362,10.170001930014065,0.5934875312113161,0.5934875312113161
seagrass,Norwegian Sea,678,17229634.334452864,4122392.172744859,680151.7914707944,680151.7914707944,9,23,85,0,228,797,0,5,31,124,1,14,17.229634334452864,4.122392172744859,0.6801517914707944,0.6801517914707944,23.926173316990294,3.9475695088359686,3.9475695088359686
seagrass,Skagerrak,3310,42045563.484216094,6571226.252113783,1601242.172194271,44092.270072524734,63,876,2395,65,773,2803,6,15,582,3458,48,443,42.045563484216096,6.5712262521137825,1.6012421721942711,0.04409227007252473,15.62882194355802,3.808349893551498,0.10486783008408716
