{
"type": "FeatureCollection",
"name": "verneomraader_mpa_map",
"crs": { "type": "name", "properties": { "name": "urn:ogc:def:crs:OGC:1.3:CRS84" } },
"features": [
{ "type": "Feature", "properties": { "naturvernId": "VV00003638", "navn": "Lurefjorden og Lindåsosane", "offisieltNavn": "Lurefjorden og Lindåsosane", "faktaark": "https://faktaark.naturbase.no/?id=VV00003638", "verneform": "MarintVerneomraade", "kommune": "Austrheim (4632),Alver (4631)", "forvaltningsmyndighet": "Statsforvalteren i Vestland", "iucn": "IkkeVurdert", "majorEcosystemType": "Marin", "is_mpa": true, "area_m2": 69125978.636939004 }, "geometry": { "type": "Polygon", "coordinates": [ [ [ 4.915557215046611, 60.811304010012435 ], [ 4.915598842030509, 60.808173284749806 ], [ 4.92024086381132, 60.804793608524314 ], [ 4.917618779513403, 60.805325858597477 ], [ 4.916837505944082, 60.805070168857597 ], [ 4.923658831604755, 60.802710225513238 ], [ 4.921093617114641, 60.803324964483444 ], [ 4.92373473090368, 60.80212277775076 ], [ 4.924002022337506, 60.799991114029147 ], [ 4.923231419622907, 60.800623487966263 ], [ 4.920801120782089, 60.800920651958478 ], [ 4.923280128877026, 60.800370274441462 ], [ 4.924959115507483, 60.798138406529759 ], [ 4.922825631835995, 60.799226184514808 ], [ 4.924250604332252, 60.797929910425928 ], [ 4.921207384131195, 60.798329703609433 ], [ 4.929914823533857, 60.791252661581886 ], [ 4.936191967023907, 60.790798803461506 ], [ 4.941750763975724, 60.788515825824831 ], [ 4.939924522002853, 60.787298056141793 ], [ 4.943365885835922, 60.786190833837011 ], [ 4.942855520145375, 60.784626134228731 ], [ 4.945684203461926, 60.786154514003314 ], [ 4.94628437285688, 60.78388587285361 ], [ 4.94811076553821, 60.782878235225276 ], [ 4.948347964357698, 60.783676814663721 ], [ 4.947562459049493, 60.784314218410913 ], [ 4.947477179349436, 60.784497677538688 ], [ 4.947789770796026, 60.78466778228799 ], [ 4.947306631725531, 60.785109089812273 ], [ 4.948024279748568, 60.784676830095471 ], [ 4.948086918592644, 60.784198647165461 ], [ 4.949817232505512, 60.784278096183492 ], [ 4.949680090348515, 60.780546215260827 ], [ 4.951976791736052, 60.782651202242413 ], [ 4.956984365979394, 60.779264631685642 ], [ 4.958607953952209, 60.778873186500725 ], [ 4.9637538163425, 60.774264315892324 ], [ 4.961646365403562, 60.774326974349371 ], [ 4.962887578941387, 60.772373883532879 ], [ 4.9670970909898, 60.769486996916065 ], [ 4.951225618389395, 60.773825676496955 ], [ 4.951715479413108, 60.772923322644772 ], [ 4.959763619115007, 60.769474475228833 ], [ 4.957831275293717, 60.769545582628908 ], [ 4.96545358412641, 60.762505276722884 ], [ 4.967532230758271, 60.765241346968743 ], [ 4.970195936274822, 60.763917382327854 ], [ 4.972897714417483, 60.760874473461854 ], [ 4.966440473534225, 60.76239571178953 ], [ 4.965052457747839, 60.76140380696355 ], [ 4.97507753613848, 60.755894781033113 ], [ 4.974926955245432, 60.753543434550458 ], [ 4.976065906012558, 60.754674023943224 ], [ 4.977500712279463, 60.752752974397204 ], [ 4.978955917480032, 60.752108617423573 ], [ 4.977383116133486, 60.75134058905887 ], [ 4.984851695875895, 60.747732611633289 ], [ 4.979123980038738, 60.749939553611419 ], [ 4.974951242668776, 60.749028145842772 ], [ 4.972962289278594, 60.750411941041854 ], [ 4.969235938614727, 60.749063460836901 ], [ 4.958842312641459, 60.753800694815311 ], [ 4.958551877057952, 60.751984600904656 ], [ 4.978430729976451, 60.7444501706578 ], [ 4.989473530154062, 60.738324514120315 ], [ 4.983257855402005, 60.740380326857029 ], [ 4.982502790683677, 60.740121248693164 ], [ 4.984830822185753, 60.737728025323882 ], [ 4.983959304932501, 60.738253874850777 ], [ 4.983954162811025, 60.737961221399296 ], [ 4.984804280623954, 60.737620847678421 ], [ 4.985618308640922, 60.736899224405427 ], [ 4.981304904923005, 60.738672448515921 ], [ 4.982381293463346, 60.737427196303102 ], [ 4.987815527078536, 60.734900878105478 ], [ 4.989227349805463, 60.733775019687229 ], [ 4.987649050147652, 60.734288862274539 ], [ 4.98899406392433, 60.733645737492111 ], [ 4.989879789521501, 60.733625359462366 ], [ 4.989243287895284, 60.733367560672221 ], [ 4.990742647738124, 60.732578389092446 ], [ 4.991406161518321, 60.732392810301462 ], [ 4.988938089714136, 60.732889182356757 ], [ 4.978531210088209, 60.738188509626092 ], [ 4.987870932052844, 60.732651940760114 ], [ 4.978563611042813, 60.736866742681194 ], [ 4.97499471886105, 60.735446338505923 ], [ 4.975833038372693, 60.732890710035825 ], [ 4.971279125144146, 60.735631872357004 ], [ 4.969709591030196, 60.735591508639949 ], [ 4.970057758826555, 60.73619611070022 ], [ 4.96838984763606, 60.735956318360699 ], [ 4.97259809022946, 60.731313766751434 ], [ 4.96775020793855, 60.732871297570043 ], [ 4.965084942660302, 60.73291560705713 ], [ 4.964951058950859, 60.731603513544691 ], [ 4.96151344450773, 60.732506466042018 ], [ 4.955765725491014, 60.73048304836054 ], [ 4.969530301302294, 60.725808173459249 ], [ 4.970146070657545, 60.726410733995934 ], [ 4.96650523727418, 60.729045905634948 ], [ 4.972058819052474, 60.729696907026778 ], [ 4.998465842279816, 60.724248967246645 ], [ 4.995126483441875, 60.726025295615266 ], [ 5.001036860573412, 60.725325221151778 ], [ 5.014053427794789, 60.721067168529842 ], [ 5.014221099992576, 60.720858853359104 ], [ 5.01752734988769, 60.719241556475552 ], [ 5.018319252465564, 60.718495598753492 ], [ 5.030121922604727, 60.713437276404406 ], [ 5.031693648149785, 60.712176855543248 ], [ 5.034687386981437, 60.711851506433803 ], [ 5.033151328980204, 60.712857238888731 ], [ 5.02785560214005, 60.71507920064797 ], [ 5.025079030382145, 60.716788191809428 ], [ 5.039764933179545, 60.710946884629543 ], [ 5.046168653202906, 60.70605916176094 ], [ 5.038691614228004, 60.708337830671809 ], [ 5.053118709736188, 60.700316139367992 ], [ 5.061437984661488, 60.685663119965639 ], [ 5.050786861965229, 60.687704306414609 ], [ 5.070516453450399, 60.678511087186997 ], [ 5.073057509795679, 60.672308262108707 ], [ 5.081930576829333, 60.666087379539483 ], [ 5.079027161315779, 60.665749633981974 ], [ 5.077075543805883, 60.664336276784347 ], [ 5.080750128306119, 60.665063797507408 ], [ 5.087697574853001, 60.662757803765359 ], [ 5.090369970531545, 60.658213276197323 ], [ 5.102273435161858, 60.653388366303673 ], [ 5.098150602705715, 60.655398202531579 ], [ 5.100939001889146, 60.655108002917039 ], [ 5.105061281773577, 60.651767266092058 ], [ 5.113012228991603, 60.648080807047123 ], [ 5.109923329751513, 60.646873788569906 ], [ 5.11191579210665, 60.643239084936525 ], [ 5.118977775757929, 60.636036795268623 ], [ 5.11971335445557, 60.637098792385579 ], [ 5.117244057396543, 60.639554187284922 ], [ 5.117171319767537, 60.644906706451849 ], [ 5.115884048252711, 60.647639733740071 ], [ 5.108712220543855, 60.653887398369939 ], [ 5.092701797663024, 60.662155019590884 ], [ 5.08851069315773, 60.665514081872807 ], [ 5.097322968654415, 60.663196408619839 ], [ 5.081192569983214, 60.671843407176944 ], [ 5.079253934533685, 60.675211210008079 ], [ 5.074707128403166, 60.676088834118424 ], [ 5.072773071040071, 60.679525263372554 ], [ 5.085282892117125, 60.676165490638198 ], [ 5.091044911080933, 60.672862278071491 ], [ 5.106956506639626, 60.666545148123895 ], [ 5.111751193853154, 60.659478724351494 ], [ 5.11117732473349, 60.655475551023876 ], [ 5.114199830972375, 60.653772505481861 ], [ 5.122283265318155, 60.650644487809096 ], [ 5.124060410568155, 60.64910220201098 ], [ 5.12681289407197, 60.648297194731271 ], [ 5.127872076052144, 60.649672969956022 ], [ 5.114077052309087, 60.658306738445845 ], [ 5.114772498728066, 60.663132372232447 ], [ 5.126725252866146, 60.660724368996156 ], [ 5.11376495677518, 60.66439082990783 ], [ 5.113917377500297, 60.667135040332234 ], [ 5.120420447861078, 60.66766610525481 ], [ 5.114021403382035, 60.67178773404337 ], [ 5.116170254634036, 60.672135575968476 ], [ 5.115668628602701, 60.672869178954912 ], [ 5.122861739610824, 60.671261074816407 ], [ 5.125099469720518, 60.669392226611762 ], [ 5.12261547050267, 60.669758418515237 ], [ 5.126761801875661, 60.668193395705593 ], [ 5.126567530169315, 60.670124011374121 ], [ 5.131150899968293, 60.668356937725896 ], [ 5.132608048049957, 60.668635574548361 ], [ 5.127986621660505, 60.670106586960337 ], [ 5.129732175786395, 60.670124303276168 ], [ 5.130050516412512, 60.670746491904183 ], [ 5.126196980309165, 60.67160054788522 ], [ 5.123963987553295, 60.672942848062348 ], [ 5.130257311381717, 60.671000502035632 ], [ 5.135249041809964, 60.67033660312363 ], [ 5.127171335393499, 60.672775612339379 ], [ 5.118377254350646, 60.674797590601372 ], [ 5.115675154742426, 60.676960518862643 ], [ 5.132222846476522, 60.674556209078105 ], [ 5.12391435009894, 60.678113936314496 ], [ 5.126765575839773, 60.679250371509589 ], [ 5.129075769436806, 60.678491617315643 ], [ 5.140893195037998, 60.67690422743938 ], [ 5.16115325994291, 60.670893370437078 ], [ 5.157964246857885, 60.672806606674385 ], [ 5.165696229562257, 60.671022994401909 ], [ 5.196201446862685, 60.658306647216328 ], [ 5.205067951229829, 60.649111871894874 ], [ 5.205672418241542, 60.649335582996805 ], [ 5.205761725842109, 60.649483144873145 ], [ 5.207035259169464, 60.649004222189582 ], [ 5.20721503810833, 60.648509559752206 ], [ 5.205672258396802, 60.64928499406814 ], [ 5.205654313461322, 60.649288825655724 ], [ 5.205422322140138, 60.649190709774729 ], [ 5.205299920942554, 60.64912647577902 ], [ 5.209451306348241, 60.645800978033925 ], [ 5.21129878195337, 60.639657852536587 ], [ 5.217216740796007, 60.639190058717361 ], [ 5.218098040102691, 60.636725121824526 ], [ 5.215010507691658, 60.638693090436007 ], [ 5.214913848704314, 60.63829862643469 ], [ 5.224176949471982, 60.632592392618932 ], [ 5.224683065344068, 60.633001662684435 ], [ 5.221859754143229, 60.635231709873182 ], [ 5.237785026866832, 60.628122212187066 ], [ 5.240918588221151, 60.627572667072272 ], [ 5.25315014269414, 60.61984551230934 ], [ 5.257282730552192, 60.619190888393106 ], [ 5.257455934551387, 60.620702704948023 ], [ 5.269432697442983, 60.618796078933983 ], [ 5.259192530136356, 60.6277836729478 ], [ 5.245560641593356, 60.632745952356998 ], [ 5.230141641481447, 60.642735531860552 ], [ 5.232580115996256, 60.643572595398048 ], [ 5.226833297114181, 60.649316187565717 ], [ 5.227755606685932, 60.651624502505442 ], [ 5.228120168419977, 60.651185696926433 ], [ 5.23151319680736, 60.649849245345173 ], [ 5.227810914242653, 60.658005152163341 ], [ 5.243311158568221, 60.654004041913453 ], [ 5.257371910671301, 60.647012988716448 ], [ 5.269519915315614, 60.638422671211423 ], [ 5.281686975210987, 60.632215961408754 ], [ 5.273465990583649, 60.638562796159931 ], [ 5.259027312272943, 60.64716845130323 ], [ 5.245868132485882, 60.653200212118968 ], [ 5.241730504604333, 60.657132631489347 ], [ 5.249565723210337, 60.654976779784349 ], [ 5.240974509805118, 60.661598208762918 ], [ 5.208884553425579, 60.673664784421831 ], [ 5.199619534908359, 60.680026864791095 ], [ 5.186466062964195, 60.685061773211586 ], [ 5.18040280459247, 60.690624822255053 ], [ 5.163857526971754, 60.69654017626803 ], [ 5.163349811842034, 60.696235974017313 ], [ 5.164263742167043, 60.695567166811259 ], [ 5.156676486521009, 60.69687375994986 ], [ 5.145558069563233, 60.700619567101711 ], [ 5.134873256661405, 60.703064077682306 ], [ 5.133593936290122, 60.704435181621967 ], [ 5.126964167561046, 60.707785929219746 ], [ 5.122314464996193, 60.708821779088076 ], [ 5.128261971778441, 60.708507207963791 ], [ 5.125307405647777, 60.710146388067486 ], [ 5.122216246731196, 60.710908987386397 ], [ 5.122032768204956, 60.711542076955638 ], [ 5.124669913424014, 60.711092282665497 ], [ 5.124336808317165, 60.711565925915018 ], [ 5.119897467022134, 60.71264606109299 ], [ 5.121153385178095, 60.711799869007002 ], [ 5.119105892535107, 60.711846733833042 ], [ 5.103692797946849, 60.718220719322105 ], [ 5.118624381429838, 60.713093525289693 ], [ 5.121753550189275, 60.713672647672922 ], [ 5.121117077159048, 60.714510382769639 ], [ 5.119480105740233, 60.715693988199583 ], [ 5.117123955738648, 60.7161867029265 ], [ 5.116109017146396, 60.71721614449185 ], [ 5.1134782162585, 60.717903455918893 ], [ 5.121498747544337, 60.71688189079812 ], [ 5.119162391227532, 60.718874126180097 ], [ 5.122857226114082, 60.718685120717502 ], [ 5.132597739487512, 60.712818588450311 ], [ 5.141962703122895, 60.710834741372082 ], [ 5.140010872946739, 60.712768395951905 ], [ 5.129208142548923, 60.717309287008554 ], [ 5.133491101495107, 60.716911075967744 ], [ 5.146796172397989, 60.710043326891359 ], [ 5.148681301731004, 60.710184602775598 ], [ 5.161817240305942, 60.704035142500217 ], [ 5.172636072633886, 60.700702403083376 ], [ 5.162556867738719, 60.70599160863862 ], [ 5.154660947400354, 60.708289700883881 ], [ 5.155688586735989, 60.708495767126713 ], [ 5.157758645859013, 60.708221454348845 ], [ 5.15789104359852, 60.708370348810419 ], [ 5.145739324449253, 60.713610913245212 ], [ 5.144065733107756, 60.713811521786184 ], [ 5.145514250963671, 60.713103668568465 ], [ 5.145732997398881, 60.712238551851904 ], [ 5.14373226110757, 60.71338852289005 ], [ 5.140944055562096, 60.714044738665947 ], [ 5.139586522814473, 60.71533843822899 ], [ 5.136517259241427, 60.716846832618721 ], [ 5.131964485716307, 60.718201745968287 ], [ 5.131630893722426, 60.719164290397138 ], [ 5.130331023450065, 60.719885788116365 ], [ 5.126547531400361, 60.720823834669034 ], [ 5.123468970570857, 60.7237519257462 ], [ 5.127376790977714, 60.723860941502096 ], [ 5.125753232215594, 60.725264446219597 ], [ 5.131215118456951, 60.724816825460039 ], [ 5.143011217714252, 60.719793525473328 ], [ 5.146195451413443, 60.719831633664676 ], [ 5.149799897378442, 60.716509541368524 ], [ 5.150244425954056, 60.716544332706235 ], [ 5.14934051028596, 60.717867700927641 ], [ 5.157196267653437, 60.71506324297053 ], [ 5.159576152315871, 60.713038682784223 ], [ 5.167272947784758, 60.709034971320648 ], [ 5.175526723152425, 60.707512759257064 ], [ 5.180143415671862, 60.703257562659566 ], [ 5.182851563125292, 60.703131432976051 ], [ 5.179454500157257, 60.703184242669856 ], [ 5.181228919558001, 60.701424971985318 ], [ 5.193277682228771, 60.696808725447603 ], [ 5.19053494949565, 60.698701391956149 ], [ 5.19295431483801, 60.697835132984807 ], [ 5.193439774182425, 60.698059566892553 ], [ 5.195573447809904, 60.695294866271084 ], [ 5.197893637165262, 60.694694098963353 ], [ 5.195614042265803, 60.697360911692613 ], [ 5.18682948696331, 60.701997968188415 ], [ 5.18798569263425, 60.704835994000788 ], [ 5.178671618974927, 60.708618647194285 ], [ 5.179120080650905, 60.708940015841286 ], [ 5.180836985619816, 60.708241459372175 ], [ 5.181544841161227, 60.708461663878325 ], [ 5.178479243143451, 60.711761197486638 ], [ 5.18753017148593, 60.708389749191745 ], [ 5.175080025047748, 60.716772032951233 ], [ 5.169029152689297, 60.719506471254412 ], [ 5.170280338487324, 60.719784420543128 ], [ 5.167847206495068, 60.723040348804318 ], [ 5.171467384707368, 60.722220011733718 ], [ 5.161078766099892, 60.725593259153257 ], [ 5.161702924138092, 60.725811338048281 ], [ 5.160171792134233, 60.727255430676642 ], [ 5.161080223051928, 60.728315377088883 ], [ 5.158292174676183, 60.731486650860276 ], [ 5.18053356165752, 60.724011141881142 ], [ 5.18534465327339, 60.717680426984444 ], [ 5.1906923368869, 60.715102121325003 ], [ 5.190486340271733, 60.716404949143474 ], [ 5.185788825099405, 60.719509519056075 ], [ 5.188225166371335, 60.719224952079756 ], [ 5.187584543956591, 60.719822568293324 ], [ 5.190436969277579, 60.719181807976618 ], [ 5.190905392289696, 60.72113770513063 ], [ 5.197974236151535, 60.717760076786057 ], [ 5.200004120030529, 60.717593324223785 ], [ 5.200850780424324, 60.718479092940065 ], [ 5.203518584254112, 60.716296239290799 ], [ 5.206024422071445, 60.716342852655465 ], [ 5.207800048768457, 60.721816714476439 ], [ 5.210897809997222, 60.721809053546437 ], [ 5.21349285226972, 60.724594442681955 ], [ 5.205017729232718, 60.725352580301148 ], [ 5.20363392266778, 60.723902262126607 ], [ 5.19700832314202, 60.724697692102282 ], [ 5.19355527878518, 60.723262227151039 ], [ 5.182747327119029, 60.723488060118463 ], [ 5.16877635027516, 60.729783696417861 ], [ 5.156634476421207, 60.733948467261762 ], [ 5.152095411698144, 60.734077619902017 ], [ 5.147626635123781, 60.736603716063051 ], [ 5.148029946632979, 60.732334799264045 ], [ 5.144198443997468, 60.732426213340055 ], [ 5.145318976295857, 60.730502417465296 ], [ 5.13937510866458, 60.734278645448249 ], [ 5.141505221167094, 60.731788251521898 ], [ 5.13745178240926, 60.733630260358453 ], [ 5.137518160277037, 60.730814528702155 ], [ 5.123369591389761, 60.739463168962494 ], [ 5.132586976599304, 60.731058926591821 ], [ 5.124039616314442, 60.732530901904198 ], [ 5.122066112585909, 60.731521820081376 ], [ 5.123496156925418, 60.730538392145739 ], [ 5.116152657270071, 60.73083177677163 ], [ 5.110412431164188, 60.734699322708195 ], [ 5.11360823004672, 60.729647933368952 ], [ 5.108399640368736, 60.728620508757878 ], [ 5.098339278921614, 60.734688245700887 ], [ 5.099023113476344, 60.734978864778867 ], [ 5.098304759499853, 60.735871889998776 ], [ 5.093710368417364, 60.740167914077254 ], [ 5.090196697179648, 60.738006522143309 ], [ 5.083468236395716, 60.742405552403135 ], [ 5.081794259763281, 60.741685890228652 ], [ 5.077257686681931, 60.743609863109334 ], [ 5.072043198293646, 60.74969481563965 ], [ 5.064305409299148, 60.751333080941848 ], [ 5.061499474195785, 60.753821750920594 ], [ 5.062946388243373, 60.753117471641005 ], [ 5.061672883157234, 60.754639464954437 ], [ 5.06413305313483, 60.753810511420525 ], [ 5.064678901382258, 60.754446201156917 ], [ 5.062767129415935, 60.755934496023215 ], [ 5.061419086887549, 60.754937957562682 ], [ 5.058851293201185, 60.755718360992446 ], [ 5.058567750383239, 60.757054584368859 ], [ 5.06147111171235, 60.755736907145106 ], [ 5.055888459540985, 60.762588577887847 ], [ 5.058726280869138, 60.76105125949033 ], [ 5.059943101969285, 60.762165699516729 ], [ 5.06055954725689, 60.761037462448279 ], [ 5.058999728068237, 60.760912073861938 ], [ 5.059430756438372, 60.759914862040915 ], [ 5.059689784033172, 60.760959812265142 ], [ 5.062934076438412, 60.759566140735068 ], [ 5.063763569857581, 60.760443960120107 ], [ 5.057107702540591, 60.764686719413945 ], [ 5.055142687923205, 60.762882733712956 ], [ 5.053978142777797, 60.763150606518536 ], [ 5.054498467499431, 60.764043994114367 ], [ 5.052769796598843, 60.765152762294825 ], [ 5.051823612432098, 60.764802811508979 ], [ 5.050386440041243, 60.767764268696773 ], [ 5.055031753461921, 60.765626532670311 ], [ 5.04585506821375, 60.77303245196498 ], [ 5.045629033746636, 60.776832098456659 ], [ 5.037686227874797, 60.781631811295846 ], [ 5.029083922435789, 60.781677414863232 ], [ 5.010986001221157, 60.787638805096726 ], [ 4.991495587605817, 60.798294617103529 ], [ 4.991075490308281, 60.800899101796567 ], [ 4.98378299438976, 60.801700846749149 ], [ 4.99500659639477, 60.794219340508583 ], [ 4.989106132479426, 60.793489111723076 ], [ 4.983008492556956, 60.796270641704886 ], [ 4.982834947310379, 60.795136452971292 ], [ 4.986952973364752, 60.791813103537756 ], [ 4.986979299557159, 60.789722138058714 ], [ 4.982561111961435, 60.789858560248135 ], [ 4.984758482692641, 60.789120268752775 ], [ 4.98467508316981, 60.788536233938331 ], [ 4.972460506490897, 60.794137419766258 ], [ 4.962926156552978, 60.796317128529118 ], [ 4.958361715281938, 60.800017584575428 ], [ 4.960798318064525, 60.800631744342247 ], [ 4.95980044553372, 60.801938780413238 ], [ 4.950200990564966, 60.80318563806383 ], [ 4.950001114173116, 60.799174726032774 ], [ 4.956852125592533, 60.797372929421805 ], [ 4.968689235174811, 60.789885728241288 ], [ 4.97101861149059, 60.790099248861047 ], [ 4.965018245210222, 60.793690583520679 ], [ 4.971516893514853, 60.79317510529728 ], [ 4.984695445649391, 60.786202689151942 ], [ 4.991775827123125, 60.784877336104614 ], [ 4.99903521633891, 60.778917513178115 ], [ 5.004259955611365, 60.77690372702655 ], [ 5.00384238374066, 60.775611592766808 ], [ 5.007515625838076, 60.77275438764557 ], [ 5.012745788803992, 60.772175694208755 ], [ 5.023754849351243, 60.763424418747952 ], [ 5.027104069243495, 60.762024746835408 ], [ 5.029708943608924, 60.761973808162118 ], [ 5.033475214609469, 60.75773390379841 ], [ 5.033948718131502, 60.757571671754384 ], [ 5.034404061320891, 60.757750730744434 ], [ 5.033757272582853, 60.759331858041747 ], [ 5.035421685178129, 60.759065816095003 ], [ 5.037130786954741, 60.756807643879675 ], [ 5.034828245799928, 60.756878670637875 ], [ 5.033655252614745, 60.75539091017707 ], [ 5.025948539072244, 60.759024486960321 ], [ 5.00829163515947, 60.765026441759019 ], [ 5.008864926170441, 60.762708790161348 ], [ 5.018105066473431, 60.758897496957189 ], [ 5.011537315239987, 60.760004663466951 ], [ 5.014367609563045, 60.757837057843361 ], [ 5.009349370166438, 60.758554448258437 ], [ 5.00832663172681, 60.757959629997615 ], [ 5.001622827596411, 60.759560494174551 ], [ 4.983528743074266, 60.772800354250769 ], [ 4.9794270189457, 60.781708627715169 ], [ 4.977005589439615, 60.780284797367479 ], [ 4.979560768838338, 60.778022914183538 ], [ 4.964534679500625, 60.781326661994861 ], [ 4.955681151164198, 60.786160832790131 ], [ 4.944917929698462, 60.796672084960079 ], [ 4.939416952542564, 60.797900182036656 ], [ 4.935656110349093, 60.796966915113494 ], [ 4.932750258064834, 60.799480007106951 ], [ 4.928773277693522, 60.801187920560963 ], [ 4.928043175595751, 60.800111329562476 ], [ 4.925021200049958, 60.801528137710136 ], [ 4.921761514971328, 60.807867574152098 ], [ 4.918443224304401, 60.809376613678673 ], [ 4.920442357751947, 60.809588377793631 ], [ 4.915557215046611, 60.811304010012435 ] ], [ [ 4.91663688921071, 60.808740756577286 ], [ 4.916954748369294, 60.808813473849426 ], [ 4.917033423687916, 60.808627708956188 ], [ 4.91663688921071, 60.808740756577286 ] ], [ [ 4.916421904782743, 60.808602062848998 ], [ 4.916165188886831, 60.808580692185572 ], [ 4.916127561040053, 60.808619208240422 ], [ 4.916421904782743, 60.808602062848998 ] ], [ [ 4.917799475992108, 60.808230009452899 ], [ 4.917242573144789, 60.808221453334021 ], [ 4.916999743627587, 60.808428716254362 ], [ 4.917799475992108, 60.808230009452899 ] ], [ [ 4.91854602310216, 60.808024278302511 ], [ 4.918696536059477, 60.808057959839658 ], [ 4.918723545397357, 60.807996278600683 ], [ 4.91854602310216, 60.808024278302511 ] ], [ [ 4.918913867280255, 60.807930323688453 ], [ 4.918809736951437, 60.807923876649276 ], [ 4.918818183226392, 60.807950950192463 ], [ 4.918913867280255, 60.807930323688453 ] ], [ [ 4.920084555793776, 60.806824525338023 ], [ 4.920316048346782, 60.807606008988827 ], [ 4.920981031115736, 60.806696141840412 ], [ 4.920084555793776, 60.806824525338023 ] ], [ [ 4.919366815898544, 60.806502246570751 ], [ 4.922061272876912, 60.805205538833881 ], [ 4.922531409861987, 60.803855166577137 ], [ 4.920638766764689, 60.804838802747341 ], [ 4.919366815898544, 60.806502246570751 ] ], [ [ 4.930477355335031, 60.799901868659532 ], [ 4.930310629463589, 60.799859819857708 ], [ 4.93026603961042, 60.799947236277433 ], [ 4.930477355335031, 60.799901868659532 ] ], [ [ 4.926882634331559, 60.798536104234572 ], [ 4.926702330963578, 60.798968266898228 ], [ 4.928489154604979, 60.797688694746959 ], [ 4.926882634331559, 60.798536104234572 ] ], [ [ 4.933778164351247, 60.798355624801538 ], [ 4.933638445177768, 60.798374464292387 ], [ 4.933662493374461, 60.798393846580417 ], [ 4.933778164351247, 60.798355624801538 ] ], [ [ 4.9348599735078, 60.795941584498017 ], [ 4.932679605873004, 60.796869885053951 ], [ 4.934599460366496, 60.796110686597025 ], [ 4.9348599735078, 60.795941584498017 ] ], [ [ 4.941187505749796, 60.796122822052922 ], [ 4.939543358245639, 60.796826212325911 ], [ 4.939749238181328, 60.79709715312103 ], [ 4.941187505749796, 60.796122822052922 ] ], [ [ 4.942845991477575, 60.796366167269397 ], [ 4.942508249618763, 60.79640615104249 ], [ 4.942471075757552, 60.79650010490478 ], [ 4.942845991477575, 60.796366167269397 ] ], [ [ 4.942066534092201, 60.796225905792973 ], [ 4.941982945261861, 60.796235422244784 ], [ 4.941994320961286, 60.796260904575774 ], [ 4.942066534092201, 60.796225905792973 ] ], [ [ 4.942764470806779, 60.796184389898379 ], [ 4.943138589058373, 60.79618743927378 ], [ 4.943240055948844, 60.79605716266272 ], [ 4.942764470806779, 60.796184389898379 ] ], [ [ 4.942699086508205, 60.796006639435767 ], [ 4.943264175071987, 60.79591143915539 ], [ 4.943265879882969, 60.79587155812257 ], [ 4.942699086508205, 60.796006639435767 ] ], [ [ 4.935521518117425, 60.795713411264998 ], [ 4.935473577318858, 60.795127275331843 ], [ 4.934635282327799, 60.795862744533522 ], [ 4.935521518117425, 60.795713411264998 ] ], [ [ 4.943286253788977, 60.794659402463203 ], [ 4.944410897876053, 60.795154721863675 ], [ 4.944571693636869, 60.794342337405304 ], [ 4.943286253788977, 60.794659402463203 ] ], [ [ 4.943189787964414, 60.795079722358018 ], [ 4.943228028168886, 60.794884737963677 ], [ 4.943138625617154, 60.795097395421912 ], [ 4.943189787964414, 60.795079722358018 ] ], [ [ 4.943000119936642, 60.79514638831246 ], [ 4.942999654501416, 60.794968933111932 ], [ 4.942793492616631, 60.795174204925772 ], [ 4.943000119936642, 60.79514638831246 ] ], [ [ 4.935429865984485, 60.791037826040217 ], [ 4.935200159352694, 60.791157209698085 ], [ 4.935565840591404, 60.791036535625572 ], [ 4.935429865984485, 60.791037826040217 ] ], [ [ 4.945747637008478, 60.786588195438831 ], [ 4.94553116126857, 60.787197129403779 ], [ 4.946547637258569, 60.786332347607093 ], [ 4.945747637008478, 60.786588195438831 ] ], [ [ 4.945360920604767, 60.786711284238024 ], [ 4.944971829362192, 60.786504971620481 ], [ 4.944730753503629, 60.786873976477615 ], [ 4.945360920604767, 60.786711284238024 ] ], [ [ 4.948941282106968, 60.784705180526075 ], [ 4.94896666748095, 60.785131092461441 ], [ 4.949355462264277, 60.784730982421131 ], [ 4.948941282106968, 60.784705180526075 ] ], [ [ 4.94750028174563, 60.784714861286396 ], [ 4.947252202353873, 60.784772675664705 ], [ 4.947241275421108, 60.78483937665829 ], [ 4.94750028174563, 60.784714861286396 ] ], [ [ 4.947547332387824, 60.784022687926765 ], [ 4.947132253475914, 60.784134310915832 ], [ 4.947197513525524, 60.784189033159379 ], [ 4.947547332387824, 60.784022687926765 ] ], [ [ 4.948321239712747, 60.784524226433419 ], [ 4.948228714713242, 60.784507090149226 ], [ 4.948255593095313, 60.784546779138289 ], [ 4.948321239712747, 60.784524226433419 ] ], [ [ 4.960101543155933, 60.781914551109196 ], [ 4.959662046111641, 60.78192678690381 ], [ 4.959883398867019, 60.782035385556831 ], [ 4.960101543155933, 60.781914551109196 ] ], [ [ 4.960077515112065, 60.781804295888087 ], [ 4.963177582498347, 60.781275315443459 ], [ 4.963502659639594, 60.780035978751556 ], [ 4.961588859325712, 60.780245618050998 ], [ 4.960077515112065, 60.781804295888087 ] ], [ [ 4.963698087347571, 60.781080458616884 ], [ 4.96357997914202, 60.781042935438556 ], [ 4.963505279084379, 60.781145190043837 ], [ 4.963698087347571, 60.781080458616884 ] ], [ [ 4.958149314424595, 60.780068302196902 ], [ 4.957914696129587, 60.779486918744453 ], [ 4.957662057467814, 60.780113399661325 ], [ 4.958149314424595, 60.780068302196902 ] ], [ [ 4.96909856363415, 60.780107105100441 ], [ 4.968881612508365, 60.78014340936118 ], [ 4.969037679655843, 60.780185603207379 ], [ 4.96909856363415, 60.780107105100441 ] ], [ [ 4.957044427431613, 60.779351632682669 ], [ 4.957151322257993, 60.7793613406389 ], [ 4.957192456161048, 60.779339556925805 ], [ 4.957044427431613, 60.779351632682669 ] ], [ [ 4.968825079980876, 60.779390211722671 ], [ 4.96885937002796, 60.77993535366474 ], [ 4.969605542718258, 60.779465868352055 ], [ 4.968825079980876, 60.779390211722671 ] ], [ [ 4.969813764270057, 60.779928642954758 ], [ 4.969525128054725, 60.779920525170247 ], [ 4.969533505054116, 60.779997190911544 ], [ 4.969813764270057, 60.779928642954758 ] ], [ [ 4.966377320047301, 60.779445015279528 ], [ 4.966721199875769, 60.779010884224505 ], [ 4.965967638483255, 60.779192406998227 ], [ 4.966377320047301, 60.779445015279528 ] ], [ [ 4.961211700052227, 60.778779351115837 ], [ 4.962024484365616, 60.778633104001059 ], [ 4.962042448297691, 60.778486012939389 ], [ 4.961211700052227, 60.778779351115837 ] ], [ [ 4.962401370480543, 60.778435099364465 ], [ 4.962198489753723, 60.77849073972525 ], [ 4.962312632420002, 60.778476913528166 ], [ 4.962401370480543, 60.778435099364465 ] ], [ [ 4.961896854716333, 60.77836032968434 ], [ 4.962485539826748, 60.778387237480381 ], [ 4.962626432211425, 60.77817213041471 ], [ 4.961896854716333, 60.77836032968434 ] ], [ [ 4.977421106607125, 60.778215920115834 ], [ 4.980056075455193, 60.777316324192711 ], [ 4.980233297848219, 60.775135348513437 ], [ 4.977739483690357, 60.776424297394541 ], [ 4.977421106607125, 60.778215920115834 ] ], [ [ 4.970438458549478, 60.775042860702051 ], [ 4.97203065419596, 60.774280322732515 ], [ 4.970876690302116, 60.774497090000111 ], [ 4.970722087906, 60.774741218228812 ], [ 4.969979387676019, 60.774703442448242 ], [ 4.969621645591269, 60.7748076860818 ], [ 4.970438458549478, 60.775042860702051 ] ], [ [ 4.969557446194023, 60.774282192624831 ], [ 4.969425508931296, 60.77409092957452 ], [ 4.969292046404661, 60.77423228758289 ], [ 4.969557446194023, 60.774282192624831 ] ], [ [ 4.96191303881136, 60.774053483797459 ], [ 4.962051103122588, 60.774037121070315 ], [ 4.962043948695396, 60.774019925458333 ], [ 4.96191303881136, 60.774053483797459 ] ], [ [ 4.973085006810243, 60.774190897309282 ], [ 4.97245988397664, 60.774172959785204 ], [ 4.972331737115674, 60.774295169989436 ], [ 4.973085006810243, 60.774190897309282 ] ], [ [ 4.969992152490629, 60.773718870090065 ], [ 4.970450877782172, 60.77375087149602 ], [ 4.970488606390433, 60.77361314844358 ], [ 4.969992152490629, 60.773718870090065 ] ], [ [ 4.965365116600903, 60.772928243980409 ], [ 4.964678561635927, 60.772836474001735 ], [ 4.964462679471962, 60.773124485427815 ], [ 4.965365116600903, 60.772928243980409 ] ], [ [ 4.970397545822471, 60.773456561993441 ], [ 4.970268386781687, 60.773557332322561 ], [ 4.97048614423935, 60.773530050217424 ], [ 4.970397545822471, 60.773456561993441 ] ], [ [ 4.973205810933736, 60.773302373080405 ], [ 4.972984364076658, 60.773580108479493 ], [ 4.973615228389353, 60.773216684138362 ], [ 4.973205810933736, 60.773302373080405 ] ], [ [ 4.97155351497986, 60.773099019453063 ], [ 4.971809290133572, 60.772984089280556 ], [ 4.971578415876276, 60.772975534844115 ], [ 4.97155351497986, 60.773099019453063 ] ], [ [ 4.970130494178035, 60.772911684125781 ], [ 4.972482602980589, 60.772331871471273 ], [ 4.972554997315211, 60.771961062658839 ], [ 4.970130494178035, 60.772911684125781 ] ], [ [ 4.972878305746951, 60.771934139787881 ], [ 4.972812352642336, 60.77206457342605 ], [ 4.9732008534119, 60.77197884682073 ], [ 4.972878305746951, 60.771934139787881 ] ], [ [ 4.971546530108899, 60.770971559148407 ], [ 4.973319292198432, 60.770809729101671 ], [ 4.974313835021432, 60.770760501083146 ], [ 4.975391039731758, 60.770235601320337 ], [ 4.971546530108899, 60.770971559148407 ] ], [ [ 4.974210120840644, 60.771306355741309 ], [ 4.974136781140644, 60.771812232008195 ], [ 4.974603431112203, 60.771369614294208 ], [ 4.974210120840644, 60.771306355741309 ] ], [ [ 4.974332876882538, 60.771267464495338 ], [ 4.974781250198881, 60.771239474562165 ], [ 4.974893172999478, 60.7711345946663 ], [ 4.974332876882538, 60.771267464495338 ] ], [ [ 4.973315714984354, 60.771045160732506 ], [ 4.973577352872729, 60.770988419516584 ], [ 4.973577141974073, 60.770928663593786 ], [ 4.973315714984354, 60.771045160732506 ] ], [ [ 4.973827340604952, 60.770297464433717 ], [ 4.97363756242139, 60.770085367731973 ], [ 4.97369058902758, 60.770394224244264 ], [ 4.973827340604952, 60.770297464433717 ] ], [ [ 4.971430816801723, 60.770552337573115 ], [ 4.972026837656629, 60.769229908065022 ], [ 4.969258424710333, 60.771386374802397 ], [ 4.971430816801723, 60.770552337573115 ] ], [ [ 4.973492920438621, 60.76998656224017 ], [ 4.973333815065864, 60.77001456298747 ], [ 4.973353443535972, 60.770021565693739 ], [ 4.973492920438621, 60.76998656224017 ] ], [ [ 4.974581204724496, 60.769350810509856 ], [ 4.97478204835835, 60.769618773748554 ], [ 4.974969335912528, 60.769295465891098 ], [ 4.974581204724496, 60.769350810509856 ] ], [ [ 4.973785397970784, 60.770379383570145 ], [ 4.973754123512915, 60.770426897366853 ], [ 4.973809708071859, 60.770376239724243 ], [ 4.973785397970784, 60.770379383570145 ] ], [ [ 4.974237786737522, 60.770389081845742 ], [ 4.974381428071173, 60.77034733148772 ], [ 4.974363793675128, 60.770333419251422 ], [ 4.974237786737522, 60.770389081845742 ] ], [ [ 4.965035683103054, 60.772279343284545 ], [ 4.965204104102852, 60.772292244384687 ], [ 4.965215692772897, 60.772264335385515 ], [ 4.965035683103054, 60.772279343284545 ] ], [ [ 4.964702500551577, 60.772465263418233 ], [ 4.965003279459819, 60.772447610044118 ], [ 4.965021324803115, 60.772404529344563 ], [ 4.964702500551577, 60.772465263418233 ] ], [ [ 4.974607298713533, 60.76903280910706 ], [ 4.974509591620508, 60.76909205532484 ], [ 4.974644344294159, 60.769030354613328 ], [ 4.974607298713533, 60.76903280910706 ] ], [ [ 4.974394688239989, 60.768951776046919 ], [ 4.975592446536308, 60.768891717182377 ], [ 4.975496073609005, 60.768685041619776 ], [ 4.974394688239989, 60.768951776046919 ] ], [ [ 4.974202887734839, 60.76881474538952 ], [ 4.97484127749495, 60.768363727778897 ], [ 4.973842554002212, 60.768573123457905 ], [ 4.974202887734839, 60.76881474538952 ] ], [ [ 4.975899411739205, 60.76852159087489 ], [ 4.975581136594523, 60.768576686959257 ], [ 4.9757049550742, 60.768617709310817 ], [ 4.975899411739205, 60.76852159087489 ] ], [ [ 4.971935696996307, 60.768182011985715 ], [ 4.980952525156591, 60.766019872316249 ], [ 4.984307494601405, 60.762602160122754 ], [ 4.999307266017603, 60.755566899971136 ], [ 4.999521382863695, 60.754877126354067 ], [ 5.000999061646499, 60.754232969568463 ], [ 5.000561213154678, 60.753923045316327 ], [ 5.004831734633703, 60.751771918686316 ], [ 5.004893156159279, 60.750055494094731 ], [ 5.015311570006558, 60.744639749871133 ], [ 5.011235953002008, 60.743847410151581 ], [ 5.013867248371959, 60.742842897381728 ], [ 5.012340373475769, 60.740877168606161 ], [ 4.991738042508851, 60.746686439790231 ], [ 4.993765094150307, 60.747675604107833 ], [ 4.980583242749489, 60.753558683577332 ], [ 4.970777499357407, 60.765000043788874 ], [ 4.9721706543133, 60.766113912443302 ], [ 4.979187136019644, 60.76483332121736 ], [ 4.971935696996307, 60.768182011985715 ] ], [ [ 4.974543158463254, 60.768230532452939 ], [ 4.974954585098406, 60.768219216923249 ], [ 4.974980818971726, 60.768141905403475 ], [ 4.974543158463254, 60.768230532452939 ] ], [ [ 4.975414418420732, 60.767883074323684 ], [ 4.97554129480829, 60.768226556589291 ], [ 4.976536187641881, 60.767752829064527 ], [ 4.975414418420732, 60.767883074323684 ] ], [ [ 4.975993673670686, 60.767764396440022 ], [ 4.976136759170868, 60.767704409560935 ], [ 4.975953454876556, 60.767755206955655 ], [ 4.975993673670686, 60.767764396440022 ] ], [ [ 4.984592594446121, 60.767568037377799 ], [ 4.98451819713461, 60.767607414207212 ], [ 4.984528870140531, 60.767618175258903 ], [ 4.984592594446121, 60.767568037377799 ] ], [ [ 4.98794996130002, 60.766183614297717 ], [ 4.987553117869311, 60.766293278556681 ], [ 4.987872716859894, 60.76623264395721 ], [ 4.98794996130002, 60.766183614297717 ] ], [ [ 4.984642783280003, 60.765173397018408 ], [ 4.983970851441557, 60.765523081371619 ], [ 4.984849800266258, 60.765242225072981 ], [ 4.984642783280003, 60.765173397018408 ] ], [ [ 4.987634005895589, 60.765606407478359 ], [ 4.987673660651506, 60.765636187808774 ], [ 4.98766512530437, 60.765600425547611 ], [ 4.987634005895589, 60.765606407478359 ] ], [ [ 4.98873984391773, 60.764957494168435 ], [ 4.989266729001632, 60.765152245156429 ], [ 4.989630212770297, 60.76485170650588 ], [ 4.98873984391773, 60.764957494168435 ] ], [ [ 4.983829958196431, 60.764931362603988 ], [ 4.985053728445879, 60.764152611958494 ], [ 4.983533129511086, 60.764713021520201 ], [ 4.983829958196431, 60.764931362603988 ] ], [ [ 4.984533754637708, 60.765114218603827 ], [ 4.984610213099599, 60.765109392562387 ], [ 4.984597011092829, 60.76509726415425 ], [ 4.984533754637708, 60.765114218603827 ] ], [ [ 4.98497201269677, 60.765431650035097 ], [ 4.985098116113565, 60.765303304412654 ], [ 4.984864510479028, 60.765428705298625 ], [ 4.98497201269677, 60.765431650035097 ] ], [ [ 4.983920107196379, 60.765161455936237 ], [ 4.983988754566959, 60.765177312006017 ], [ 4.983997981243238, 60.765136280922519 ], [ 4.983920107196379, 60.765161455936237 ] ], [ [ 4.988257255954013, 60.764034554573179 ], [ 4.988047988418566, 60.764127399160024 ], [ 4.988240718470633, 60.764118209286231 ], [ 4.988257255954013, 60.764034554573179 ] ], [ [ 4.985155085565139, 60.763049655370921 ], [ 4.985244001620996, 60.76311627815361 ], [ 4.985400929854451, 60.763016324419752 ], [ 4.985155085565139, 60.763049655370921 ] ], [ [ 4.989093431079413, 60.763100117494112 ], [ 4.988758331886843, 60.763349933330602 ], [ 4.989229158472328, 60.763187914629114 ], [ 4.989093431079413, 60.763100117494112 ] ], [ [ 4.986360769975252, 60.76287253290689 ], [ 4.98674109837111, 60.762825169650085 ], [ 4.986731819637535, 60.76271540212965 ], [ 4.986360769975252, 60.76287253290689 ] ], [ [ 4.987026505226646, 60.762732001892012 ], [ 4.986917256825521, 60.762798078638227 ], [ 4.987049685673641, 60.762752394724778 ], [ 4.987026505226646, 60.762732001892012 ] ], [ [ 4.994521765029405, 60.762236193113445 ], [ 4.993944302793465, 60.762769532074081 ], [ 4.995170762078716, 60.762220988943263 ], [ 4.994521765029405, 60.762236193113445 ] ], [ [ 4.991262935226808, 60.76179719488497 ], [ 4.991976812056812, 60.76161229692643 ], [ 4.992061610028615, 60.761434583558334 ], [ 4.991262935226808, 60.76179719488497 ] ], [ [ 4.992261044285352, 60.761452232843382 ], [ 4.992242023818162, 60.761510899994398 ], [ 4.992302356940822, 60.761467926288176 ], [ 4.992261044285352, 60.761452232843382 ] ], [ [ 4.992320332369176, 60.761467832256706 ], [ 4.998939262472, 60.759258833180972 ], [ 5.00639241759789, 60.755109423357396 ], [ 4.997859320393052, 60.758075911392012 ], [ 4.992320332369176, 60.761467832256706 ] ], [ [ 4.998164670610948, 60.759623563631372 ], [ 4.997961001263207, 60.759631761695907 ], [ 4.997943078457487, 60.759674038631765 ], [ 4.998164670610948, 60.759623563631372 ] ], [ [ 5.000307425373069, 60.758882484878356 ], [ 5.000306827026988, 60.758916743450079 ], [ 5.000343776691934, 60.758876894287241 ], [ 5.000307425373069, 60.758882484878356 ] ], [ [ 5.016055775130006, 60.75804965850724 ], [ 5.014582066323565, 60.75776438944672 ], [ 5.014042476266997, 60.758685755352481 ], [ 5.016055775130006, 60.75804965850724 ] ], [ [ 5.018847621022817, 60.758687015580279 ], [ 5.01836181307065, 60.758678299629246 ], [ 5.01814533612753, 60.758996099481195 ], [ 5.018847621022817, 60.758687015580279 ] ], [ [ 5.020304693525025, 60.758930616692851 ], [ 5.025668513228931, 60.757263826054874 ], [ 5.027719525189486, 60.755748231547933 ], [ 5.021482591965276, 60.757241256146102 ], [ 5.020304693525025, 60.758930616692851 ] ], [ [ 5.025506443287903, 60.758784394557843 ], [ 5.02537454776437, 60.758783813560797 ], [ 5.025466921824027, 60.75882016419208 ], [ 5.025506443287903, 60.758784394557843 ] ], [ [ 5.029038466208798, 60.755703515039251 ], [ 5.028004313220493, 60.756256355482506 ], [ 5.029346603526061, 60.755953724548206 ], [ 5.029038466208798, 60.755703515039251 ] ], [ [ 5.027332299639689, 60.75551552124336 ], [ 5.02822969635511, 60.755381150590857 ], [ 5.028049718785392, 60.755216584333937 ], [ 5.027332299639689, 60.75551552124336 ] ], [ [ 5.030335483706679, 60.755598311084732 ], [ 5.030249348787246, 60.755676017385802 ], [ 5.030356616945915, 60.755604060453066 ], [ 5.030335483706679, 60.755598311084732 ] ], [ [ 5.030304457101094, 60.755313150273032 ], [ 5.031014939039698, 60.755379685397664 ], [ 5.031135696563105, 60.754868699283911 ], [ 5.030304457101094, 60.755313150273032 ] ], [ [ 5.057832578390966, 60.757971562334298 ], [ 5.057521859574444, 60.757370903926329 ], [ 5.057134780946492, 60.758012104757434 ], [ 5.057832578390966, 60.757971562334298 ] ], [ [ 5.053849409749396, 60.756960885304252 ], [ 5.054003021668492, 60.756924509919642 ], [ 5.053978914310178, 60.756905781027349 ], [ 5.053849409749396, 60.756960885304252 ] ], [ [ 5.053771732025442, 60.757052541258787 ], [ 5.053569740230276, 60.756985741000513 ], [ 5.053579024036051, 60.757068431721287 ], [ 5.053771732025442, 60.757052541258787 ] ], [ [ 5.053454408471091, 60.757096660343855 ], [ 5.053435521168558, 60.757065380255497 ], [ 5.053387084711155, 60.757103747093637 ], [ 5.053454408471091, 60.757096660343855 ] ], [ [ 5.053768720509539, 60.757072226423467 ], [ 5.053919926669661, 60.757093230803264 ], [ 5.053964503788721, 60.757066611744619 ], [ 5.053768720509539, 60.757072226423467 ] ], [ [ 5.053942946560086, 60.757026715097489 ], [ 5.054015291003101, 60.757029597266296 ], [ 5.053956365347669, 60.757012786761003 ], [ 5.053942946560086, 60.757026715097489 ] ], [ [ 5.05859104215754, 60.758062983127871 ], [ 5.058004346541277, 60.758214383033852 ], [ 5.058005299611196, 60.75833500340562 ], [ 5.058436791453014, 60.75821561141926 ], [ 5.05859104215754, 60.758062983127871 ] ], [ [ 5.058297317743247, 60.757821535344419 ], [ 5.058019192688645, 60.757896473498654 ], [ 5.058061376918146, 60.757939632356027 ], [ 5.058297317743247, 60.757821535344419 ] ], [ [ 5.035353455895552, 60.755404814810419 ], [ 5.035832549882544, 60.75533558491108 ], [ 5.035502281922429, 60.75525270665311 ], [ 5.035353455895552, 60.755404814810419 ] ], [ [ 5.054648073266362, 60.756671065540665 ], [ 5.054511282422422, 60.756740014818902 ], [ 5.054721686112549, 60.756676395388936 ], [ 5.054648073266362, 60.756671065540665 ] ], [ [ 5.016604886944363, 60.754145486703273 ], [ 5.019399947013129, 60.753508377112418 ], [ 5.019614712312556, 60.753047899890483 ], [ 5.016604886944363, 60.754145486703273 ] ], [ [ 5.054293620100631, 60.756505064838997 ], [ 5.054309834702331, 60.756575060878404 ], [ 5.054412174746838, 60.756478463402622 ], [ 5.054293620100631, 60.756505064838997 ] ], [ [ 5.035364994181669, 60.755164302017256 ], [ 5.035471392181593, 60.755083859351487 ], [ 5.035330265393408, 60.755132282578494 ], [ 5.035364994181669, 60.755164302017256 ] ], [ [ 5.054904969837689, 60.756237512319196 ], [ 5.054534373538686, 60.756288777221947 ], [ 5.054467263284225, 60.75632239771074 ], [ 5.054772920904808, 60.756306092698537 ], [ 5.054904969837689, 60.756237512319196 ] ], [ [ 5.055459362554853, 60.755478880395785 ], [ 5.070814091119936, 60.744514668059821 ], [ 5.06891175270804, 60.743165797949665 ], [ 5.068302079954224, 60.744637175586533 ], [ 5.066153178529796, 60.744336735168822 ], [ 5.065591860214634, 60.743853468624806 ], [ 5.062460253352381, 60.744844122217465 ], [ 5.058605832111915, 60.744014377474905 ], [ 5.058809242499181, 60.74211205185027 ], [ 5.060126654855102, 60.741183919338766 ], [ 5.061168815360068, 60.74139332439826 ], [ 5.061593524553071, 60.74132030732904 ], [ 5.05883881892809, 60.739954714150997 ], [ 5.053862306883154, 60.741368514827855 ], [ 5.054658298006234, 60.743085587082291 ], [ 5.05774238305539, 60.742758104024077 ], [ 5.057577573526468, 60.743737757868963 ], [ 5.055387666633676, 60.744730328811556 ], [ 5.058574440330427, 60.74473332729923 ], [ 5.054275457538336, 60.745764660903149 ], [ 5.050247514108069, 60.749864592296731 ], [ 5.05226353745173, 60.74979186893755 ], [ 5.050579314581771, 60.752075369818279 ], [ 5.055730176982601, 60.751426812114552 ], [ 5.055367042570841, 60.755125796974461 ], [ 5.053434797753959, 60.755335906017066 ], [ 5.055459362554853, 60.755478880395785 ] ], [ [ 5.060673372311551, 60.755042715907443 ], [ 5.061000463062848, 60.755033521533392 ], [ 5.060922883298372, 60.754958030877717 ], [ 5.060673372311551, 60.755042715907443 ] ], [ [ 5.062751521337304, 60.75494487099337 ], [ 5.062183522484124, 60.755121938284745 ], [ 5.062238801854136, 60.755229154888497 ], [ 5.062751521337304, 60.75494487099337 ] ], [ [ 5.058575610642918, 60.754565911246509 ], [ 5.058509374347204, 60.754494978317588 ], [ 5.058458086693626, 60.754572682515331 ], [ 5.058575610642918, 60.754565911246509 ] ], [ [ 5.061703874908247, 60.752381958184884 ], [ 5.061556952950243, 60.752390514385048 ], [ 5.061591421551944, 60.752426397799468 ], [ 5.061703874908247, 60.752381958184884 ] ], [ [ 5.061774416009205, 60.752283430439853 ], [ 5.061665135277996, 60.752329555478632 ], [ 5.061801361141574, 60.752338661266677 ], [ 5.061774416009205, 60.752283430439853 ] ], [ [ 5.065457504729181, 60.75045840042484 ], [ 5.065170551265997, 60.750478388346423 ], [ 5.065234539657285, 60.750513310993192 ], [ 5.065457504729181, 60.75045840042484 ] ], [ [ 5.069821817995878, 60.75009883070215 ], [ 5.069653493240689, 60.750025521408453 ], [ 5.069765402668675, 60.75012257785432 ], [ 5.069821817995878, 60.75009883070215 ] ], [ [ 5.070771558680307, 60.749477862551231 ], [ 5.071042063235965, 60.749521793697106 ], [ 5.070934845064998, 60.749454139656407 ], [ 5.070771558680307, 60.749477862551231 ] ], [ [ 5.06759413320155, 60.749054420189545 ], [ 5.067434015477689, 60.749137291847603 ], [ 5.067794005383648, 60.748995245639236 ], [ 5.06759413320155, 60.749054420189545 ] ], [ [ 5.072030725609705, 60.749002916072683 ], [ 5.072068583677388, 60.749040407132803 ], [ 5.072092962887066, 60.74902331477481 ], [ 5.072030725609705, 60.749002916072683 ] ], [ [ 5.067368793486958, 60.748052561010581 ], [ 5.067318044023348, 60.748093111315384 ], [ 5.06738351714736, 60.748055743546324 ], [ 5.067368793486958, 60.748052561010581 ] ], [ [ 5.069987385536405, 60.74797929297916 ], [ 5.070480319009142, 60.747969897706973 ], [ 5.070404802823861, 60.747743794008649 ], [ 5.072566746596096, 60.746715412150195 ], [ 5.071755924649358, 60.746614806707171 ], [ 5.069987385536405, 60.74797929297916 ] ], [ [ 5.072301149885035, 60.746889321053004 ], [ 5.07213529287249, 60.746949776701221 ], [ 5.0721403663229, 60.746962554398742 ], [ 5.072301149885035, 60.746889321053004 ] ], [ [ 5.072852438253925, 60.746585539658177 ], [ 5.073312000130846, 60.746594727260515 ], [ 5.073322237787552, 60.746388248035089 ], [ 5.072852438253925, 60.746585539658177 ] ], [ [ 5.072314279703298, 60.746259337360662 ], [ 5.072834965044226, 60.746195265654755 ], [ 5.072786612544207, 60.746113188462964 ], [ 5.072314279703298, 60.746259337360662 ] ], [ [ 5.072229766502707, 60.745888396529473 ], [ 5.072992286244235, 60.745827286810105 ], [ 5.073049947799905, 60.745709421750014 ], [ 5.072229766502707, 60.745888396529473 ] ], [ [ 5.07300966519524, 60.745939900387093 ], [ 5.073222062529491, 60.746009983938912 ], [ 5.073226402492037, 60.74591546459655 ], [ 5.07300966519524, 60.745939900387093 ] ], [ [ 5.071605844535395, 60.746214619627843 ], [ 5.071673780831051, 60.74621969781424 ], [ 5.071653819041996, 60.746185897206672 ], [ 5.071605844535395, 60.746214619627843 ] ], [ [ 5.070846567831749, 60.746968652041886 ], [ 5.070276705530219, 60.746431829802425 ], [ 5.070077790124987, 60.747079329812351 ], [ 5.070846567831749, 60.746968652041886 ] ], [ [ 5.070402020540886, 60.747070717262631 ], [ 5.070337781783667, 60.747192434163935 ], [ 5.070455701165078, 60.747157628413973 ], [ 5.070402020540886, 60.747070717262631 ] ], [ [ 5.072276274497043, 60.74631477860558 ], [ 5.072261757196602, 60.746402202390144 ], [ 5.072361838894468, 60.746329138005734 ], [ 5.072276274497043, 60.74631477860558 ] ], [ [ 5.071096676902044, 60.745174542369824 ], [ 5.071770838066766, 60.745472454831059 ], [ 5.072088691234464, 60.745269692615686 ], [ 5.071096676902044, 60.745174542369824 ] ], [ [ 5.072384042781864, 60.745109411877898 ], [ 5.075750645521015, 60.74382477969435 ], [ 5.076503727720371, 60.742106903548901 ], [ 5.071923891310179, 60.742738763251893 ], [ 5.072384042781864, 60.745109411877898 ] ], [ [ 5.077752997998339, 60.743153195066803 ], [ 5.077442757428767, 60.743172823523309 ], [ 5.077419307348179, 60.743288358310018 ], [ 5.077752997998339, 60.743153195066803 ] ], [ [ 5.076918860093534, 60.742606434638219 ], [ 5.076899575018984, 60.742658207223506 ], [ 5.076930422606388, 60.742607298524845 ], [ 5.076918860093534, 60.742606434638219 ] ], [ [ 5.078754736993909, 60.742413991419589 ], [ 5.079099158222254, 60.742425239658637 ], [ 5.079006466860989, 60.742313970686205 ], [ 5.078754736993909, 60.742413991419589 ] ], [ [ 5.078540772279857, 60.742374478232612 ], [ 5.078428680731454, 60.74224420272607 ], [ 5.078286123606286, 60.74236821545496 ], [ 5.078540772279857, 60.742374478232612 ] ], [ [ 5.071387070331905, 60.742013820688292 ], [ 5.071426683751538, 60.741430523972575 ], [ 5.070594631873926, 60.741765794196724 ], [ 5.071387070331905, 60.742013820688292 ] ], [ [ 5.078450640478891, 60.742005930764293 ], [ 5.078313975830318, 60.742107487431291 ], [ 5.07848540439992, 60.74200590328617 ], [ 5.078450640478891, 60.742005930764293 ] ], [ [ 5.066137371965152, 60.742446441534604 ], [ 5.073964974949184, 60.739283290354216 ], [ 5.071044831163873, 60.737521433119355 ], [ 5.060743121223112, 60.740560799776112 ], [ 5.067338232570922, 60.741610889983271 ], [ 5.066137371965152, 60.742446441534604 ] ], [ [ 5.076131902213771, 60.741319108732569 ], [ 5.07641562063723, 60.741364924355864 ], [ 5.076303265070382, 60.741269921387207 ], [ 5.076131902213771, 60.741319108732569 ] ], [ [ 5.071875948905427, 60.740667078027698 ], [ 5.072000439669829, 60.740692312397314 ], [ 5.07199089296989, 60.740642909862622 ], [ 5.071875948905427, 60.740667078027698 ] ], [ [ 5.07463852226533, 60.740258081964193 ], [ 5.074644987722809, 60.740406893606114 ], [ 5.075105491495279, 60.740218318508937 ], [ 5.07463852226533, 60.740258081964193 ] ], [ [ 5.075496513853925, 60.740258490297954 ], [ 5.075641236428616, 60.740388402171796 ], [ 5.075636655057991, 60.74033195030632 ], [ 5.075496513853925, 60.740258490297954 ] ], [ [ 5.075766237607301, 60.74030706299331 ], [ 5.07988179681697, 60.739258871804893 ], [ 5.079251903894582, 60.739060505356001 ], [ 5.079305389055889, 60.738463046938797 ], [ 5.078455423254998, 60.738258552262899 ], [ 5.078478659793289, 60.737966348378833 ], [ 5.075766237607301, 60.74030706299331 ] ], [ [ 5.081751144769172, 60.736985719162341 ], [ 5.08196979931046, 60.738235178008452 ], [ 5.083948614251099, 60.737811361063201 ], [ 5.081751144769172, 60.736985719162341 ] ], [ [ 5.088399068034851, 60.738455444638298 ], [ 5.088342598383495, 60.739003082638092 ], [ 5.088996981763802, 60.738268032510192 ], [ 5.088399068034851, 60.738455444638298 ] ], [ [ 5.088352887212711, 60.738470187973903 ], [ 5.088420699882647, 60.738351539261714 ], [ 5.088267383595169, 60.738482991957895 ], [ 5.088352887212711, 60.738470187973903 ] ], [ [ 5.082423142223968, 60.738279350864964 ], [ 5.082497052227077, 60.738252743538148 ], [ 5.082429657131411, 60.738247167559258 ], [ 5.082423142223968, 60.738279350864964 ] ], [ [ 5.086169384555655, 60.737955352752969 ], [ 5.094463679765751, 60.736566870411217 ], [ 5.094782472132938, 60.735516729208783 ], [ 5.098768194952462, 60.732186982094355 ], [ 5.098582965545831, 60.730463075402056 ], [ 5.096195997312734, 60.73102740100088 ], [ 5.098666319684683, 60.727577597016094 ], [ 5.092678038765689, 60.728227808570601 ], [ 5.09797901702527, 60.725101513746623 ], [ 5.099671464370236, 60.724501140051487 ], [ 5.102004002693089, 60.724796225814799 ], [ 5.104049826928721, 60.722684642047163 ], [ 5.085165405478126, 60.724209025348642 ], [ 5.079849595337246, 60.728230863957883 ], [ 5.078828022775838, 60.728322407628205 ], [ 5.080188700162629, 60.727127415685487 ], [ 5.081050524806706, 60.726824833700377 ], [ 5.081616775347729, 60.726369487632311 ], [ 5.074411449045972, 60.729866549092584 ], [ 5.07063830835967, 60.730647897092624 ], [ 5.081620141411842, 60.729916717764588 ], [ 5.082010515424635, 60.730277190772881 ], [ 5.081296134298934, 60.730679847966272 ], [ 5.080793367132066, 60.731638856496225 ], [ 5.080894102384623, 60.732038057852975 ], [ 5.091296363643004, 60.728895464878114 ], [ 5.077714963392427, 60.736387462285023 ], [ 5.08009055492103, 60.738192193582144 ], [ 5.080397788900529, 60.736700289507219 ], [ 5.082884477503556, 60.735709177706539 ], [ 5.086169384555655, 60.737955352752969 ] ], [ [ 5.095733006955751, 60.738027491684313 ], [ 5.095833015893171, 60.738034588056024 ], [ 5.0957898243717, 60.73800765697608 ], [ 5.095733006955751, 60.738027491684313 ] ], [ [ 5.09226118698893, 60.737022471079939 ], [ 5.091152199090662, 60.737643523566177 ], [ 5.092251961534262, 60.73730214152171 ], [ 5.09226118698893, 60.737022471079939 ] ], [ [ 5.091293972874877, 60.737503967425681 ], [ 5.091373892680235, 60.73745445584693 ], [ 5.091259122309245, 60.737506072977965 ], [ 5.091293972874877, 60.737503967425681 ] ], [ [ 5.095752404244008, 60.735075415472608 ], [ 5.095699973903526, 60.735110870920352 ], [ 5.095775064608302, 60.735080996855437 ], [ 5.095752404244008, 60.735075415472608 ] ], [ [ 5.098450038998119, 60.73508445931575 ], [ 5.098401074267931, 60.735067777057125 ], [ 5.098384096049929, 60.735115831303332 ], [ 5.098450038998119, 60.73508445931575 ] ], [ [ 5.10011265819202, 60.733262220213803 ], [ 5.100105863765704, 60.733296554418189 ], [ 5.100139981865178, 60.733275388161786 ], [ 5.10011265819202, 60.733262220213803 ] ], [ [ 5.100173091795051, 60.733247359583338 ], [ 5.100247374059813, 60.733236698689581 ], [ 5.100243030272398, 60.733216194384532 ], [ 5.100173091795051, 60.733247359583338 ] ], [ [ 5.100035491508028, 60.733261354069569 ], [ 5.10019203859005, 60.733216736706581 ], [ 5.100177359885488, 60.733196185884353 ], [ 5.100035491508028, 60.733261354069569 ] ], [ [ 5.101233344954663, 60.730577062619709 ], [ 5.101697235643133, 60.730684491990317 ], [ 5.102005593023499, 60.730297082429651 ], [ 5.101233344954663, 60.730577062619709 ] ], [ [ 5.101572921515688, 60.73030265669167 ], [ 5.101764881938856, 60.73026592696062 ], [ 5.101635710109411, 60.730270686715635 ], [ 5.101572921515688, 60.73030265669167 ] ], [ [ 5.100439575956452, 60.730261061445951 ], [ 5.100477343671895, 60.73016632323916 ], [ 5.100424539159902, 60.730254148699444 ], [ 5.100439575956452, 60.730261061445951 ] ], [ [ 5.099418390255012, 60.730209991584118 ], [ 5.099228207073136, 60.730150653862843 ], [ 5.099180430992575, 60.73024844645753 ], [ 5.099418390255012, 60.730209991584118 ] ], [ [ 5.099372721970147, 60.730267127936237 ], [ 5.09914289795088, 60.730348360241265 ], [ 5.099212759355955, 60.730413115348661 ], [ 5.099372721970147, 60.730267127936237 ] ], [ [ 5.101326708577439, 60.730472894490624 ], [ 5.10119557164846, 60.730523207441905 ], [ 5.101213909998521, 60.730537334337043 ], [ 5.101326708577439, 60.730472894490624 ] ], [ [ 5.100705680684943, 60.730419176977058 ], [ 5.100867123102191, 60.730385512518218 ], [ 5.100776528428438, 60.730344641938323 ], [ 5.100705680684943, 60.730419176977058 ] ], [ [ 5.100115709897443, 60.730573467855614 ], [ 5.100202050514429, 60.730569769521004 ], [ 5.100172194154922, 60.730545734202813 ], [ 5.100115709897443, 60.730573467855614 ] ], [ [ 5.099590533641273, 60.727480273734415 ], [ 5.09990333048056, 60.727615901570793 ], [ 5.100135063746978, 60.727448207513774 ], [ 5.099590533641273, 60.727480273734415 ] ], [ [ 5.127427283480383, 60.729588448200481 ], [ 5.137320517240705, 60.726250382537557 ], [ 5.140174448356201, 60.722820950129794 ], [ 5.124231024070546, 60.728174110653427 ], [ 5.129307913739115, 60.72793191684066 ], [ 5.127427283480383, 60.729588448200481 ] ], [ [ 5.132766478635737, 60.729994159836821 ], [ 5.132353115864644, 60.730224961858546 ], [ 5.13281395283597, 60.730155231468601 ], [ 5.132766478635737, 60.729994159836821 ] ], [ [ 5.131077115645228, 60.728783363588121 ], [ 5.131427233669191, 60.72901543143719 ], [ 5.131571581934501, 60.728718943044811 ], [ 5.131077115645228, 60.728783363588121 ] ], [ [ 5.131738477811569, 60.728232199626781 ], [ 5.131682454373412, 60.728299704762733 ], [ 5.131770736913998, 60.72825749113575 ], [ 5.131738477811569, 60.728232199626781 ] ], [ [ 5.137601281853784, 60.726193324807099 ], [ 5.137424190517996, 60.726218086517861 ], [ 5.13741163428338, 60.726281311140831 ], [ 5.137601281853784, 60.726193324807099 ] ], [ [ 5.123316269659586, 60.725156039217531 ], [ 5.123385959850342, 60.725117787108488 ], [ 5.123275871614157, 60.725145704327261 ], [ 5.123316269659586, 60.725156039217531 ] ], [ [ 5.122405713622271, 60.725269468265253 ], [ 5.119172013500887, 60.726520359770838 ], [ 5.119473498026436, 60.728066687005523 ], [ 5.123500220879667, 60.726568997134734 ], [ 5.122405713622271, 60.725269468265253 ] ], [ [ 5.099468424324918, 60.725333849869386 ], [ 5.099548015138869, 60.724973188430674 ], [ 5.099292247972411, 60.725329400022218 ], [ 5.099468424324918, 60.725333849869386 ] ], [ [ 5.101083208026346, 60.727074114508632 ], [ 5.102161143702689, 60.726398841266324 ], [ 5.100059765186264, 60.727063327527738 ], [ 5.101083208026346, 60.727074114508632 ] ], [ [ 5.09632593811819, 60.726328502719426 ], [ 5.09655542505563, 60.726181732463679 ], [ 5.096307957601431, 60.726329876399021 ], [ 5.09632593811819, 60.726328502719426 ] ], [ [ 5.09745886167018, 60.726678246832179 ], [ 5.097462455029476, 60.726672632616484 ], [ 5.097414366003814, 60.726678729056914 ], [ 5.09745886167018, 60.726678246832179 ] ], [ [ 5.096014402786173, 60.726688604855276 ], [ 5.09607071322949, 60.726695882082048 ], [ 5.096074291268889, 60.726689723773497 ], [ 5.096014402786173, 60.726688604855276 ] ], [ [ 5.102212550433948, 60.726842840819906 ], [ 5.102172820516871, 60.727690079274808 ], [ 5.103133230379548, 60.726803147688884 ], [ 5.102212550433948, 60.726842840819906 ] ], [ [ 5.112694938171296, 60.728134661429081 ], [ 5.113538964253565, 60.728243115829848 ], [ 5.113414995106822, 60.727756171213862 ], [ 5.112694938171296, 60.728134661429081 ] ], [ [ 5.113918323098746, 60.727741884818847 ], [ 5.114247513004641, 60.727730830083111 ], [ 5.114153236522816, 60.727650602010932 ], [ 5.113918323098746, 60.727741884818847 ] ], [ [ 5.114892213409147, 60.727898640263696 ], [ 5.114823269284638, 60.727902285443101 ], [ 5.114843681434589, 60.727916293111569 ], [ 5.114892213409147, 60.727898640263696 ] ], [ [ 5.113946034325614, 60.727601421168956 ], [ 5.114471227216331, 60.727535731741618 ], [ 5.114073421641763, 60.727471998510524 ], [ 5.113946034325614, 60.727601421168956 ] ], [ [ 5.113904938958353, 60.727701071284301 ], [ 5.113969316354942, 60.727682969645628 ], [ 5.113940850963647, 60.727677049571504 ], [ 5.113904938958353, 60.727701071284301 ] ], [ [ 5.112122123036459, 60.727963867903512 ], [ 5.111724447290749, 60.727866383195703 ], [ 5.111984039758139, 60.728313387446043 ], [ 5.112884290422511, 60.727962797031303 ], [ 5.112122123036459, 60.727963867903512 ] ], [ [ 5.112289782496854, 60.727714283819729 ], [ 5.112358629191355, 60.727714523931787 ], [ 5.112299496049757, 60.727684782330158 ], [ 5.112289782496854, 60.727714283819729 ] ], [ [ 5.124380228330906, 60.726893257320455 ], [ 5.124589147163664, 60.727028696948963 ], [ 5.124687441201411, 60.726960175346733 ], [ 5.124380228330906, 60.726893257320455 ] ], [ [ 5.123771360083569, 60.726846975883397 ], [ 5.12410805328558, 60.726727050844865 ], [ 5.124030956546539, 60.726677156599472 ], [ 5.123771360083569, 60.726846975883397 ] ], [ [ 5.124614705824032, 60.725683539167036 ], [ 5.125088531848113, 60.72556521499169 ], [ 5.124535618793057, 60.725625171882612 ], [ 5.124614705824032, 60.725683539167036 ] ], [ [ 5.127779115935762, 60.725681042752463 ], [ 5.127525567465334, 60.725869596805566 ], [ 5.128171774240535, 60.725736931499569 ], [ 5.127779115935762, 60.725681042752463 ] ], [ [ 5.12829496328625, 60.725727539591723 ], [ 5.128212487601163, 60.725745659378418 ], [ 5.128300385809902, 60.725739254125287 ], [ 5.12829496328625, 60.725727539591723 ] ], [ [ 5.095991500124486, 60.727686785275651 ], [ 5.096079981447026, 60.727604880276466 ], [ 5.095901607520173, 60.727671030398753 ], [ 5.095991500124486, 60.727686785275651 ] ], [ [ 5.097968765643367, 60.725330607816296 ], [ 5.098111898360689, 60.725298116281316 ], [ 5.098160652964022, 60.725248269522723 ], [ 5.097968765643367, 60.725330607816296 ] ], [ [ 5.123114220626434, 60.724799493281203 ], [ 5.123188555695694, 60.724967908173078 ], [ 5.123404924412774, 60.724862382100582 ], [ 5.123114220626434, 60.724799493281203 ] ], [ [ 5.123566642142962, 60.724879479030648 ], [ 5.123460773212965, 60.724962910186349 ], [ 5.123590845468873, 60.724914037396545 ], [ 5.123566642142962, 60.724879479030648 ] ], [ [ 5.101613544645259, 60.722468816353789 ], [ 5.101938050478131, 60.722379348574322 ], [ 5.101862630596206, 60.722356893602239 ], [ 5.101613544645259, 60.722468816353789 ] ], [ [ 5.103029533674412, 60.722346062286469 ], [ 5.103581355857275, 60.722437693411145 ], [ 5.103661975425982, 60.722336376314871 ], [ 5.103029533674412, 60.722346062286469 ] ], [ [ 5.10210151385361, 60.722297420792565 ], [ 5.102492637307554, 60.722113645615181 ], [ 5.102053150412512, 60.722289561860528 ], [ 5.10210151385361, 60.722297420792565 ] ], [ [ 5.104677022523676, 60.72229755990832 ], [ 5.104539141440218, 60.72230013325796 ], [ 5.104529210973513, 60.722332695061816 ], [ 5.104677022523676, 60.72229755990832 ] ], [ [ 5.100263428934002, 60.722149512481643 ], [ 5.10083842643601, 60.721280740827645 ], [ 5.099916280194485, 60.721605631640998 ], [ 5.098363644999201, 60.722617955417945 ], [ 5.09779591724529, 60.722802755691994 ], [ 5.100263428934002, 60.722149512481643 ] ], [ [ 5.102155872974215, 60.721843026666747 ], [ 5.103881295824572, 60.721858171757908 ], [ 5.105164871199728, 60.721063650652653 ], [ 5.102155872974215, 60.721843026666747 ] ], [ [ 5.105056308361871, 60.721568390848638 ], [ 5.10501611561111, 60.721615710078567 ], [ 5.105121545896492, 60.721568909385105 ], [ 5.105056308361871, 60.721568390848638 ] ], [ [ 5.105403987784031, 60.721430418378645 ], [ 5.105564009249617, 60.721463610766747 ], [ 5.10562773169885, 60.721398226792871 ], [ 5.105403987784031, 60.721430418378645 ] ], [ [ 5.105050160590524, 60.72144187396519 ], [ 5.10513284837509, 60.721416544803169 ], [ 5.105032893443593, 60.721439772555463 ], [ 5.105050160590524, 60.72144187396519 ] ], [ [ 5.105344349974928, 60.721143631259487 ], [ 5.105432327942276, 60.721274346475163 ], [ 5.105487464535125, 60.7211093219003 ], [ 5.105344349974928, 60.721143631259487 ] ], [ [ 5.105674983400643, 60.721058141550216 ], [ 5.105700766858915, 60.72110657719734 ], [ 5.105731348809917, 60.721055102799994 ], [ 5.105674983400643, 60.721058141550216 ] ], [ [ 5.102063826923973, 60.720303815614386 ], [ 5.102972263061502, 60.720296975073772 ], [ 5.103416019711085, 60.719999570141702 ], [ 5.102063826923973, 60.720303815614386 ] ], [ [ 5.103751006615791, 60.720035039372377 ], [ 5.103724033701095, 60.720086782445065 ], [ 5.103790861571401, 60.720036381431179 ], [ 5.103751006615791, 60.720035039372377 ] ], [ [ 5.095916139914151, 60.720593895357268 ], [ 5.106783557648684, 60.716184487730786 ], [ 5.089436011781367, 60.722874148370195 ], [ 5.096139218961672, 60.721395768705193 ], [ 5.0970337635785, 60.722873053890794 ], [ 5.100048195728156, 60.721139554894364 ], [ 5.095916139914151, 60.720593895357268 ] ], [ [ 5.101061133430311, 60.71926799778651 ], [ 5.100790281303704, 60.719348974396077 ], [ 5.100780890346211, 60.719420217616474 ], [ 5.101061133430311, 60.71926799778651 ] ], [ [ 5.104433001710722, 60.719612319162103 ], [ 5.11054167889767, 60.718305966946566 ], [ 5.113363630831161, 60.715973754982713 ], [ 5.105256498476208, 60.718621522755846 ], [ 5.104433001710722, 60.719612319162103 ] ], [ [ 5.115904014104352, 60.718646863874405 ], [ 5.115585147157041, 60.718795240024889 ], [ 5.116044108563352, 60.718683537174726 ], [ 5.115904014104352, 60.718646863874405 ] ], [ [ 5.114910669295925, 60.717423100117074 ], [ 5.114752661855078, 60.717421560022558 ], [ 5.114758986847022, 60.717449993299162 ], [ 5.114910669295925, 60.717423100117074 ] ], [ [ 5.103847682001225, 60.718491622668886 ], [ 5.104065538009163, 60.718415286999331 ], [ 5.104064886154633, 60.718394786662088 ], [ 5.103847682001225, 60.718491622668886 ] ], [ [ 5.103188305250611, 60.719147238778262 ], [ 5.104027289461767, 60.718909521832842 ], [ 5.104303307976404, 60.718691734790788 ], [ 5.103188305250611, 60.719147238778262 ] ], [ [ 5.100994290934536, 60.719323192689217 ], [ 5.101058492494486, 60.71930979050024 ], [ 5.101050866730938, 60.719304606634338 ], [ 5.100994290934536, 60.719323192689217 ] ], [ [ 5.105786082544886, 60.716197109568064 ], [ 5.106452434526254, 60.716123611970197 ], [ 5.106683723203868, 60.71591470519175 ], [ 5.105786082544886, 60.716197109568064 ] ], [ [ 5.059218892432746, 60.714346869337319 ], [ 5.062473571421282, 60.712125267970634 ], [ 5.063609569052262, 60.710670821118185 ], [ 5.06428516862682, 60.710337317792025 ], [ 5.071440318636538, 60.710109145628607 ], [ 5.071446450123771, 60.709565433784391 ], [ 5.072505378945553, 60.708909253825922 ], [ 5.07283331082262, 60.708962200127687 ], [ 5.072807797735332, 60.708678297551593 ], [ 5.070350896603268, 60.70903559094566 ], [ 5.076023273840249, 60.706873877165854 ], [ 5.071939927050162, 60.709707690365299 ], [ 5.081406363696964, 60.707801551649851 ], [ 5.086335179561213, 60.702248435908416 ], [ 5.084857524470796, 60.70279821098034 ], [ 5.083901348164703, 60.702656719869978 ], [ 5.083778185605565, 60.701797840251615 ], [ 5.08599691816695, 60.700035680332263 ], [ 5.090481636357376, 60.699070784493216 ], [ 5.096288059806522, 60.69491047759422 ], [ 5.076267935453608, 60.703101747082854 ], [ 5.074231813673505, 60.705575909953652 ], [ 5.070655858008505, 60.707426075504195 ], [ 5.070287985584621, 60.707509684027393 ], [ 5.069723497042984, 60.707401653857531 ], [ 5.0697523350074, 60.706415289167467 ], [ 5.066693898952598, 60.707563077533521 ], [ 5.066104574555826, 60.706549442191772 ], [ 5.068426133259432, 60.705705718191453 ], [ 5.068873733452344, 60.70508762060787 ], [ 5.066244602463335, 60.706374490116154 ], [ 5.063649975351717, 60.707047053607404 ], [ 5.052910742258824, 60.71443491860375 ], [ 5.059218892432746, 60.714346869337319 ] ], [ [ 5.106971073829575, 60.715023127292838 ], [ 5.107161256264258, 60.715086982170511 ], [ 5.107444668720593, 60.714851734394642 ], [ 5.106971073829575, 60.715023127292838 ] ], [ [ 5.109654496019582, 60.714205307834455 ], [ 5.110354299998652, 60.714179170405345 ], [ 5.110526146252481, 60.713869454944771 ], [ 5.109654496019582, 60.714205307834455 ] ], [ [ 5.067203724276884, 60.710585823270229 ], [ 5.067462443046834, 60.710571700797026 ], [ 5.067374146317343, 60.710514865475645 ], [ 5.067203724276884, 60.710585823270229 ] ], [ [ 5.063918442616966, 60.710821641191444 ], [ 5.063986573505596, 60.710810451795282 ], [ 5.06399230143712, 60.710788527083963 ], [ 5.063918442616966, 60.710821641191444 ] ], [ [ 5.063728461632929, 60.71092271526733 ], [ 5.063703657451305, 60.710837598097207 ], [ 5.063608137244089, 60.710913525921761 ], [ 5.063728461632929, 60.71092271526733 ] ], [ [ 5.072401419716718, 60.70910781474592 ], [ 5.072324867882258, 60.709118197219084 ], [ 5.072344277445769, 60.709143631317772 ], [ 5.072401419716718, 60.70910781474592 ] ], [ [ 5.073369029678769, 60.708441721772267 ], [ 5.073445280424413, 60.708548512065356 ], [ 5.073477850542251, 60.708414295173419 ], [ 5.073369029678769, 60.708441721772267 ] ], [ [ 5.072902486940316, 60.708372526107247 ], [ 5.073362657483735, 60.708274818070031 ], [ 5.073596053083333, 60.708100598981353 ], [ 5.072902486940316, 60.708372526107247 ] ], [ [ 5.124082493901906, 60.709632661081827 ], [ 5.123819926372671, 60.709786324915676 ], [ 5.124111358252541, 60.709668833446813 ], [ 5.124082493901906, 60.709632661081827 ] ], [ [ 5.089954741304267, 60.703404294949316 ], [ 5.095251392634069, 60.70341475680398 ], [ 5.107525495590407, 60.697611031999685 ], [ 5.109452824816241, 60.697819042942115 ], [ 5.108062287083956, 60.696384686210656 ], [ 5.137971077387127, 60.688473675645568 ], [ 5.141737797295201, 60.685350168282923 ], [ 5.139837661823445, 60.683919410288276 ], [ 5.147687589886126, 60.683581543954887 ], [ 5.151516674821658, 60.681684764608455 ], [ 5.145342608196186, 60.681114420587726 ], [ 5.147311963477341, 60.679914344472259 ], [ 5.144820661477765, 60.679497905996776 ], [ 5.132331893229297, 60.681950959544928 ], [ 5.135967486972147, 60.682286495292907 ], [ 5.13531598322842, 60.68265239857427 ], [ 5.128331734775865, 60.682711713688199 ], [ 5.117168895372136, 60.687316828987598 ], [ 5.117584519798306, 60.687321456578324 ], [ 5.11668817008138, 60.688494421572173 ], [ 5.117075687058755, 60.689360609469951 ], [ 5.115326532902754, 60.688417773494336 ], [ 5.112450017604077, 60.690445012110736 ], [ 5.110026039979894, 60.689737221957699 ], [ 5.098789520644621, 60.694218736187082 ], [ 5.088860743782102, 60.701211678251376 ], [ 5.089954741304267, 60.703404294949316 ] ], [ [ 5.13166717497334, 60.704286411800588 ], [ 5.132132316962765, 60.704487860115862 ], [ 5.132271669768659, 60.70422077890106 ], [ 5.13166717497334, 60.704286411800588 ] ], [ [ 5.132400523661822, 60.704238141322278 ], [ 5.132285083404692, 60.704271093230041 ], [ 5.132298868588362, 60.704278452458112 ], [ 5.132400523661822, 60.704238141322278 ] ], [ [ 5.09850609182464, 60.702015152879831 ], [ 5.098598922153614, 60.701935023240665 ], [ 5.098559772989324, 60.701930292302038 ], [ 5.09850609182464, 60.702015152879831 ] ], [ [ 5.13217389267338, 60.704129262936732 ], [ 5.132418245878973, 60.704143901600943 ], [ 5.132388578441962, 60.704106133297813 ], [ 5.13217389267338, 60.704129262936732 ] ], [ [ 5.133179144014948, 60.70409667992822 ], [ 5.133079075472131, 60.70409249805401 ], [ 5.133034844571267, 60.704128029858985 ], [ 5.133179144014948, 60.70409667992822 ] ], [ [ 5.133197817962698, 60.703995181309949 ], [ 5.133565756907357, 60.703980366518692 ], [ 5.133502895341635, 60.7039275527641 ], [ 5.133197817962698, 60.703995181309949 ] ], [ [ 5.132959077672611, 60.702835541167666 ], [ 5.133505156300739, 60.702917402863051 ], [ 5.133478172441675, 60.702768350981962 ], [ 5.132959077672611, 60.702835541167666 ] ], [ [ 5.133596345912034, 60.702768901798528 ], [ 5.133862859091907, 60.70277215520376 ], [ 5.133781744196116, 60.702718075026603 ], [ 5.133596345912034, 60.702768901798528 ] ], [ [ 5.133493455679531, 60.702759533321121 ], [ 5.133545104652436, 60.702626643108772 ], [ 5.133419721787548, 60.702746631509953 ], [ 5.133493455679531, 60.702759533321121 ] ], [ [ 5.133362219245758, 60.702735569795358 ], [ 5.13339412817418, 60.702726721316459 ], [ 5.133407943253651, 60.702708926521851 ], [ 5.133362219245758, 60.702735569795358 ] ], [ [ 5.133961080712909, 60.70244699802462 ], [ 5.134245087946143, 60.702516613337444 ], [ 5.134052159848044, 60.702395493520378 ], [ 5.133961080712909, 60.70244699802462 ] ], [ [ 5.134146229663313, 60.702345659127708 ], [ 5.135334412721615, 60.702115459209736 ], [ 5.135872478499464, 60.702051932849471 ], [ 5.135884331496826, 60.701850117677843 ], [ 5.134146229663313, 60.702345659127708 ] ], [ [ 5.135345057520595, 60.702207554287099 ], [ 5.135558802349578, 60.702232762190732 ], [ 5.135470678814286, 60.702163140949814 ], [ 5.135345057520595, 60.702207554287099 ] ], [ [ 5.136775178651183, 60.701938226537543 ], [ 5.136699908129723, 60.701998327633149 ], [ 5.136840638413974, 60.701997565968824 ], [ 5.136775178651183, 60.701938226537543 ] ], [ [ 5.136914561376988, 60.701698925607388 ], [ 5.138386324297173, 60.701560447532273 ], [ 5.138676197111556, 60.701164018610356 ], [ 5.136914561376988, 60.701698925607388 ] ], [ [ 5.139309112233168, 60.701893875370828 ], [ 5.1394015591905, 60.701883279811035 ], [ 5.139396301202937, 60.701862076711642 ], [ 5.139309112233168, 60.701893875370828 ] ], [ [ 5.138590223660707, 60.701129216698099 ], [ 5.138673656725168, 60.701148356237098 ], [ 5.138705357288795, 60.70112465097116 ], [ 5.138590223660707, 60.701129216698099 ] ], [ [ 5.138385979354173, 60.701216563786254 ], [ 5.138344271699571, 60.701171749135803 ], [ 5.138268951265434, 60.701232028135522 ], [ 5.138385979354173, 60.701216563786254 ] ], [ [ 5.141295981017688, 60.701152253496353 ], [ 5.141172310514686, 60.701223239314977 ], [ 5.141333846368644, 60.701153980494865 ], [ 5.141295981017688, 60.701152253496353 ] ], [ [ 5.108186807386358, 60.698330253836659 ], [ 5.108582672183092, 60.698514506447452 ], [ 5.108741803732149, 60.698191362348254 ], [ 5.108186807386358, 60.698330253836659 ] ], [ [ 5.141534855537953, 60.701074080491821 ], [ 5.141429470290304, 60.701113396499004 ], [ 5.141443518432005, 60.701126475039075 ], [ 5.141534855537953, 60.701074080491821 ] ], [ [ 5.142468111729739, 60.700643998085489 ], [ 5.143395059206568, 60.700618829110496 ], [ 5.143337049923184, 60.700489375478213 ], [ 5.142468111729739, 60.700643998085489 ] ], [ [ 5.147294954105517, 60.699563590440619 ], [ 5.147267314830219, 60.699599271773835 ], [ 5.147318825070731, 60.699572963637934 ], [ 5.147294954105517, 60.699563590440619 ] ], [ [ 5.148083554724747, 60.699534362763934 ], [ 5.148045506213117, 60.699584020934445 ], [ 5.148103739100918, 60.699535951665936 ], [ 5.148083554724747, 60.699534362763934 ] ], [ [ 5.148715222647672, 60.699135331985374 ], [ 5.148606232266428, 60.699175018704075 ], [ 5.148597069704846, 60.699191531151207 ], [ 5.148715222647672, 60.699135331985374 ] ], [ [ 5.14885796801083, 60.699053902534054 ], [ 5.148756911694056, 60.699121686478655 ], [ 5.148868927036104, 60.699056073346476 ], [ 5.14885796801083, 60.699053902534054 ] ], [ [ 5.153344631873376, 60.697889862258691 ], [ 5.153212344746544, 60.697908188040884 ], [ 5.153139493982319, 60.697952821687736 ], [ 5.153344631873376, 60.697889862258691 ] ], [ [ 5.16238931613837, 60.695752342143095 ], [ 5.16180161922866, 60.695814007904673 ], [ 5.161844860685387, 60.695892226093491 ], [ 5.16238931613837, 60.695752342143095 ] ], [ [ 5.162497862946437, 60.695712793665393 ], [ 5.162575771732851, 60.695725898463103 ], [ 5.162646972217897, 60.695658426437291 ], [ 5.162497862946437, 60.695712793665393 ] ], [ [ 5.169093663973129, 60.693926353238872 ], [ 5.168912559902338, 60.693918727221359 ], [ 5.168902912101334, 60.693976374859233 ], [ 5.169093663973129, 60.693926353238872 ] ], [ [ 5.169353835169943, 60.693846909119138 ], [ 5.169367611927215, 60.693905206269875 ], [ 5.16946177838449, 60.693849386180943 ], [ 5.169353835169943, 60.693846909119138 ] ], [ [ 5.176626283906873, 60.69090918678517 ], [ 5.177429779019091, 60.691145923844765 ], [ 5.17925531648332, 60.689934932935451 ], [ 5.176626283906873, 60.69090918678517 ] ], [ [ 5.177241496926946, 60.69129530819292 ], [ 5.177490775415998, 60.691307427077788 ], [ 5.177558782198779, 60.691236998326112 ], [ 5.177241496926946, 60.69129530819292 ] ], [ [ 5.177445089208733, 60.691188498393473 ], [ 5.177546031282983, 60.691205290239935 ], [ 5.177562701726062, 60.691160739836363 ], [ 5.177445089208733, 60.691188498393473 ] ], [ [ 5.178917167220964, 60.690360781074844 ], [ 5.178732687759383, 60.690746608536877 ], [ 5.179107860589824, 60.690513424023571 ], [ 5.178917167220964, 60.690360781074844 ] ], [ [ 5.1465393250845, 60.683799848100023 ], [ 5.147361194050477, 60.684182660914516 ], [ 5.147974043728173, 60.683699547802391 ], [ 5.1465393250845, 60.683799848100023 ] ], [ [ 5.184053670315437, 60.686820808943104 ], [ 5.183934454961213, 60.686822666193976 ], [ 5.183951284225791, 60.686846531731184 ], [ 5.184053670315437, 60.686820808943104 ] ], [ [ 5.185206931029387, 60.685877163382294 ], [ 5.185360366782657, 60.685850420542806 ], [ 5.185320639526896, 60.685827213937024 ], [ 5.185206931029387, 60.685877163382294 ] ], [ [ 5.153293194722268, 60.68183600233187 ], [ 5.155525019215325, 60.680968922680684 ], [ 5.155468204069352, 60.680468933988024 ], [ 5.158651851935408, 60.679453286296003 ], [ 5.163310150132397, 60.676182926583408 ], [ 5.161984142240754, 60.675571628966196 ], [ 5.16804738257361, 60.673058374763166 ], [ 5.159904195094999, 60.674336049862625 ], [ 5.159534682843094, 60.674211184313577 ], [ 5.169959075555468, 60.670135475458366 ], [ 5.148714804554795, 60.677551858430085 ], [ 5.149959078816167, 60.678419731102295 ], [ 5.147071728276714, 60.680463584128944 ], [ 5.153625768690298, 60.680538140334654 ], [ 5.153293194722268, 60.68183600233187 ] ], [ [ 5.155907466913328, 60.680453392416076 ], [ 5.155820967565107, 60.68046407539871 ], [ 5.155829621909509, 60.680483267220339 ], [ 5.155907466913328, 60.680453392416076 ] ], [ [ 5.156596074421425, 60.680326866199799 ], [ 5.156381486552926, 60.680373016542156 ], [ 5.156378833294507, 60.680415709934174 ], [ 5.156596074421425, 60.680326866199799 ] ], [ [ 5.163192333274147, 60.676747772242713 ], [ 5.163448306274816, 60.676768925667268 ], [ 5.163462606130604, 60.676751255735383 ], [ 5.163192333274147, 60.676747772242713 ] ], [ [ 5.163264218704968, 60.676583353679653 ], [ 5.163186564931515, 60.67665396425231 ], [ 5.163327846296325, 60.676652225691328 ], [ 5.163264218704968, 60.676583353679653 ] ], [ [ 5.167042085848814, 60.672926938765379 ], [ 5.167205318255026, 60.672920942745058 ], [ 5.167252994597018, 60.672884121184907 ], [ 5.167042085848814, 60.672926938765379 ] ], [ [ 5.166577685266606, 60.673032851447601 ], [ 5.166248789056928, 60.673018602105188 ], [ 5.16618277122515, 60.673086818826583 ], [ 5.166577685266606, 60.673032851447601 ] ], [ [ 5.170355812348197, 60.66994066082102 ], [ 5.17089661266829, 60.670092577064992 ], [ 5.170818206321665, 60.669917743464119 ], [ 5.170355812348197, 60.66994066082102 ] ], [ [ 5.155898695299801, 60.673131898874821 ], [ 5.157515160136149, 60.672883674592953 ], [ 5.157576714275903, 60.672621219769141 ], [ 5.155898695299801, 60.673131898874821 ] ], [ [ 5.158294526225724, 60.673309328932646 ], [ 5.157255794415556, 60.673371327483075 ], [ 5.156854062597179, 60.67348620176179 ], [ 5.158294526225724, 60.673309328932646 ] ], [ [ 5.157146482385122, 60.67337470732965 ], [ 5.157236595968704, 60.673331898905232 ], [ 5.157086729929201, 60.673357333759427 ], [ 5.157146482385122, 60.67337470732965 ] ], [ [ 5.155099985553734, 60.674340776258695 ], [ 5.153493542645191, 60.674338530479304 ], [ 5.153164557589418, 60.674689263352647 ], [ 5.155099985553734, 60.674340776258695 ] ], [ [ 5.156022384883459, 60.674862478615928 ], [ 5.155250109483626, 60.675036986891918 ], [ 5.154903010213965, 60.675244949669498 ], [ 5.156022384883459, 60.674862478615928 ] ], [ [ 5.149561790003666, 60.674591779084899 ], [ 5.149722336974225, 60.674601711247526 ], [ 5.149731740176743, 60.674556894791003 ], [ 5.149561790003666, 60.674591779084899 ] ], [ [ 5.149460400764104, 60.674676455313715 ], [ 5.149471422756815, 60.674613842716205 ], [ 5.149397061052364, 60.674639628585595 ], [ 5.149460400764104, 60.674676455313715 ] ], [ [ 5.150152607245833, 60.675427412072459 ], [ 5.149871412341311, 60.675204111997928 ], [ 5.149482373659931, 60.675443242413891 ], [ 5.150152607245833, 60.675427412072459 ] ], [ [ 5.149394537196232, 60.675478614640909 ], [ 5.14943427448982, 60.675458039168525 ], [ 5.149415000242284, 60.675452354904472 ], [ 5.149394537196232, 60.675478614640909 ] ], [ [ 5.151360229656031, 60.675823288998828 ], [ 5.151641261133844, 60.675842707184692 ], [ 5.151696562888278, 60.67577885788392 ], [ 5.151360229656031, 60.675823288998828 ] ], [ [ 5.151336175023347, 60.675894073076108 ], [ 5.151249545884137, 60.675890265029373 ], [ 5.151221503369644, 60.675911799840186 ], [ 5.151336175023347, 60.675894073076108 ] ], [ [ 5.147301729496135, 60.678517549442631 ], [ 5.147063148163866, 60.678479468794862 ], [ 5.146998847175346, 60.678572418739442 ], [ 5.147301729496135, 60.678517549442631 ] ], [ [ 5.148179501787156, 60.678911301833139 ], [ 5.14827163560032, 60.67888475475236 ], [ 5.148176548454053, 60.678899952597476 ], [ 5.148179501787156, 60.678911301833139 ] ], [ [ 5.148056106565893, 60.678957243971674 ], [ 5.148138262629757, 60.678963617081806 ], [ 5.148127807450083, 60.678932346480508 ], [ 5.148056106565893, 60.678957243971674 ] ], [ [ 5.151660954243742, 60.680694785250068 ], [ 5.1515303055854, 60.68072716220869 ], [ 5.151582999734368, 60.680756681884233 ], [ 5.151660954243742, 60.680694785250068 ] ], [ [ 5.150322975042319, 60.681120542538594 ], [ 5.149740964302826, 60.681048010093882 ], [ 5.149894015839189, 60.681183341419036 ], [ 5.150322975042319, 60.681120542538594 ] ], [ [ 5.130777283334631, 60.678506471393305 ], [ 5.130675958978618, 60.678462465257589 ], [ 5.130611650005645, 60.67852247090029 ], [ 5.130777283334631, 60.678506471393305 ] ], [ [ 5.110417903534076, 60.680887023453245 ], [ 5.111313601663779, 60.676620212304464 ], [ 5.106742445780182, 60.679498522632301 ], [ 5.092655972037943, 60.684610624777399 ], [ 5.093904023677566, 60.687214526439078 ], [ 5.099377654808793, 60.68595442498718 ], [ 5.10057003031541, 60.683979782622103 ], [ 5.106812357597372, 60.683108347114441 ], [ 5.106354935448802, 60.682993511895297 ], [ 5.106221539024611, 60.682429382387497 ], [ 5.110417903534076, 60.680887023453245 ] ], [ [ 5.116091021913614, 60.67706697922754 ], [ 5.115927702333144, 60.677150548979483 ], [ 5.116166470268668, 60.677074139834268 ], [ 5.116091021913614, 60.67706697922754 ] ], [ [ 5.115992448138766, 60.67697068040718 ], [ 5.115994190961383, 60.676998410219603 ], [ 5.116025250521528, 60.676958284183783 ], [ 5.115992448138766, 60.67697068040718 ] ], [ [ 5.116353446427111, 60.677016041429447 ], [ 5.116487128621427, 60.677018039596106 ], [ 5.116487918905648, 60.676992851347016 ], [ 5.116353446427111, 60.677016041429447 ] ], [ [ 5.107608324073126, 60.676378025250969 ], [ 5.110490979791369, 60.673117906968592 ], [ 5.105616547694018, 60.67230893332335 ], [ 5.105081956234867, 60.670691754422599 ], [ 5.109761540884719, 60.672475854784309 ], [ 5.110840448550407, 60.67211316839667 ], [ 5.109726029046671, 60.672167794680199 ], [ 5.111252537062856, 60.670990754206343 ], [ 5.110002566574911, 60.670203648979133 ], [ 5.111252419143624, 60.668768440237713 ], [ 5.109006792035861, 60.666930658959487 ], [ 5.093054947462985, 60.672863040214722 ], [ 5.089319543049169, 60.677142199093616 ], [ 5.08621940278742, 60.67597640766968 ], [ 5.074159835689972, 60.681301632367536 ], [ 5.070488723669691, 60.687816050975265 ], [ 5.060095235162969, 60.693395836936865 ], [ 5.06620751071847, 60.692259493774337 ], [ 5.056634605643835, 60.696442503906376 ], [ 5.062479805267075, 60.695768100779446 ], [ 5.06299233513619, 60.696902261199014 ], [ 5.058286734496599, 60.697730691911509 ], [ 5.061854299555828, 60.697942029699 ], [ 5.059646191417668, 60.698806242553097 ], [ 5.06792498797994, 60.697394584791354 ], [ 5.088634598438468, 60.689560880795618 ], [ 5.083946491195717, 60.690822023055674 ], [ 5.088680127453467, 60.687918795050187 ], [ 5.091100274377661, 60.687484668221579 ], [ 5.091708642068256, 60.685153517711278 ], [ 5.088348564374124, 60.686704544583158 ], [ 5.085091129718699, 60.687198665738698 ], [ 5.08638496464464, 60.685293766358271 ], [ 5.078654714829645, 60.688413545028503 ], [ 5.077501849510906, 60.688354016154975 ], [ 5.088034072890276, 60.681346133410706 ], [ 5.088600440859914, 60.681827540511264 ], [ 5.089347779150498, 60.681441852784218 ], [ 5.09035836762044, 60.681842235570429 ], [ 5.091335097796821, 60.681439105891116 ], [ 5.092546497347556, 60.679672814573173 ], [ 5.089851684730233, 60.677652266514102 ], [ 5.09318101292035, 60.6771637250555 ], [ 5.091422704689993, 60.67829668617884 ], [ 5.09646886075379, 60.679617965289481 ], [ 5.107608324073126, 60.676378025250969 ] ], [ [ 5.115321217304957, 60.67599058559172 ], [ 5.11524726981272, 60.675969057546915 ], [ 5.115245968380904, 60.675976833332562 ], [ 5.115321217304957, 60.67599058559172 ] ], [ [ 5.115253488817898, 60.673850568403246 ], [ 5.114032706217997, 60.67486366868264 ], [ 5.114643382038795, 60.674871721888856 ], [ 5.115262687107685, 60.674638078735391 ], [ 5.115253488817898, 60.673850568403246 ] ], [ [ 5.113882733811693, 60.674969676981824 ], [ 5.114101965556008, 60.674977149795708 ], [ 5.114110388953344, 60.674960674693445 ], [ 5.113938937020402, 60.674945451830339 ], [ 5.113882733811693, 60.674969676981824 ] ], [ [ 5.119095911415924, 60.673883600905938 ], [ 5.118775017677811, 60.67398348573164 ], [ 5.119233459300642, 60.673895115039208 ], [ 5.119095911415924, 60.673883600905938 ] ], [ [ 5.120136958912278, 60.67394215173352 ], [ 5.120936133664928, 60.674012178305524 ], [ 5.121100012007953, 60.673698437031227 ], [ 5.120136958912278, 60.67394215173352 ] ], [ [ 5.121624405856152, 60.673714601281937 ], [ 5.121891102809879, 60.673731388159183 ], [ 5.121809869707771, 60.673660094214441 ], [ 5.121624405856152, 60.673714601281937 ] ], [ [ 5.12024048808304, 60.673763814496873 ], [ 5.119787540476025, 60.673610986845397 ], [ 5.119376812365786, 60.673951040137815 ], [ 5.12024048808304, 60.673763814496873 ] ], [ [ 5.116018155692073, 60.673655537656906 ], [ 5.116741304825029, 60.672960701864902 ], [ 5.115529551129612, 60.673367738282053 ], [ 5.116018155692073, 60.673655537656906 ] ], [ [ 5.118222342327952, 60.672477347212698 ], [ 5.11969283191408, 60.672641107653064 ], [ 5.119800783965927, 60.672250627721901 ], [ 5.118222342327952, 60.672477347212698 ] ], [ [ 5.122537374976848, 60.673136132296243 ], [ 5.12190658662199, 60.673318365678 ], [ 5.122643696333601, 60.67316450137691 ], [ 5.122537374976848, 60.673136132296243 ] ], [ [ 5.123547268342088, 60.673185007242701 ], [ 5.123246903830053, 60.673356922637865 ], [ 5.123613141842483, 60.673242759014961 ], [ 5.123547268342088, 60.673185007242701 ] ], [ [ 5.122697032534761, 60.673139969009455 ], [ 5.122692369889661, 60.673115098833705 ], [ 5.122606647516849, 60.673133418661436 ], [ 5.122697032534761, 60.673139969009455 ] ], [ [ 5.12417122514267, 60.673107679161433 ], [ 5.12395279420157, 60.673141183789582 ], [ 5.123743746392739, 60.67319086065369 ], [ 5.12417122514267, 60.673107679161433 ] ], [ [ 5.12545720929537, 60.672850790065304 ], [ 5.125464591005307, 60.673005806277537 ], [ 5.126156220864611, 60.6727204036847 ], [ 5.12545720929537, 60.672850790065304 ] ], [ [ 5.125202997420273, 60.672777568931878 ], [ 5.125541581754875, 60.672728304395463 ], [ 5.125541799159382, 60.672697191988618 ], [ 5.125202997420273, 60.672777568931878 ] ], [ [ 5.12428312207983, 60.67305185360128 ], [ 5.124312644414736, 60.673029167048071 ], [ 5.124256344101228, 60.673030494746477 ], [ 5.12428312207983, 60.67305185360128 ] ], [ [ 5.115311564773431, 60.672962559027646 ], [ 5.114977830389766, 60.672808463075135 ], [ 5.114884368796714, 60.67312455224306 ], [ 5.115311564773431, 60.672962559027646 ] ], [ [ 5.110620352944476, 60.67286585025699 ], [ 5.110773240993343, 60.672336649856589 ], [ 5.109876845412925, 60.672583542624487 ], [ 5.110620352944476, 60.67286585025699 ] ], [ [ 5.106089994009963, 60.672231138368907 ], [ 5.106568418375223, 60.672216424744057 ], [ 5.106384197002755, 60.672078797106749 ], [ 5.106089994009963, 60.672231138368907 ] ], [ [ 5.114039634250621, 60.672916439435419 ], [ 5.114065115879472, 60.673149816821031 ], [ 5.114340443554639, 60.672864748838137 ], [ 5.114039634250621, 60.672916439435419 ] ], [ [ 5.114437197755022, 60.672837030891841 ], [ 5.114554826053735, 60.672924164386259 ], [ 5.114661057459901, 60.672840233401836 ], [ 5.114437197755022, 60.672837030891841 ] ], [ [ 5.106000665256989, 60.671452931468451 ], [ 5.106190198269198, 60.671459741459621 ], [ 5.106068039135859, 60.671420041331587 ], [ 5.106000665256989, 60.671452931468451 ] ], [ [ 5.106233234918431, 60.671394087042643 ], [ 5.106363476590298, 60.671421992463195 ], [ 5.106366800356787, 60.671354732747986 ], [ 5.106233234918431, 60.671394087042643 ] ], [ [ 5.105671663249624, 60.671368841576225 ], [ 5.105738723906038, 60.671317920133788 ], [ 5.105682081815178, 60.671319757256434 ], [ 5.105671663249624, 60.671368841576225 ] ], [ [ 5.114869771432246, 60.672551647463024 ], [ 5.115005586839778, 60.672554440534562 ], [ 5.115006364608736, 60.672478666519439 ], [ 5.114869771432246, 60.672551647463024 ] ], [ [ 5.11423861627463, 60.672480622612667 ], [ 5.114330826625056, 60.672468764124297 ], [ 5.11432192770659, 60.672447468693562 ], [ 5.11423861627463, 60.672480622612667 ] ], [ [ 5.115191702160296, 60.672408504092722 ], [ 5.115302731347755, 60.672488358169154 ], [ 5.115329899018166, 60.672425048092776 ], [ 5.115191702160296, 60.672408504092722 ] ], [ [ 5.110405148435568, 60.671914293564946 ], [ 5.110316741809854, 60.671919827011948 ], [ 5.11033085611684, 60.671934996324076 ], [ 5.110405148435568, 60.671914293564946 ] ], [ [ 5.111452517100851, 60.670794728473545 ], [ 5.111488367982498, 60.670854049700658 ], [ 5.111527039358361, 60.670799470687278 ], [ 5.111452517100851, 60.670794728473545 ] ], [ [ 5.111040348338789, 60.669195856618515 ], [ 5.110967237861959, 60.669204431063513 ], [ 5.110967931903036, 60.669215884826755 ], [ 5.111040348338789, 60.669195856618515 ] ], [ [ 5.093863180005504, 60.672510848834911 ], [ 5.093839149624673, 60.672474756349622 ], [ 5.093810050720429, 60.672515024783429 ], [ 5.093863180005504, 60.672510848834911 ] ], [ [ 5.09170840902746, 60.673792277693501 ], [ 5.091809822265093, 60.673757955119733 ], [ 5.091799270660063, 60.67374440700388 ], [ 5.09170840902746, 60.673792277693501 ] ], [ [ 5.087741945627139, 60.675447145708553 ], [ 5.087687656311378, 60.67543602951406 ], [ 5.087648374857016, 60.675478160505506 ], [ 5.087741945627139, 60.675447145708553 ] ], [ [ 5.0876108954854, 60.675543593081812 ], [ 5.087279984963395, 60.675499494423477 ], [ 5.087210026288034, 60.675567929095678 ], [ 5.0876108954854, 60.675543593081812 ] ], [ [ 5.087572064145054, 60.675555170150766 ], [ 5.087534504030296, 60.675626207420201 ], [ 5.087652405782106, 60.67557981697064 ], [ 5.087572064145054, 60.675555170150766 ] ], [ [ 5.07528538566164, 60.679402238652088 ], [ 5.075511700283274, 60.679213834153948 ], [ 5.07481525152707, 60.679535746159246 ], [ 5.07528538566164, 60.679402238652088 ] ], [ [ 5.07078745445695, 60.684541732874585 ], [ 5.070481526741736, 60.684456840936946 ], [ 5.070477159484655, 60.684561582740692 ], [ 5.07078745445695, 60.684541732874585 ] ], [ [ 5.059627531602688, 60.685246366053114 ], [ 5.059719474361869, 60.685246830649724 ], [ 5.059737902066034, 60.685230926083285 ], [ 5.059627531602688, 60.685246366053114 ] ], [ [ 5.069821373214665, 60.687624557004547 ], [ 5.069989067878155, 60.687605797518756 ], [ 5.069977526929469, 60.68757054413188 ], [ 5.069821373214665, 60.687624557004547 ] ], [ [ 5.069214558206319, 60.688104114332468 ], [ 5.068473942058055, 60.688251657819137 ], [ 5.0685696121403, 60.68830597017277 ], [ 5.069214558206319, 60.688104114332468 ] ], [ [ 5.069330890113678, 60.688049383397953 ], [ 5.069243120944268, 60.688034306062313 ], [ 5.06926995967958, 60.688074958196417 ], [ 5.069330890113678, 60.688049383397953 ] ], [ [ 5.058492749550587, 60.697967583337423 ], [ 5.058675639846512, 60.697919836876281 ], [ 5.058652150838181, 60.697892736767947 ], [ 5.058492749550587, 60.697967583337423 ] ], [ [ 5.060729451438787, 60.698839156463109 ], [ 5.060434726581271, 60.698767122358753 ], [ 5.060258040758982, 60.698864839872677 ], [ 5.060729451438787, 60.698839156463109 ] ], [ [ 5.063322018633055, 60.698606630107449 ], [ 5.062229286134151, 60.699043628063748 ], [ 5.063667760788046, 60.698719944977299 ], [ 5.063322018633055, 60.698606630107449 ] ], [ [ 5.06427018027615, 60.699053479548375 ], [ 5.061906499127299, 60.700321386774263 ], [ 5.06210602278017, 60.701203502804219 ], [ 5.065944156805261, 60.700082094512254 ], [ 5.06427018027615, 60.699053479548375 ] ], [ [ 5.059966871972134, 60.699020046086488 ], [ 5.060293214162455, 60.698993632298176 ], [ 5.060404205811563, 60.698926017097662 ], [ 5.059966871972134, 60.699020046086488 ] ], [ [ 5.061647562236884, 60.700418194984238 ], [ 5.061889747547221, 60.700379862222981 ], [ 5.061897288357035, 60.700362779481509 ], [ 5.061647562236884, 60.700418194984238 ] ], [ [ 5.066240741921515, 60.701137169705248 ], [ 5.063949726394767, 60.701949551519604 ], [ 5.067212032636527, 60.700803175547165 ], [ 5.066303410337069, 60.700844208296623 ], [ 5.066240741921515, 60.701137169705248 ] ], [ [ 5.077079171964075, 60.702507658091655 ], [ 5.076968038844355, 60.702517085391172 ], [ 5.076976082388383, 60.702574881609699 ], [ 5.077079171964075, 60.702507658091655 ] ], [ [ 5.077526824257943, 60.702344841662686 ], [ 5.077496569508185, 60.702316877971398 ], [ 5.077467615700184, 60.702347020715955 ], [ 5.077526824257943, 60.702344841662686 ] ], [ [ 5.078248437210411, 60.701963231843308 ], [ 5.078267318375953, 60.702030706965971 ], [ 5.078345481720326, 60.701969401794017 ], [ 5.078248437210411, 60.701963231843308 ] ], [ [ 5.065758315004425, 60.701177977508202 ], [ 5.065859198739344, 60.701096569198882 ], [ 5.065839031769841, 60.701069447989667 ], [ 5.065758315004425, 60.701177977508202 ] ], [ [ 5.069309166887619, 60.700502397395695 ], [ 5.069088301521947, 60.700504329350863 ], [ 5.069088996836594, 60.700510987824302 ], [ 5.069309166887619, 60.700502397395695 ] ], [ [ 5.068333799522787, 60.699750200188369 ], [ 5.07155829935328, 60.699855672209978 ], [ 5.072013760691254, 60.698773088193583 ], [ 5.068333799522787, 60.699750200188369 ] ], [ [ 5.0715776860253, 60.69874760866842 ], [ 5.071565279996969, 60.698718082789391 ], [ 5.071559192699861, 60.69877201701599 ], [ 5.0715776860253, 60.69874760866842 ] ], [ [ 5.068865971521905, 60.699105677469966 ], [ 5.070890757026452, 60.698242988864649 ], [ 5.071116120743125, 60.697974601037252 ], [ 5.068865971521905, 60.699105677469966 ] ], [ [ 5.067298354465519, 60.699490247101465 ], [ 5.072894609399145, 60.696470557023062 ], [ 5.073117639855708, 60.697047428995155 ], [ 5.07616387312533, 60.695584076204739 ], [ 5.077199963171982, 60.695761657592627 ], [ 5.079966122294264, 60.694010772216977 ], [ 5.074773411501911, 60.695963237741587 ], [ 5.071606246784433, 60.696577868463841 ], [ 5.070329262913096, 60.697512907176865 ], [ 5.070112887435007, 60.697125849649318 ], [ 5.069788932564522, 60.697865505931837 ], [ 5.065573191959039, 60.698777552698154 ], [ 5.067298354465519, 60.699490247101465 ] ], [ [ 5.075931644252249, 60.697461372230897 ], [ 5.07581511214683, 60.697485235517384 ], [ 5.075830794835072, 60.69749772076166 ], [ 5.075931644252249, 60.697461372230897 ] ], [ [ 5.077076871777897, 60.696733810163586 ], [ 5.078259098074038, 60.696492898656551 ], [ 5.079561397944889, 60.696170367335554 ], [ 5.083488803376235, 60.695817715502891 ], [ 5.084123170787461, 60.695112192832262 ], [ 5.080287940751284, 60.695573559526977 ], [ 5.077076871777897, 60.696733810163586 ] ], [ [ 5.078234264896933, 60.697180814854953 ], [ 5.078127654749781, 60.697161530594087 ], [ 5.078124560340743, 60.697193425879142 ], [ 5.078234264896933, 60.697180814854953 ] ], [ [ 5.078260318524344, 60.696540591683089 ], [ 5.078408637701929, 60.696587791162642 ], [ 5.078390321016902, 60.696523254151835 ], [ 5.078260318524344, 60.696540591683089 ] ], [ [ 5.080900958507432, 60.696251965442741 ], [ 5.080823320702063, 60.696258830977307 ], [ 5.080859446768118, 60.69628334155145 ], [ 5.080900958507432, 60.696251965442741 ] ], [ [ 5.079533744961516, 60.694484504564251 ], [ 5.079642650566973, 60.694467308283414 ], [ 5.07958729792795, 60.69443221940606 ], [ 5.079533744961516, 60.694484504564251 ] ], [ [ 5.081238395855279, 60.694396840772498 ], [ 5.08199015413143, 60.694383446680632 ], [ 5.082119269946823, 60.694263868629513 ], [ 5.081238395855279, 60.694396840772498 ] ], [ [ 5.081789434631665, 60.69454391601559 ], [ 5.081667173299106, 60.694552423360442 ], [ 5.081694740230312, 60.694577741875875 ], [ 5.081789434631665, 60.69454391601559 ] ], [ [ 5.078286472698406, 60.695546439991382 ], [ 5.079301290196383, 60.695098795564618 ], [ 5.078891051398106, 60.695174364495834 ], [ 5.078286472698406, 60.695546439991382 ] ], [ [ 5.076858656285804, 60.696000656863077 ], [ 5.076987856031902, 60.695984708717006 ], [ 5.07696617143901, 60.695968969292537 ], [ 5.076858656285804, 60.696000656863077 ] ], [ [ 5.075734440913817, 60.696457931367028 ], [ 5.075635825634585, 60.696130644615337 ], [ 5.075093113774323, 60.696463896933466 ], [ 5.075734440913817, 60.696457931367028 ] ], [ [ 5.076164245110053, 60.697122116736658 ], [ 5.076320809954186, 60.697007581985666 ], [ 5.076115918754393, 60.69708936189577 ], [ 5.076164245110053, 60.697122116736658 ] ], [ [ 5.075084791688928, 60.695768248973664 ], [ 5.075156471194807, 60.695781122183782 ], [ 5.075169682994361, 60.695749350160334 ], [ 5.075084791688928, 60.695768248973664 ] ], [ [ 5.070386729222803, 60.697075845015696 ], [ 5.070544556991047, 60.697058696768742 ], [ 5.070524769734495, 60.697034500759329 ], [ 5.070386729222803, 60.697075845015696 ] ], [ [ 5.06329861759733, 60.698512296211049 ], [ 5.06340854948652, 60.698510845463865 ], [ 5.063375233773828, 60.698490974498434 ], [ 5.06329861759733, 60.698512296211049 ] ], [ [ 5.068821318914812, 60.699376457189132 ], [ 5.069125251963148, 60.699398843017931 ], [ 5.069322850003733, 60.699245756112447 ], [ 5.068821318914812, 60.699376457189132 ] ], [ [ 5.069081870079201, 60.698772329078309 ], [ 5.069001831073816, 60.698764347553869 ], [ 5.069001123848397, 60.698788548371994 ], [ 5.069081870079201, 60.698772329078309 ] ], [ [ 5.078230805926464, 60.693760379432575 ], [ 5.078096898718775, 60.693829460325972 ], [ 5.078113076216112, 60.693861710812996 ], [ 5.078230805926464, 60.693760379432575 ] ], [ [ 5.096979510295236, 60.693978498448864 ], [ 5.097091763174827, 60.69414307080983 ], [ 5.097474914289141, 60.693861451445045 ], [ 5.096979510295236, 60.693978498448864 ] ], [ [ 5.097739336577279, 60.693776121835178 ], [ 5.097613089984851, 60.69380760327865 ], [ 5.097635951817276, 60.69382849442038 ], [ 5.097739336577279, 60.693776121835178 ] ], [ [ 5.097626593483904, 60.693731419082653 ], [ 5.097806819765852, 60.693733558048734 ], [ 5.097780248486863, 60.693706779422392 ], [ 5.097626593483904, 60.693731419082653 ] ], [ [ 5.101530908756771, 60.692802348405579 ], [ 5.101234542606737, 60.693009097446428 ], [ 5.101629509683857, 60.69289856972393 ], [ 5.101530908756771, 60.692802348405579 ] ], [ [ 5.087121850198212, 60.689823052471773 ], [ 5.087087168005469, 60.68975530374739 ], [ 5.087007372492224, 60.689839837510306 ], [ 5.087121850198212, 60.689823052471773 ] ], [ [ 5.09010405318471, 60.688931847372359 ], [ 5.091661174473834, 60.688799290872709 ], [ 5.091981613579414, 60.688497892152448 ], [ 5.09010405318471, 60.688931847372359 ] ], [ [ 5.09599027391755, 60.68907983297877 ], [ 5.09670540843154, 60.689324795721923 ], [ 5.097865434286827, 60.688601004814146 ], [ 5.09599027391755, 60.68907983297877 ] ], [ [ 5.09833722329551, 60.688641195440326 ], [ 5.098411798583824, 60.688718433069795 ], [ 5.09850009427912, 60.688630184829428 ], [ 5.09833722329551, 60.688641195440326 ] ], [ [ 5.090213267551292, 60.688438930922473 ], [ 5.091649581223603, 60.68744515588007 ], [ 5.089455946980467, 60.688228967206925 ], [ 5.090213267551292, 60.688438930922473 ] ], [ [ 5.112557553294057, 60.689592623925272 ], [ 5.112479729234822, 60.689610895026789 ], [ 5.112486664862068, 60.689618289336948 ], [ 5.112557553294057, 60.689592623925272 ] ], [ [ 5.09403236666636, 60.687989789105224 ], [ 5.094099966716356, 60.688044880598802 ], [ 5.094125904285928, 60.688008899903586 ], [ 5.09403236666636, 60.687989789105224 ] ], [ [ 5.094409468227526, 60.687534341334732 ], [ 5.096623358965672, 60.687235120082633 ], [ 5.097167594740941, 60.686864720446444 ], [ 5.094409468227526, 60.687534341334732 ] ], [ [ 5.098549636586822, 60.687167329447334 ], [ 5.098244646511205, 60.687312794774812 ], [ 5.098620828530175, 60.687194814109091 ], [ 5.098549636586822, 60.687167329447334 ] ], [ [ 5.093609019636123, 60.687143539502969 ], [ 5.093501165705658, 60.68714082468103 ], [ 5.093488001962487, 60.687163008429415 ], [ 5.093609019636123, 60.687143539502969 ] ], [ [ 5.088732513726543, 60.685118333138512 ], [ 5.088993854086082, 60.684774880590837 ], [ 5.08842716376874, 60.68505579065058 ], [ 5.088732513726543, 60.685118333138512 ] ], [ [ 5.085545188050775, 60.684942683024722 ], [ 5.085569036473317, 60.68480953553388 ], [ 5.085429189286297, 60.684911570084388 ], [ 5.085545188050775, 60.684942683024722 ] ], [ [ 5.084698724894972, 60.685145746022627 ], [ 5.084593482563858, 60.684999872430105 ], [ 5.084287985502537, 60.685156310331358 ], [ 5.084698724894972, 60.685145746022627 ] ], [ [ 5.088362596435535, 60.686449127618928 ], [ 5.088536041468543, 60.686405255290403 ], [ 5.08835321987213, 60.686402093134824 ], [ 5.088362596435535, 60.686449127618928 ] ], [ [ 5.083737832279446, 60.685341698125804 ], [ 5.084094847275001, 60.685333001721823 ], [ 5.084130173314178, 60.685224693681953 ], [ 5.083737832279446, 60.685341698125804 ] ], [ [ 5.078810715015717, 60.687881141834048 ], [ 5.078929660746032, 60.68774080736938 ], [ 5.07867999571756, 60.687886659635062 ], [ 5.078810715015717, 60.687881141834048 ] ], [ [ 5.077810414715907, 60.688327955373211 ], [ 5.077880976937707, 60.688264273943346 ], [ 5.077802319854905, 60.688324906488624 ], [ 5.077810414715907, 60.688327955373211 ] ], [ [ 5.082058013840522, 60.685852668793387 ], [ 5.082513381821465, 60.685616671712317 ], [ 5.081719024805206, 60.685800988942432 ], [ 5.082058013840522, 60.685852668793387 ] ], [ [ 5.093752960810125, 60.683632581693111 ], [ 5.093122093412128, 60.683892788739676 ], [ 5.093348078111863, 60.683882879415378 ], [ 5.093366960798874, 60.683804834920991 ], [ 5.093554296515862, 60.683716746989987 ], [ 5.09371227065483, 60.683779674239624 ], [ 5.093752960810125, 60.683632581693111 ] ], [ [ 5.09609591960291, 60.68270331513795 ], [ 5.098402613582648, 60.682369655664637 ], [ 5.098771397026765, 60.682044617608803 ], [ 5.09609591960291, 60.68270331513795 ] ], [ [ 5.097064247604099, 60.682330648152202 ], [ 5.098375586638721, 60.681706396265518 ], [ 5.096668176762855, 60.682332751535135 ], [ 5.097064247604099, 60.682330648152202 ] ], [ [ 5.099249048374353, 60.682019820134791 ], [ 5.099247561905778, 60.682044233109423 ], [ 5.099315102450101, 60.682031718431752 ], [ 5.099249048374353, 60.682019820134791 ] ], [ [ 5.096762751532053, 60.682230766430926 ], [ 5.096713177689327, 60.682198469027206 ], [ 5.096657049297146, 60.6822366299834 ], [ 5.096762751532053, 60.682230766430926 ] ], [ [ 5.096285184937861, 60.682330762541277 ], [ 5.096248919592334, 60.682279368777486 ], [ 5.096103224777309, 60.682381971058511 ], [ 5.096285184937861, 60.682330762541277 ] ], [ [ 5.089561348254948, 60.681930468316715 ], [ 5.089605995298591, 60.681899596753205 ], [ 5.089515044016895, 60.681922121949952 ], [ 5.089561348254948, 60.681930468316715 ] ], [ [ 5.089630221094644, 60.68197724206685 ], [ 5.089507933967058, 60.681965209607711 ], [ 5.089505775855686, 60.681994730925346 ], [ 5.089630221094644, 60.68197724206685 ] ], [ [ 5.096035187177012, 60.682434717212899 ], [ 5.09615026886289, 60.682451544615958 ], [ 5.096102656416298, 60.682412334827191 ], [ 5.096035187177012, 60.682434717212899 ] ], [ [ 5.089276818351308, 60.68167446381635 ], [ 5.089497822835044, 60.681706089193447 ], [ 5.089430450320759, 60.681641418808802 ], [ 5.089276818351308, 60.68167446381635 ] ], [ [ 5.099930195863041, 60.681541359156505 ], [ 5.100039255149361, 60.681528232681089 ], [ 5.100028862402552, 60.681514154396702 ], [ 5.099930195863041, 60.681541359156505 ] ], [ [ 5.10026379368136, 60.681323099465075 ], [ 5.100257404371408, 60.681432301363913 ], [ 5.100318654257711, 60.68132646991608 ], [ 5.10026379368136, 60.681323099465075 ] ], [ [ 5.094203924320936, 60.680408441339885 ], [ 5.094332312248545, 60.680482823758183 ], [ 5.09434617917502, 60.680385853405873 ], [ 5.094203924320936, 60.680408441339885 ] ], [ [ 5.094256347450258, 60.679771833694957 ], [ 5.094153152993515, 60.679915253346131 ], [ 5.094362692547027, 60.679765658496869 ], [ 5.094256347450258, 60.679771833694957 ] ], [ [ 5.109039372418054, 60.676651076685367 ], [ 5.109410069694441, 60.676687135984039 ], [ 5.109307522360552, 60.676510267867975 ], [ 5.109039372418054, 60.676651076685367 ] ], [ [ 5.098316045614913, 60.686340783858576 ], [ 5.098573271859447, 60.686670831262916 ], [ 5.099070235831396, 60.68631825389069 ], [ 5.098316045614913, 60.686340783858576 ] ], [ [ 5.117253122486678, 60.687547703724121 ], [ 5.117299431055274, 60.687570971038369 ], [ 5.117327723531964, 60.687551722563683 ], [ 5.117253122486678, 60.687547703724121 ] ], [ [ 5.106357101486166, 60.682699118187045 ], [ 5.106532023285697, 60.682688998199019 ], [ 5.106488610164313, 60.682660603229486 ], [ 5.106357101486166, 60.682699118187045 ] ], [ [ 5.116277321516513, 60.681026477253113 ], [ 5.116522748412623, 60.681141318451623 ], [ 5.116748408527717, 60.680959593242385 ], [ 5.116277321516513, 60.681026477253113 ] ], [ [ 5.130690724832409, 60.68216096672257 ], [ 5.130853461584888, 60.682183027723163 ], [ 5.13083356108878, 60.682154309833045 ], [ 5.130690724832409, 60.68216096672257 ] ], [ [ 5.131311978147298, 60.682058872780537 ], [ 5.130983773896261, 60.682231180494263 ], [ 5.131536247619164, 60.682121796816098 ], [ 5.131311978147298, 60.682058872780537 ] ], [ [ 5.132762009510879, 60.682253335231003 ], [ 5.132853527069116, 60.682296881077754 ], [ 5.132879207064468, 60.682266938950931 ], [ 5.132762009510879, 60.682253335231003 ] ], [ [ 5.130592795806328, 60.682173950656534 ], [ 5.130685090755861, 60.682189323251087 ], [ 5.130619604203885, 60.682157666258128 ], [ 5.130592795806328, 60.682173950656534 ] ], [ [ 5.115519731741942, 60.680252245977861 ], [ 5.11777506312228, 60.679428230268975 ], [ 5.118451939050126, 60.678940957390289 ], [ 5.115508366770854, 60.679288295417486 ], [ 5.115519731741942, 60.680252245977861 ] ], [ [ 5.122732467573886, 60.680081789855294 ], [ 5.122788408924066, 60.680153189948726 ], [ 5.122874472162483, 60.680053362278294 ], [ 5.122732467573886, 60.680081789855294 ] ], [ [ 5.12299575765755, 60.679915436456071 ], [ 5.123557146761772, 60.679983478814975 ], [ 5.123665479829941, 60.679696636096089 ], [ 5.12299575765755, 60.679915436456071 ] ], [ [ 5.111747284279801, 60.689916738657516 ], [ 5.111834628169982, 60.689902887637899 ], [ 5.111791378434829, 60.689888805102008 ], [ 5.111747284279801, 60.689916738657516 ] ], [ [ 5.086220506806391, 60.700269576885027 ], [ 5.086312220108692, 60.700124847080737 ], [ 5.086147889420826, 60.700259083750467 ], [ 5.086220506806391, 60.700269576885027 ] ], [ [ 5.086063136902037, 60.700246054994331 ], [ 5.08598089330924, 60.700212489904182 ], [ 5.085978055711268, 60.700239426884082 ], [ 5.086063136902037, 60.700246054994331 ] ], [ [ 5.089701807651757, 60.700464825239202 ], [ 5.089731241635761, 60.700540596782936 ], [ 5.08986341766533, 60.700489564225947 ], [ 5.089701807651757, 60.700464825239202 ] ], [ [ 5.088745752979714, 60.701308970246878 ], [ 5.088841595228481, 60.701283369011222 ], [ 5.088790182164848, 60.701278895534337 ], [ 5.088745752979714, 60.701308970246878 ] ], [ [ 5.088767404051718, 60.70140977123355 ], [ 5.088731331605855, 60.701360109448508 ], [ 5.088714849759947, 60.701366208617848 ], [ 5.088767404051718, 60.70140977123355 ] ], [ [ 5.089041849282914, 60.702243920510895 ], [ 5.089101273696422, 60.702220847819284 ], [ 5.089038176691217, 60.702226632930319 ], [ 5.089041849282914, 60.702243920510895 ] ], [ [ 5.088310706509418, 60.702223700916356 ], [ 5.088345082665128, 60.702176676538912 ], [ 5.088232014277839, 60.702206601695273 ], [ 5.088310706509418, 60.702223700916356 ] ], [ [ 5.085180260879735, 60.702670018439356 ], [ 5.085252745438264, 60.702577064094832 ], [ 5.085105593054613, 60.702692222132661 ], [ 5.085180260879735, 60.702670018439356 ] ], [ [ 5.074021726511829, 60.705465444472232 ], [ 5.074106861325763, 60.705450002074762 ], [ 5.074100057053796, 60.705442796255511 ], [ 5.074021726511829, 60.705465444472232 ] ], [ [ 5.073869155874763, 60.705560458939722 ], [ 5.07396845691759, 60.705554673568983 ], [ 5.073917493069467, 60.70552561254835 ], [ 5.073869155874763, 60.705560458939722 ] ], [ [ 5.071750798396832, 60.706676036920271 ], [ 5.071825513640817, 60.706508502153341 ], [ 5.071707818268003, 60.706659880150951 ], [ 5.071750798396832, 60.706676036920271 ] ], [ [ 5.069993512867086, 60.706363108377523 ], [ 5.069923266949788, 60.706355046675704 ], [ 5.069893484307906, 60.70636766000419 ], [ 5.069993512867086, 60.706363108377523 ] ], [ [ 5.069780788020283, 60.706367824695285 ], [ 5.069782317717208, 60.706345133370561 ], [ 5.069737550138498, 60.706359611852982 ], [ 5.069780788020283, 60.706367824695285 ] ], [ [ 5.070818647269808, 60.70651941855342 ], [ 5.070575308099502, 60.706555420799944 ], [ 5.070629222276826, 60.706653845203945 ], [ 5.070818647269808, 60.70651941855342 ] ], [ [ 5.072050167638523, 60.706634450252906 ], [ 5.072125848781532, 60.706663008107512 ], [ 5.072128299411704, 60.706631426350114 ], [ 5.072050167638523, 60.706634450252906 ] ], [ [ 5.070056440101856, 60.7074218603478 ], [ 5.070139979813249, 60.707403857298743 ], [ 5.070048056680234, 60.707397793789937 ], [ 5.070056440101856, 60.7074218603478 ] ], [ [ 5.066804550127543, 60.706526632084845 ], [ 5.066939985798533, 60.706385363588296 ], [ 5.066733666574327, 60.706499878017006 ], [ 5.066804550127543, 60.706526632084845 ] ], [ [ 5.06640853026139, 60.70653997668839 ], [ 5.066571270701243, 60.706450346124001 ], [ 5.066440176181252, 60.706490579677542 ], [ 5.06640853026139, 60.70653997668839 ] ], [ [ 5.067839896098907, 60.705297221315789 ], [ 5.067565148129133, 60.705249145922039 ], [ 5.067579617870581, 60.705345524853257 ], [ 5.067839896098907, 60.705297221315789 ] ], [ [ 5.067865824982792, 60.705194454118583 ], [ 5.067858039688537, 60.705305366711151 ], [ 5.067949547658027, 60.705271852763765 ], [ 5.067865824982792, 60.705194454118583 ] ], [ [ 5.06589344546743, 60.706358249374787 ], [ 5.065824133215013, 60.7063513413284 ], [ 5.065858095575858, 60.706383386589287 ], [ 5.06589344546743, 60.706358249374787 ] ], [ [ 5.056382022279199, 60.714737016557962 ], [ 5.056610693817854, 60.714981487082461 ], [ 5.05691524635768, 60.714811172504831 ], [ 5.056382022279199, 60.714737016557962 ] ], [ [ 5.093852080763846, 60.717828902546373 ], [ 5.091695184481861, 60.718105296373487 ], [ 5.09127186003841, 60.718732873871012 ], [ 5.093852080763846, 60.717828902546373 ] ], [ [ 5.093572630730343, 60.718433556744117 ], [ 5.09238567538762, 60.719068219780212 ], [ 5.09391043371444, 60.718546636488227 ], [ 5.093572630730343, 60.718433556744117 ] ], [ [ 5.094393432021499, 60.719025112444605 ], [ 5.093798313754727, 60.71931119582068 ], [ 5.093357777953472, 60.719486281258654 ], [ 5.093693508986004, 60.719415952040421 ], [ 5.094393432021499, 60.719025112444605 ] ], [ [ 5.093555113863557, 60.719271690441253 ], [ 5.093723368735506, 60.719230220086125 ], [ 5.093745924166244, 60.719195704841184 ], [ 5.093555113863557, 60.719271690441253 ] ], [ [ 5.089013303728881, 60.718931957722617 ], [ 5.084453295950413, 60.720035585394598 ], [ 5.082230860113449, 60.721692371196632 ], [ 5.087131113443817, 60.720099011087093 ], [ 5.089013303728881, 60.718931957722617 ] ], [ [ 5.082779700835395, 60.72111988879481 ], [ 5.083001739766989, 60.72106181524812 ], [ 5.082845527499519, 60.721092408133678 ], [ 5.082779700835395, 60.72111988879481 ] ], [ [ 5.082398183373577, 60.721265323965909 ], [ 5.08254125054845, 60.721277550408715 ], [ 5.082512510991499, 60.721247620613347 ], [ 5.082398183373577, 60.721265323965909 ] ], [ [ 5.083617826205432, 60.721818604428577 ], [ 5.077828657834306, 60.724361269947245 ], [ 5.075294685592391, 60.725099748610425 ], [ 5.080090752418609, 60.723814290461526 ], [ 5.083617826205432, 60.721818604428577 ] ], [ [ 5.080404603633315, 60.723129865325824 ], [ 5.080590546524604, 60.723099957604241 ], [ 5.080644027840189, 60.723053998684691 ], [ 5.080404603633315, 60.723129865325824 ] ], [ [ 5.038244196361355, 60.72104359247453 ], [ 5.036341415384464, 60.721064685194257 ], [ 5.038214690419831, 60.721281485827312 ], [ 5.038244196361355, 60.72104359247453 ] ], [ [ 5.027588641011346, 60.723990157527268 ], [ 5.026540541967414, 60.720643517452928 ], [ 5.025208957076862, 60.721224698877997 ], [ 5.026636987163542, 60.721581707906516 ], [ 5.025498734973168, 60.722278786918579 ], [ 5.021712326355376, 60.721605575698447 ], [ 5.00803396846467, 60.725592963903139 ], [ 5.001910623631557, 60.729132436303352 ], [ 5.010159661656498, 60.727262903279275 ], [ 5.012971535348461, 60.728461644331588 ], [ 5.018009458484667, 60.727776536627971 ], [ 5.027588641011346, 60.723990157527268 ] ], [ [ 5.024008371126206, 60.721257109745835 ], [ 5.024301207528581, 60.72121232403552 ], [ 5.024264608838919, 60.721181697587127 ], [ 5.024008371126206, 60.721257109745835 ] ], [ [ 5.023748877953065, 60.721544061673171 ], [ 5.02370596633486, 60.72140145675958 ], [ 5.023434715654647, 60.721561358693293 ], [ 5.023748877953065, 60.721544061673171 ] ], [ [ 5.014804025739599, 60.720846501057295 ], [ 5.014268848959202, 60.720936390395643 ], [ 5.014273816146027, 60.720981836938115 ], [ 5.014804025739599, 60.720846501057295 ] ], [ [ 5.022231115601494, 60.721537866089044 ], [ 5.022842815483838, 60.721341649919566 ], [ 5.021845956353395, 60.721425556992223 ], [ 5.022231115601494, 60.721537866089044 ] ], [ [ 5.023648957746305, 60.721607056398597 ], [ 5.023604957744092, 60.721626014024345 ], [ 5.023717272071988, 60.721590107171316 ], [ 5.023648957746305, 60.721607056398597 ] ], [ [ 5.022856835721034, 60.721319896105605 ], [ 5.022731947200775, 60.721310418392584 ], [ 5.022731370204799, 60.721318158581816 ], [ 5.022856835721034, 60.721319896105605 ] ], [ [ 5.025499942744569, 60.72191621967233 ], [ 5.025381741585917, 60.721936118586328 ], [ 5.025406885189618, 60.721949049716812 ], [ 5.025499942744569, 60.72191621967233 ] ], [ [ 5.003150780262161, 60.724757010849657 ], [ 5.003340793936412, 60.724727423577292 ], [ 5.003367367896693, 60.724703991667049 ], [ 5.003150780262161, 60.724757010849657 ] ], [ [ 5.002910395499264, 60.724837562599483 ], [ 5.003066570107906, 60.724813935088889 ], [ 5.003065512510014, 60.724800822070918 ], [ 5.002910395499264, 60.724837562599483 ] ], [ [ 5.002639490385778, 60.724936451560055 ], [ 5.002792320121648, 60.724919360638346 ], [ 5.002801855730835, 60.724893106943441 ], [ 5.002639490385778, 60.724936451560055 ] ], [ [ 4.996049650216659, 60.726413830513437 ], [ 4.996079845780504, 60.726308307998451 ], [ 4.995866815777829, 60.726413447170735 ], [ 4.996049650216659, 60.726413830513437 ] ], [ [ 5.000511986176222, 60.727981793722151 ], [ 5.000662007190463, 60.727904846798964 ], [ 5.000649493013314, 60.727887612386226 ], [ 5.000511986176222, 60.727981793722151 ] ], [ [ 5.000276847869803, 60.728067896640582 ], [ 5.000475494195652, 60.728039143578016 ], [ 5.000270499805439, 60.728048682887461 ], [ 5.000276847869803, 60.728067896640582 ] ], [ [ 5.056942484274092, 60.733280682622919 ], [ 5.05564864857014, 60.735021704197877 ], [ 5.057967975015244, 60.736685307160933 ], [ 5.060578924651918, 60.735708407225069 ], [ 5.060300518432221, 60.737737242950381 ], [ 5.065031735741048, 60.735623424172893 ], [ 5.062199591354529, 60.733983574908883 ], [ 5.06850844114023, 60.732249372149987 ], [ 5.066168089909319, 60.732018463772874 ], [ 5.07022375976366, 60.729969460566778 ], [ 5.074659343896307, 60.728466507373433 ], [ 5.076110207031654, 60.728436042058576 ], [ 5.076153858207594, 60.728225998993004 ], [ 5.078648504778613, 60.72700654008726 ], [ 5.079647128945564, 60.726766678149538 ], [ 5.078086455648188, 60.727458298846344 ], [ 5.077853709613289, 60.727759912924945 ], [ 5.0795318450717, 60.72717888119967 ], [ 5.081502208524987, 60.725974955106985 ], [ 5.078008421869757, 60.726795991214495 ], [ 5.07586384421626, 60.728057261396458 ], [ 5.072630673507769, 60.727030925282094 ], [ 5.06516590575057, 60.73099476549416 ], [ 5.056942484274092, 60.733280682622919 ] ], [ [ 5.000918208970774, 60.72929998623426 ], [ 5.000949515195606, 60.729325062211743 ], [ 5.000971038818146, 60.729291837034268 ], [ 5.000918208970774, 60.72929998623426 ] ], [ [ 5.055014712164817, 60.734371302115235 ], [ 5.045299210962719, 60.73761204337022 ], [ 5.051255085917282, 60.737213637335437 ], [ 5.049517892076617, 60.739491940365134 ], [ 5.054221730389306, 60.736785877610174 ], [ 5.054491289636024, 60.737382656590924 ], [ 5.054783272614872, 60.737055728906526 ], [ 5.055443889496073, 60.736957594177284 ], [ 5.054241543858859, 60.736652060716857 ], [ 5.055014712164817, 60.734371302115235 ] ], [ [ 4.989786638562588, 60.733130387383795 ], [ 4.989821099671847, 60.733076053863442 ], [ 4.989755679244178, 60.733127147949723 ], [ 4.989786638562588, 60.733130387383795 ] ], [ [ 4.989825214643598, 60.733321017269461 ], [ 4.989844244300851, 60.7333704232854 ], [ 4.989966327182339, 60.733298439113476 ], [ 4.989825214643598, 60.733321017269461 ] ], [ [ 5.007877411615739, 60.735826250614167 ], [ 5.007436196556243, 60.735197857596958 ], [ 5.006101592145855, 60.736368249760105 ], [ 5.007877411615739, 60.735826250614167 ] ], [ [ 4.990654979547221, 60.733941219768404 ], [ 4.990858297571363, 60.733904232345225 ], [ 4.99082139719768, 60.733881085320391 ], [ 4.990654979547221, 60.733941219768404 ] ], [ [ 4.989054556805288, 60.734062308808866 ], [ 4.98915551988995, 60.733981672705866 ], [ 4.988926554849435, 60.734077276177352 ], [ 4.989054556805288, 60.734062308808866 ] ], [ [ 4.990134525538374, 60.734231352979769 ], [ 4.990263826597268, 60.734296313675451 ], [ 4.990396683678012, 60.734198892880471 ], [ 4.990134525538374, 60.734231352979769 ] ], [ [ 5.003109248363198, 60.735603818003277 ], [ 4.996221711277155, 60.736489053716184 ], [ 4.990852286271878, 60.739621400147584 ], [ 5.001608560857519, 60.737503580431877 ], [ 5.003109248363198, 60.735603818003277 ] ], [ [ 4.988949777002411, 60.734871549169938 ], [ 4.989428362581211, 60.734617635225838 ], [ 4.988840579282481, 60.734841411410009 ], [ 4.988949777002411, 60.734871549169938 ] ], [ [ 4.984849726233707, 60.737765475258215 ], [ 4.987660761159264, 60.736510640545497 ], [ 4.986790668330281, 60.736896498791381 ], [ 4.986160929611316, 60.73676337999224 ], [ 4.984849726233707, 60.737765475258215 ] ], [ [ 4.987024225961633, 60.736662398146933 ], [ 4.987176305570876, 60.736628520514351 ], [ 4.987170786686289, 60.736601403217065 ], [ 4.987024225961633, 60.736662398146933 ] ], [ [ 4.98551088203075, 60.737678942118961 ], [ 4.985599869424408, 60.737752180607856 ], [ 4.985659439841442, 60.737678018319428 ], [ 4.98551088203075, 60.737678942118961 ] ], [ [ 4.989913709225763, 60.737738508547579 ], [ 4.990195028333017, 60.738156611311034 ], [ 4.990656553179565, 60.737586152147365 ], [ 4.989913709225763, 60.737738508547579 ] ], [ [ 4.993140539789001, 60.73804862955064 ], [ 4.99314579680345, 60.73817067299948 ], [ 4.993333148271022, 60.737984038574041 ], [ 4.993140539789001, 60.73804862955064 ] ], [ [ 5.017388713965825, 60.741093586758481 ], [ 5.017099475431885, 60.741333139361977 ], [ 5.01761635075635, 60.741056303813316 ], [ 5.017388713965825, 60.741093586758481 ] ], [ [ 5.02061068245474, 60.741570441165493 ], [ 5.019617051742135, 60.744025996150285 ], [ 5.019993776641654, 60.744257406300711 ], [ 5.024766407706435, 60.74058389976517 ], [ 5.02061068245474, 60.741570441165493 ] ], [ [ 5.035577007437806, 60.745381368287795 ], [ 5.035450777274403, 60.74544022895622 ], [ 5.035635362314325, 60.745388099640046 ], [ 5.035577007437806, 60.745381368287795 ] ], [ [ 5.04910276725446, 60.742101625287688 ], [ 5.036681483320206, 60.746018935526308 ], [ 5.040416316693487, 60.745017788440364 ], [ 5.040085608270269, 60.745533843247344 ], [ 5.034635690958642, 60.746934045196333 ], [ 5.038505583446289, 60.747135749719938 ], [ 5.035372779531361, 60.750175952255063 ], [ 5.044003229885058, 60.746819319834586 ], [ 5.039681028206912, 60.746922615281527 ], [ 5.04420599588363, 60.744804967114149 ], [ 5.041530322139828, 60.745046749902194 ], [ 5.045105369026892, 60.743908245815867 ], [ 5.04689477281674, 60.744671270523014 ], [ 5.04726784596542, 60.746073615337785 ], [ 5.043458584716846, 60.750383363628195 ], [ 5.044788915524005, 60.751172446312481 ], [ 5.054325462377728, 60.744902477655621 ], [ 5.052214356339101, 60.744166692230145 ], [ 5.052124659036642, 60.743037105940424 ], [ 5.04910276725446, 60.742101625287688 ] ], [ [ 5.038341399152868, 60.745943251800341 ], [ 5.038264731234103, 60.745950714973276 ], [ 5.038277289919559, 60.745959621379129 ], [ 5.038341399152868, 60.745943251800341 ] ], [ [ 5.038304928418041, 60.745672893406756 ], [ 5.038588731661037, 60.74575092662208 ], [ 5.038647993408, 60.745611830842712 ], [ 5.038304928418041, 60.745672893406756 ] ], [ [ 5.038753836462619, 60.745657057392258 ], [ 5.038726945898178, 60.745643727422305 ], [ 5.038690404083141, 60.745669495683444 ], [ 5.038753836462619, 60.745657057392258 ] ], [ [ 5.039056544974383, 60.745504000800047 ], [ 5.039268767875364, 60.745556119379117 ], [ 5.039295428030774, 60.745506983700146 ], [ 5.039056544974383, 60.745504000800047 ] ], [ [ 5.036756799611087, 60.746282706143447 ], [ 5.036773364469115, 60.746235709570755 ], [ 5.036734436919395, 60.746279127949279 ], [ 5.036756799611087, 60.746282706143447 ] ], [ [ 5.034308658323099, 60.747190616790931 ], [ 5.034428389456661, 60.747101764280799 ], [ 5.034127750285881, 60.747184916303617 ], [ 5.034308658323099, 60.747190616790931 ] ], [ [ 5.033538472763499, 60.747902031231128 ], [ 5.033578583601344, 60.747250957060793 ], [ 5.032991324512037, 60.747743767583572 ], [ 5.033538472763499, 60.747902031231128 ] ], [ [ 5.010713145100976, 60.747490531932556 ], [ 5.010564403515505, 60.747417707562484 ], [ 5.010482625590023, 60.747503242129035 ], [ 5.010713145100976, 60.747490531932556 ] ], [ [ 5.034052088004318, 60.749313812507339 ], [ 5.033019089649028, 60.749536959431033 ], [ 5.033311706260655, 60.749771696140698 ], [ 5.034419009716996, 60.749192099604628 ], [ 5.034052088004318, 60.749313812507339 ] ], [ [ 5.034107602768456, 60.749231635613818 ], [ 5.034151949839814, 60.749142013867733 ], [ 5.033909126063669, 60.749221177985824 ], [ 5.034107602768456, 60.749231635613818 ] ], [ [ 5.017607241929164, 60.749871904942907 ], [ 5.018201611540126, 60.749111597851481 ], [ 5.017559099166496, 60.749564451100916 ], [ 5.017607241929164, 60.749871904942907 ] ], [ [ 5.01773375216602, 60.749827651433478 ], [ 5.017649732334619, 60.749908586422244 ], [ 5.017779009985624, 60.749842547411092 ], [ 5.01773375216602, 60.749827651433478 ] ], [ [ 5.018668997129677, 60.749827523633051 ], [ 5.017735371659964, 60.749991049620419 ], [ 5.017679996877168, 60.750152789014642 ], [ 5.018668997129677, 60.749827523633051 ] ], [ [ 5.036904780898921, 60.751101712234636 ], [ 5.037228896997639, 60.751197612785589 ], [ 5.037367770634774, 60.751129742055227 ], [ 5.036904780898921, 60.751101712234636 ] ], [ [ 5.054657757489324, 60.752202949186781 ], [ 5.055293512083937, 60.75221968523816 ], [ 5.055201473033529, 60.752008892470641 ], [ 5.054657757489324, 60.752202949186781 ] ], [ [ 5.03750510346129, 60.751170723816408 ], [ 5.037554395464847, 60.7511314309479 ], [ 5.037444688394851, 60.751170536707221 ], [ 5.03750510346129, 60.751170723816408 ] ], [ [ 5.039528006678621, 60.750056451318159 ], [ 5.041953814505831, 60.750306579445336 ], [ 5.04260202145562, 60.749257718757725 ], [ 5.039528006678621, 60.750056451318159 ] ], [ [ 5.043162121607557, 60.749379531541017 ], [ 5.042915514009828, 60.749421230222175 ], [ 5.042916241587419, 60.749466174887964 ], [ 5.043162121607557, 60.749379531541017 ] ], [ [ 5.045042793563604, 60.747211109453474 ], [ 5.044023199286204, 60.747500683213396 ], [ 5.044294779901416, 60.74755108776494 ], [ 5.045042793563604, 60.747211109453474 ] ], [ [ 5.044930676511524, 60.74669063485797 ], [ 5.045397539034817, 60.747141673246617 ], [ 5.046316309786858, 60.746483333937505 ], [ 5.044930676511524, 60.74669063485797 ] ], [ [ 5.042131933034215, 60.746199631300499 ], [ 5.045640478151193, 60.746120444979894 ], [ 5.046447133061566, 60.74515187395297 ], [ 5.042131933034215, 60.746199631300499 ] ], [ [ 5.044183271084092, 60.74622263763726 ], [ 5.044148904544747, 60.746291107160687 ], [ 5.044215924599682, 60.746231149114145 ], [ 5.044183271084092, 60.74622263763726 ] ], [ [ 5.044175041131508, 60.746907860156313 ], [ 5.044209463098657, 60.746928450692451 ], [ 5.044220482130646, 60.746908008221126 ], [ 5.044175041131508, 60.746907860156313 ] ], [ [ 5.041620971885013, 60.746563793493394 ], [ 5.041871591967499, 60.746545839798493 ], [ 5.04187764284706, 60.746476876637516 ], [ 5.041620971885013, 60.746563793493394 ] ], [ [ 5.047520479167492, 60.751253060672482 ], [ 5.049560328136295, 60.751214468447849 ], [ 5.049691301579289, 60.750729498055001 ], [ 5.047520479167492, 60.751253060672482 ] ], [ [ 5.048358569236394, 60.749821278119356 ], [ 5.048289175758303, 60.749810196254856 ], [ 5.048313704355031, 60.749828143626466 ], [ 5.048358569236394, 60.749821278119356 ] ], [ [ 5.053210787593306, 60.746106039306866 ], [ 5.053681179814888, 60.746129682252466 ], [ 5.053735323923942, 60.746017984135349 ], [ 5.053210787593306, 60.746106039306866 ] ], [ [ 5.055067365687428, 60.74503523098646 ], [ 5.055229662749517, 60.745089195519597 ], [ 5.055272697681556, 60.74501775341632 ], [ 5.055067365687428, 60.74503523098646 ] ], [ [ 5.054646739933935, 60.744950609565038 ], [ 5.054919003161802, 60.744931356797338 ], [ 5.05495489956507, 60.74482182175656 ], [ 5.054646739933935, 60.744950609565038 ] ], [ [ 5.054955818793927, 60.744807048198268 ], [ 5.055087752545902, 60.744820909391066 ], [ 5.055108757712317, 60.74480220970031 ], [ 5.054955818793927, 60.744807048198268 ] ], [ [ 5.054736110771912, 60.744409671726515 ], [ 5.055243334685964, 60.744618883069677 ], [ 5.055370929117522, 60.744297560560987 ], [ 5.054736110771912, 60.744409671726515 ] ], [ [ 5.052532118842501, 60.744179903992666 ], [ 5.052430627221824, 60.744195833010778 ], [ 5.052456343709555, 60.744218846310794 ], [ 5.052532118842501, 60.744179903992666 ] ], [ [ 5.052964217071611, 60.743633321689735 ], [ 5.053890847485361, 60.743733943419947 ], [ 5.053378115432522, 60.743327108120084 ], [ 5.052964217071611, 60.743633321689735 ] ], [ [ 5.054611653890213, 60.743631805650118 ], [ 5.055009946631077, 60.743867704699852 ], [ 5.055421438489732, 60.743679772855494 ], [ 5.054611653890213, 60.743631805650118 ] ], [ [ 5.056591497116772, 60.743278848723314 ], [ 5.055956220581877, 60.743455820200623 ], [ 5.056269700305355, 60.743368516723777 ], [ 5.056442218681501, 60.743422883356729 ], [ 5.056591497116772, 60.743278848723314 ] ], [ [ 5.055253873062531, 60.7432397834501 ], [ 5.055318878645467, 60.743219310407142 ], [ 5.055283145521502, 60.743205864953758 ], [ 5.055253873062531, 60.7432397834501 ] ], [ [ 5.055256916090936, 60.743287434512162 ], [ 5.055020015373351, 60.7433225485713 ], [ 5.055027794455681, 60.74335326835579 ], [ 5.055256916090936, 60.743287434512162 ] ], [ [ 5.042585868964998, 60.742566344376399 ], [ 5.052033848302665, 60.740420024195998 ], [ 5.047746277746979, 60.741098473797194 ], [ 5.049748176538659, 60.737890187547848 ], [ 5.042851554734582, 60.740309634796098 ], [ 5.045596613033047, 60.741026232245396 ], [ 5.042585868964998, 60.742566344376399 ] ], [ [ 5.048295024410702, 60.741810768521852 ], [ 5.048234265792774, 60.741792821032618 ], [ 5.048225373390549, 60.741801748018403 ], [ 5.048295024410702, 60.741810768521852 ] ], [ [ 5.049954809798666, 60.739609931671978 ], [ 5.050961664322, 60.739970994705267 ], [ 5.052130066787276, 60.739612979331135 ], [ 5.049954809798666, 60.739609931671978 ] ], [ [ 5.049002854902279, 60.73951443718893 ], [ 5.048979645633516, 60.73948283199671 ], [ 5.048970175355982, 60.739512531396493 ], [ 5.049002854902279, 60.73951443718893 ] ], [ [ 5.029270728560105, 60.737892398450413 ], [ 5.029649831363556, 60.736970732906734 ], [ 5.027393320509519, 60.738135974657403 ], [ 5.029270728560105, 60.737892398450413 ] ], [ [ 5.045130756582123, 60.737978082222895 ], [ 5.045358904603817, 60.737944865394098 ], [ 5.045111807893715, 60.737930504851818 ], [ 5.045130756582123, 60.737978082222895 ] ], [ [ 5.003622115003341, 60.737042708464784 ], [ 5.005953497700786, 60.735943836909151 ], [ 5.002264376331897, 60.737374386406032 ], [ 5.003622115003341, 60.737042708464784 ] ], [ [ 5.025495228198471, 60.738546314198182 ], [ 5.025818135764373, 60.738536448405817 ], [ 5.025815335858152, 60.738445098035541 ], [ 5.025495228198471, 60.738546314198182 ] ], [ [ 5.039280416474224, 60.740484479212448 ], [ 5.039162500600696, 60.740228014075775 ], [ 5.038890356354479, 60.74047142167688 ], [ 5.039280416474224, 60.740484479212448 ] ], [ [ 5.03880301750885, 60.740590400297592 ], [ 5.038450392432571, 60.740560510022569 ], [ 5.038318066523304, 60.740579273742476 ], [ 5.03880301750885, 60.740590400297592 ] ], [ [ 5.038335362325478, 60.740544097773075 ], [ 5.038271264570557, 60.740526799859978 ], [ 5.038260209216477, 60.740563892025783 ], [ 5.038335362325478, 60.740544097773075 ] ], [ [ 5.044236291277362, 60.740759179441731 ], [ 5.044079772379415, 60.740793240310566 ], [ 5.044061662728728, 60.740838130115783 ], [ 5.044236291277362, 60.740759179441731 ] ], [ [ 5.038184046162061, 60.740712127213257 ], [ 5.038106504853135, 60.740653908164845 ], [ 5.038055589035176, 60.740702581424351 ], [ 5.038184046162061, 60.740712127213257 ] ], [ [ 5.022185232926534, 60.739557586177781 ], [ 5.022121250473717, 60.739511054755667 ], [ 5.022116346679573, 60.739569153861837 ], [ 5.022185232926534, 60.739557586177781 ] ], [ [ 5.038515216782066, 60.74070484042862 ], [ 5.038535183631294, 60.7407963903621 ], [ 5.038648688107516, 60.740724355382035 ], [ 5.038515216782066, 60.74070484042862 ] ], [ [ 5.021894656426842, 60.739721382057738 ], [ 5.022325025735696, 60.73969489051872 ], [ 5.022352400309944, 60.73962644240634 ], [ 5.021894656426842, 60.739721382057738 ] ], [ [ 5.037361120670177, 60.741234963667125 ], [ 5.037228689234373, 60.741098140644119 ], [ 5.036896133590181, 60.741312395845853 ], [ 5.037361120670177, 60.741234963667125 ] ], [ [ 5.025280056311974, 60.740616147760335 ], [ 5.025013714670304, 60.740608269272009 ], [ 5.024999065881665, 60.74065323681161 ], [ 5.025280056311974, 60.740616147760335 ] ], [ [ 5.040741333072677, 60.742958477284077 ], [ 5.040923458530543, 60.742934213739879 ], [ 5.040853122884329, 60.742879523807495 ], [ 5.040741333072677, 60.742958477284077 ] ], [ [ 5.024559700202246, 60.742223650516877 ], [ 5.024110283463703, 60.742080196391711 ], [ 5.023821656141826, 60.742467152772598 ], [ 5.024559700202246, 60.742223650516877 ] ], [ [ 5.040856224892868, 60.743213446197835 ], [ 5.040704449494871, 60.743188579222021 ], [ 5.040683012485557, 60.743244079923727 ], [ 5.040856224892868, 60.743213446197835 ] ], [ [ 4.997566526264182, 60.739503367039553 ], [ 4.996895371614666, 60.738934723767656 ], [ 4.996442459506109, 60.73921929150405 ], [ 4.997036347180946, 60.739225565556339 ], [ 4.997566526264182, 60.739503367039553 ] ], [ [ 4.996958049866853, 60.739435263859967 ], [ 4.997029819316245, 60.739425736239404 ], [ 4.99701790577702, 60.73932482430854 ], [ 4.996958049866853, 60.739435263859967 ] ], [ [ 4.999702698826947, 60.739187728201891 ], [ 4.998520174312508, 60.739110248219994 ], [ 4.997586760483514, 60.739665457298393 ], [ 4.999702698826947, 60.739187728201891 ] ], [ [ 5.018033922225151, 60.740945143402008 ], [ 5.017914713914145, 60.740963877875458 ], [ 5.017930376745639, 60.740972295877256 ], [ 5.018033922225151, 60.740945143402008 ] ], [ [ 5.057754510969914, 60.739102193801884 ], [ 5.058674836598904, 60.739397799545046 ], [ 5.058679826559783, 60.739101870599249 ], [ 5.057754510969914, 60.739102193801884 ] ], [ [ 5.062661804053405, 60.739560268466832 ], [ 5.062597965575703, 60.739609611150456 ], [ 5.062697992944148, 60.739593565806693 ], [ 5.062661804053405, 60.739560268466832 ] ], [ [ 5.060348958170374, 60.738716926298856 ], [ 5.060131359305939, 60.73879928584762 ], [ 5.060358267360501, 60.738746312022087 ], [ 5.060348958170374, 60.738716926298856 ] ], [ [ 5.060940398235269, 60.738412943955574 ], [ 5.061120227142793, 60.738591839313017 ], [ 5.061193152776863, 60.738486161633325 ], [ 5.060940398235269, 60.738412943955574 ] ], [ [ 5.06099554999555, 60.738383133728313 ], [ 5.061158104706278, 60.73841665810977 ], [ 5.061064219233661, 60.738339040454655 ], [ 5.06099554999555, 60.738383133728313 ] ], [ [ 5.061277857061871, 60.738294212750432 ], [ 5.061201392040641, 60.73840116406047 ], [ 5.061424034010823, 60.738328683104832 ], [ 5.061277857061871, 60.738294212750432 ] ], [ [ 5.061345480853742, 60.738085328833996 ], [ 5.062819232934268, 60.738028100598044 ], [ 5.062413368598281, 60.737766770278917 ], [ 5.061345480853742, 60.738085328833996 ] ], [ [ 5.064637975068458, 60.738166084973557 ], [ 5.064518479881177, 60.738508649847276 ], [ 5.065240668144487, 60.738413986655743 ], [ 5.064637975068458, 60.738166084973557 ] ], [ [ 5.065255804328263, 60.73821683201021 ], [ 5.065384780388182, 60.738248381951053 ], [ 5.065394140591823, 60.738200030830548 ], [ 5.065255804328263, 60.73821683201021 ] ], [ [ 5.062834415238448, 60.73770117046513 ], [ 5.064732901164123, 60.737754168449939 ], [ 5.064792181381628, 60.737593258697359 ], [ 5.062834415238448, 60.73770117046513 ] ], [ [ 5.065127871543341, 60.737155552689728 ], [ 5.068804035492824, 60.737337493701602 ], [ 5.0682621131998, 60.736682106352909 ], [ 5.065127871543341, 60.737155552689728 ] ], [ [ 5.077751017939047, 60.738018229861346 ], [ 5.077660623790321, 60.738020616373518 ], [ 5.077708819591141, 60.738032633760994 ], [ 5.077751017939047, 60.738018229861346 ] ], [ [ 5.077824296515742, 60.738139543379162 ], [ 5.077663029515919, 60.73807219946594 ], [ 5.077627638051606, 60.73810331122381 ], [ 5.077824296515742, 60.738139543379162 ] ], [ [ 5.07812989071371, 60.738003007038877 ], [ 5.078086410844747, 60.737982382772302 ], [ 5.078078572696981, 60.738009308792002 ], [ 5.07812989071371, 60.738003007038877 ] ], [ [ 5.078160904290614, 60.737937902552972 ], [ 5.078251576166514, 60.737941147385541 ], [ 5.078223475839073, 60.737915065786289 ], [ 5.078160904290614, 60.737937902552972 ] ], [ [ 5.063912655719291, 60.738358432349209 ], [ 5.064018836270612, 60.738357598280459 ], [ 5.064026271037739, 60.738345031927132 ], [ 5.063912655719291, 60.738358432349209 ] ], [ [ 5.055440380869934, 60.73750903223155 ], [ 5.055790322917795, 60.737062817397231 ], [ 5.055385842342993, 60.73701677957299 ], [ 5.055440380869934, 60.73750903223155 ] ], [ [ 5.055093923023511, 60.736525845132043 ], [ 5.057557615903055, 60.736878846485425 ], [ 5.055871762517792, 60.736102716465403 ], [ 5.055093923023511, 60.736525845132043 ] ], [ [ 5.056782778702039, 60.736262705069514 ], [ 5.056940865308214, 60.736246577326476 ], [ 5.056882893020792, 60.736214995392899 ], [ 5.056782778702039, 60.736262705069514 ] ], [ [ 5.055071936834951, 60.737126942826301 ], [ 5.055250373273935, 60.737098946538396 ], [ 5.055237987616257, 60.737078832527182 ], [ 5.055071936834951, 60.737126942826301 ] ], [ [ 5.055560316617873, 60.737612679075838 ], [ 5.054877290642287, 60.737757646017648 ], [ 5.055198725420057, 60.73786362283419 ], [ 5.055560316617873, 60.737612679075838 ] ], [ [ 5.063839356357903, 60.734510101257271 ], [ 5.068321129597827, 60.735161682887536 ], [ 5.066156526746557, 60.734680211454723 ], [ 5.066387511169347, 60.733348763689342 ], [ 5.063839356357903, 60.734510101257271 ] ], [ [ 5.068162518451769, 60.734703201558311 ], [ 5.069146621575298, 60.734707118214999 ], [ 5.069164576945288, 60.734635337032167 ], [ 5.068162518451769, 60.734703201558311 ] ], [ [ 5.069484518748824, 60.7344291226782 ], [ 5.069538710450169, 60.734486479848037 ], [ 5.069624118485239, 60.734439019530626 ], [ 5.069484518748824, 60.7344291226782 ] ], [ [ 5.066502913432616, 60.733993614545149 ], [ 5.066495004118067, 60.734049766603825 ], [ 5.066542567380649, 60.734050157208848 ], [ 5.066502913432616, 60.733993614545149 ] ], [ [ 5.06730911410405, 60.733762602195704 ], [ 5.067426608206215, 60.733868226255389 ], [ 5.067475876219547, 60.733757700267482 ], [ 5.06730911410405, 60.733762602195704 ] ], [ [ 5.067228068212069, 60.733643233397466 ], [ 5.068359342722889, 60.733370195113501 ], [ 5.066958747954414, 60.733245248305963 ], [ 5.067228068212069, 60.733643233397466 ] ], [ [ 5.068003066125886, 60.733066073451667 ], [ 5.068437922586289, 60.733098146736516 ], [ 5.068571777655477, 60.733006164783653 ], [ 5.068003066125886, 60.733066073451667 ] ], [ [ 5.074523490608728, 60.731672237061517 ], [ 5.076962270438466, 60.732843303576551 ], [ 5.076311241868317, 60.731929300242612 ], [ 5.074523490608728, 60.731672237061517 ] ], [ [ 5.077153760515557, 60.732712181907381 ], [ 5.080016022137231, 60.732076172565336 ], [ 5.080444912884559, 60.730572548265847 ], [ 5.076074977216621, 60.731247651986926 ], [ 5.077153760515557, 60.732712181907381 ] ], [ [ 5.080373337206441, 60.731461957376467 ], [ 5.080345694337517, 60.73150441744324 ], [ 5.080413350973322, 60.731487752194937 ], [ 5.080373337206441, 60.731461957376467 ] ], [ [ 5.074473613074783, 60.731672762144626 ], [ 5.074452857564366, 60.731636187480625 ], [ 5.074421790029581, 60.731667078336237 ], [ 5.074473613074783, 60.731672762144626 ] ], [ [ 5.06938366894888, 60.731954461821978 ], [ 5.06918619193318, 60.731177954618119 ], [ 5.068957158630809, 60.731852425156866 ], [ 5.06938366894888, 60.731954461821978 ] ], [ [ 5.072572935030654, 60.732147243445702 ], [ 5.072478676914331, 60.732201192867514 ], [ 5.072596151379124, 60.732155766663681 ], [ 5.072572935030654, 60.732147243445702 ] ], [ [ 5.071716672663208, 60.732428840275723 ], [ 5.071609764972728, 60.732328356080536 ], [ 5.071343261556988, 60.73243503784991 ], [ 5.071716672663208, 60.732428840275723 ] ], [ [ 5.069491745626518, 60.730758805971213 ], [ 5.069454768577352, 60.730850703288183 ], [ 5.06958754105758, 60.730771038520714 ], [ 5.069491745626518, 60.730758805971213 ] ], [ [ 5.071811324829424, 60.730104197107224 ], [ 5.071545547330731, 60.730143419838647 ], [ 5.071608928102727, 60.730211599338659 ], [ 5.071811324829424, 60.730104197107224 ] ], [ [ 5.074552289092459, 60.728952267348312 ], [ 5.074149121470215, 60.728915340656577 ], [ 5.074209472530988, 60.729068542395744 ], [ 5.074552289092459, 60.728952267348312 ] ], [ [ 5.074802817367692, 60.728658954608527 ], [ 5.074636636132419, 60.728755764281068 ], [ 5.074942656263909, 60.728691127685281 ], [ 5.074802817367692, 60.728658954608527 ] ], [ [ 5.076828280832598, 60.72805124509572 ], [ 5.076603409335206, 60.728083217153099 ], [ 5.076634167087727, 60.728126240420373 ], [ 5.076828280832598, 60.72805124509572 ] ], [ [ 5.082091307276456, 60.726249551522486 ], [ 5.082189375214961, 60.72626275961661 ], [ 5.082201885492262, 60.726230300423836 ], [ 5.082091307276456, 60.726249551522486 ] ], [ [ 5.032984239250888, 60.722511517676466 ], [ 5.032799824846385, 60.722385806659737 ], [ 5.032584757348896, 60.722528675332022 ], [ 5.032984239250888, 60.722511517676466 ] ], [ [ 5.075277053947418, 60.725621785462572 ], [ 5.073293592310795, 60.726129526172897 ], [ 5.073175997033111, 60.72631946989047 ], [ 5.075277053947418, 60.725621785462572 ] ], [ [ 5.028414490290348, 60.722699859124816 ], [ 5.029042836206297, 60.722443321648313 ], [ 5.029089056434892, 60.722368868149665 ], [ 5.028414490290348, 60.722699859124816 ] ], [ [ 5.028678848042891, 60.722760806778034 ], [ 5.028802819957365, 60.722776183009074 ], [ 5.028829369332482, 60.722748038914659 ], [ 5.028678848042891, 60.722760806778034 ] ], [ [ 5.028464802270166, 60.722904470650931 ], [ 5.028639817670558, 60.722904946637108 ], [ 5.028676122153681, 60.722841514080699 ], [ 5.028464802270166, 60.722904470650931 ] ], [ [ 5.076123212723979, 60.725894903307641 ], [ 5.076223184406393, 60.725944095809623 ], [ 5.076358254219208, 60.725842697324474 ], [ 5.076123212723979, 60.725894903307641 ] ], [ [ 5.072337769967336, 60.72649218216749 ], [ 5.07042401276008, 60.72681749161724 ], [ 5.06967228558353, 60.727183811175493 ], [ 5.070812920170888, 60.72696051624844 ], [ 5.071024732755075, 60.727321884016135 ], [ 5.072337769967336, 60.72649218216749 ] ], [ [ 5.028900376443586, 60.724084620234684 ], [ 5.028630220983316, 60.723970744788787 ], [ 5.028521041286451, 60.724135319071202 ], [ 5.028900376443586, 60.724084620234684 ] ], [ [ 5.030222448633158, 60.724148440446164 ], [ 5.028553191588859, 60.724783311425433 ], [ 5.030821684158088, 60.72451147937582 ], [ 5.030222448633158, 60.724148440446164 ] ], [ [ 5.070519643844642, 60.727122387499172 ], [ 5.070326641705251, 60.727097183556936 ], [ 5.070284373336921, 60.727155109556186 ], [ 5.070519643844642, 60.727122387499172 ] ], [ [ 5.075683686150955, 60.727590576866746 ], [ 5.075749249904589, 60.727606699470982 ], [ 5.075759027613579, 60.727595484482144 ], [ 5.075683686150955, 60.727590576866746 ] ], [ [ 5.02826667851564, 60.725224455293727 ], [ 5.027057104859288, 60.725085079665853 ], [ 5.026796763882512, 60.725988953947521 ], [ 5.02826667851564, 60.725224455293727 ] ], [ [ 5.026608255998415, 60.725506966122367 ], [ 5.026749930528953, 60.72547823973504 ], [ 5.026721333716818, 60.725458623659975 ], [ 5.026608255998415, 60.725506966122367 ] ], [ [ 5.026377560795942, 60.725930851258887 ], [ 5.026189326445771, 60.725903495237205 ], [ 5.026178273161349, 60.725997786721294 ], [ 5.026377560795942, 60.725930851258887 ] ], [ [ 5.065082818273013, 60.729067766261146 ], [ 5.06375352634825, 60.729241423210794 ], [ 5.063873801343436, 60.729503282992503 ], [ 5.065082818273013, 60.729067766261146 ] ], [ [ 5.02617770674044, 60.726203736101624 ], [ 5.026257468695581, 60.726182124291348 ], [ 5.026396185800349, 60.726103850092436 ], [ 5.02617770674044, 60.726203736101624 ] ], [ [ 5.025538308015325, 60.726064556208009 ], [ 5.025610223685629, 60.726122272226675 ], [ 5.025644285682586, 60.726055413223463 ], [ 5.025538308015325, 60.726064556208009 ] ], [ [ 5.025861026910603, 60.726220671079687 ], [ 5.025929406878813, 60.726220649816284 ], [ 5.025918573029443, 60.726202730174592 ], [ 5.025861026910603, 60.726220671079687 ] ], [ [ 5.067699632180557, 60.728945440520206 ], [ 5.066628972587283, 60.729335672665464 ], [ 5.066575877460932, 60.729440119648906 ], [ 5.067699632180557, 60.728945440520206 ] ], [ [ 5.066183465430396, 60.728759158557935 ], [ 5.066891404329779, 60.728872940147198 ], [ 5.066572615426654, 60.728697049622632 ], [ 5.066183465430396, 60.728759158557935 ] ], [ [ 5.065895915216222, 60.728935115688977 ], [ 5.065368450303477, 60.728895015583298 ], [ 5.065483202660372, 60.729002247338698 ], [ 5.065895915216222, 60.728935115688977 ] ], [ [ 5.066071177919597, 60.730050884896691 ], [ 5.066143362853232, 60.730071851664547 ], [ 5.066197692203295, 60.730043426817694 ], [ 5.066071177919597, 60.730050884896691 ] ], [ [ 5.064988915209007, 60.730266658758076 ], [ 5.065019235529479, 60.73022693526881 ], [ 5.064959186135997, 60.730257103706982 ], [ 5.064988915209007, 60.730266658758076 ] ], [ [ 5.064825407775705, 60.730597602081353 ], [ 5.065162435213755, 60.730598385150159 ], [ 5.06512683469351, 60.730570924233241 ], [ 5.064825407775705, 60.730597602081353 ] ], [ [ 5.064523291253494, 60.730753824505918 ], [ 5.064308729019153, 60.730660843376782 ], [ 5.064282047214737, 60.730734505279919 ], [ 5.064523291253494, 60.730753824505918 ] ], [ [ 5.010635708167732, 60.728413971345724 ], [ 5.011146828200148, 60.72832345594199 ], [ 5.011282167955374, 60.728230188142824 ], [ 5.010635708167732, 60.728413971345724 ] ], [ [ 5.01003291565302, 60.728552796728259 ], [ 5.010172575965417, 60.728561224550276 ], [ 5.010151213241405, 60.728516806452866 ], [ 5.01003291565302, 60.728552796728259 ] ], [ [ 5.00371474740915, 60.728910693737312 ], [ 5.003892511804762, 60.728897831360726 ], [ 5.003905604740492, 60.7288790861584 ], [ 5.00371474740915, 60.728910693737312 ] ], [ [ 5.033533271229724, 60.72228864684498 ], [ 5.033294739695837, 60.722282141167881 ], [ 5.033276730810581, 60.72233201482959 ], [ 5.033533271229724, 60.72228864684498 ] ], [ [ 5.07821602300509, 60.724704973234097 ], [ 5.077779324372291, 60.725304287491277 ], [ 5.079380348063861, 60.724586007722991 ], [ 5.07821602300509, 60.724704973234097 ] ], [ [ 5.079971262785088, 60.724343283026592 ], [ 5.079802451784684, 60.724433837215514 ], [ 5.080092622875297, 60.72434990758439 ], [ 5.079971262785088, 60.724343283026592 ] ], [ [ 5.080295791810793, 60.724244544618443 ], [ 5.080205041796024, 60.724260659948968 ], [ 5.08019689181704, 60.72427199674339 ], [ 5.080295791810793, 60.724244544618443 ] ], [ [ 5.080786436357942, 60.724120841160619 ], [ 5.081050566042735, 60.724148991494083 ], [ 5.081065832493567, 60.724023434920873 ], [ 5.080786436357942, 60.724120841160619 ] ], [ [ 5.085462129788119, 60.723988832712323 ], [ 5.085352634732073, 60.724044999328832 ], [ 5.085579975916867, 60.723969941076192 ], [ 5.085462129788119, 60.723988832712323 ] ], [ [ 5.085572643971036, 60.723954913972868 ], [ 5.085698310778801, 60.72392692306309 ], [ 5.085663430971042, 60.72390305147573 ], [ 5.085572643971036, 60.723954913972868 ] ], [ [ 5.087467911854603, 60.723785758267155 ], [ 5.087505142746473, 60.723835325014015 ], [ 5.087600370785233, 60.723759087268917 ], [ 5.087467911854603, 60.723785758267155 ] ], [ [ 5.080966646247946, 60.723324438889541 ], [ 5.081054375999258, 60.723322758212653 ], [ 5.081055783597774, 60.723314085077725 ], [ 5.080966646247946, 60.723324438889541 ] ], [ [ 5.084097338383541, 60.722236139683069 ], [ 5.083376041069719, 60.722734116837557 ], [ 5.084099253099052, 60.722414562735899 ], [ 5.084097338383541, 60.722236139683069 ] ], [ [ 5.085835763604754, 60.7216754805441 ], [ 5.086012780040768, 60.721805984276706 ], [ 5.086735248154769, 60.721505276634467 ], [ 5.085835763604754, 60.7216754805441 ] ], [ [ 5.084996993951888, 60.721598359308061 ], [ 5.085809522191757, 60.721420852635958 ], [ 5.086221910371835, 60.721046764967014 ], [ 5.084996993951888, 60.721598359308061 ] ], [ [ 5.086873687188239, 60.721391090259495 ], [ 5.086804875035368, 60.721472105101157 ], [ 5.086938482849911, 60.7213930327596 ], [ 5.086873687188239, 60.721391090259495 ] ], [ [ 5.092425387535941, 60.720903098128453 ], [ 5.092367110063598, 60.720884359960181 ], [ 5.092299115993753, 60.720936660120067 ], [ 5.092425387535941, 60.720903098128453 ] ], [ [ 5.089265877319694, 60.720342110006143 ], [ 5.088996110301035, 60.720509117384402 ], [ 5.089536917225372, 60.720289765987104 ], [ 5.089265877319694, 60.720342110006143 ] ], [ [ 5.093058673575737, 60.720661947623654 ], [ 5.093662260029567, 60.720461021013676 ], [ 5.093764622861098, 60.720332643918034 ], [ 5.093409245008319, 60.720378793204951 ], [ 5.093058673575737, 60.720661947623654 ] ], [ [ 5.092912391485464, 60.720689763495358 ], [ 5.092974925268678, 60.720692439256005 ], [ 5.093073341046392, 60.720640327666317 ], [ 5.092912391485464, 60.720689763495358 ] ], [ [ 5.095305183370114, 60.720236284765015 ], [ 5.095137808771381, 60.720289768437567 ], [ 5.095168013482488, 60.72031383150351 ], [ 5.095305183370114, 60.720236284765015 ] ], [ [ 5.093830998047402, 60.719778784115988 ], [ 5.099410158247498, 60.717184665071791 ], [ 5.100445818860212, 60.717079012642351 ], [ 5.100216574591927, 60.717389960940196 ], [ 5.101074765436034, 60.717221748583704 ], [ 5.102330330037683, 60.716195316925777 ], [ 5.099219955660393, 60.71667981463883 ], [ 5.093830998047402, 60.719778784115988 ] ], [ [ 5.097466091601762, 60.71962520162775 ], [ 5.097551454954933, 60.719651297148864 ], [ 5.097565313721429, 60.719612060443787 ], [ 5.097466091601762, 60.71962520162775 ] ], [ [ 5.096502649609865, 60.719154155560972 ], [ 5.097039041267289, 60.719343940156634 ], [ 5.099310723643831, 60.718285723761582 ], [ 5.096502649609865, 60.719154155560972 ] ], [ [ 5.097975001800801, 60.719066616522575 ], [ 5.097829329481276, 60.719191765238946 ], [ 5.098045957113539, 60.719107564255474 ], [ 5.097975001800801, 60.719066616522575 ] ], [ [ 5.100128955693597, 60.717197549937353 ], [ 5.100097320795863, 60.717178087148461 ], [ 5.100066798957426, 60.717210922974466 ], [ 5.100128955693597, 60.717197549937353 ] ], [ [ 5.102741540529619, 60.717098435132414 ], [ 5.102507521538692, 60.717159627026291 ], [ 5.10250846288069, 60.717179787022026 ], [ 5.102741540529619, 60.717098435132414 ] ], [ [ 5.103339393168504, 60.716418961215183 ], [ 5.103770848583086, 60.716744962414808 ], [ 5.10404752228663, 60.716277008761516 ], [ 5.103339393168504, 60.716418961215183 ] ], [ [ 5.097689536963829, 60.716527832700038 ], [ 5.097895909130703, 60.716385041424026 ], [ 5.097636395269382, 60.716498529801157 ], [ 5.097689536963829, 60.716527832700038 ] ], [ [ 5.098271854998636, 60.716544755249565 ], [ 5.098151928323913, 60.716584134075497 ], [ 5.098155328182014, 60.716601129305182 ], [ 5.098271854998636, 60.716544755249565 ] ], [ [ 5.097180440623874, 60.716956992117332 ], [ 5.097528519472108, 60.716736267924006 ], [ 5.097496450667216, 60.71669740603312 ], [ 5.097180440623874, 60.716956992117332 ] ], [ [ 5.059979106948155, 60.714098997263221 ], [ 5.060146559854878, 60.714067282888102 ], [ 5.060089369645015, 60.714034492197847 ], [ 5.059979106948155, 60.714098997263221 ] ], [ [ 5.097269814711986, 60.717130623409162 ], [ 5.097311040593032, 60.717145372715891 ], [ 5.097320929982642, 60.717129006818944 ], [ 5.097269814711986, 60.717130623409162 ] ], [ [ 5.096959948630184, 60.717195106959835 ], [ 5.096923305601893, 60.717167396593318 ], [ 5.096841638803839, 60.717215601383806 ], [ 5.096959948630184, 60.717195106959835 ] ], [ [ 5.097196593793524, 60.71720217279001 ], [ 5.096780097931027, 60.717262049745138 ], [ 5.096713728689113, 60.717349584814734 ], [ 5.097196593793524, 60.71720217279001 ] ], [ [ 5.096238243946515, 60.717746589753496 ], [ 5.096176593681022, 60.71771375564461 ], [ 5.096199046512611, 60.717768099196547 ], [ 5.096238243946515, 60.717746589753496 ] ], [ [ 5.057055965840312, 60.714866331243279 ], [ 5.057140269223514, 60.714805132590918 ], [ 5.057040668125597, 60.714815319069601 ], [ 5.057055965840312, 60.714866331243279 ] ], [ [ 5.094234329395289, 60.719048443333691 ], [ 5.093847750684776, 60.719033985421021 ], [ 5.093850801572263, 60.719119822265768 ], [ 5.094060873636008, 60.719109616257548 ], [ 5.094234329395289, 60.719048443333691 ] ], [ [ 5.093300874330148, 60.719388280889589 ], [ 5.093180069924077, 60.719372207012199 ], [ 5.093058964573343, 60.719459276099712 ], [ 5.093300874330148, 60.719388280889589 ] ], [ [ 5.093513580290165, 60.719284065850324 ], [ 5.093437224175211, 60.719310403396896 ], [ 5.093443908692277, 60.719321580759505 ], [ 5.093513580290165, 60.719284065850324 ] ], [ [ 5.092552481707557, 60.718402943360957 ], [ 5.092602075799753, 60.718402662884607 ], [ 5.092590343751256, 60.718393461644965 ], [ 5.092552481707557, 60.718402943360957 ] ], [ [ 5.091496102024791, 60.718693141956578 ], [ 5.091514666674991, 60.718651270406482 ], [ 5.091452382423637, 60.718684629897645 ], [ 5.091496102024791, 60.718693141956578 ] ], [ [ 5.091836393068285, 60.722793770631 ], [ 5.091937948074357, 60.722767232684028 ], [ 5.091921664325943, 60.722750090055939 ], [ 5.091836393068285, 60.722793770631 ] ], [ [ 5.094877511755637, 60.722401344148857 ], [ 5.094857242920184, 60.722603176213809 ], [ 5.095341447124261, 60.722319850852664 ], [ 5.094877511755637, 60.722401344148857 ] ], [ [ 5.09538972901018, 60.722229337279792 ], [ 5.095330304242127, 60.72221368238565 ], [ 5.09532072673006, 60.722242107505913 ], [ 5.09538972901018, 60.722229337279792 ] ], [ [ 5.095617115629582, 60.722175986078959 ], [ 5.095647265893398, 60.722190723810108 ], [ 5.095649583812208, 60.722167820310212 ], [ 5.095617115629582, 60.722175986078959 ] ], [ [ 5.097629664710134, 60.722650539949079 ], [ 5.097530610768705, 60.7226583549891 ], [ 5.09753686478028, 60.722673300746415 ], [ 5.097629664710134, 60.722650539949079 ] ], [ [ 5.098561189972619, 60.722328352610255 ], [ 5.098561598151369, 60.722422136244795 ], [ 5.098761614463814, 60.722269003584834 ], [ 5.098561189972619, 60.722328352610255 ] ], [ [ 5.100565978168128, 60.720938172664304 ], [ 5.100469493520224, 60.721056042157876 ], [ 5.100694999249746, 60.720924264676924 ], [ 5.100565978168128, 60.720938172664304 ] ], [ [ 5.100304918043489, 60.720994721652488 ], [ 5.100520671504936, 60.720732628352437 ], [ 5.100043434120943, 60.720975946642803 ], [ 5.100304918043489, 60.720994721652488 ] ], [ [ 5.100753244075647, 60.720430070863316 ], [ 5.101079575738355, 60.720480918997218 ], [ 5.101296995300545, 60.720473239891483 ], [ 5.101855692078703, 60.720165677054808 ], [ 5.100753244075647, 60.720430070863316 ] ], [ [ 5.100902865852067, 60.720723209925218 ], [ 5.100817367341617, 60.720738553474661 ], [ 5.100856208735452, 60.720756833858353 ], [ 5.100902865852067, 60.720723209925218 ] ], [ [ 5.099022304478183, 60.720348498415504 ], [ 5.098285878727506, 60.720091949819135 ], [ 5.098006009319225, 60.720716578672203 ], [ 5.099022304478183, 60.720348498415504 ] ], [ [ 5.079902690473483, 60.727592383888847 ], [ 5.079972458217456, 60.727530356427692 ], [ 5.079874577870456, 60.727591278915376 ], [ 5.079902690473483, 60.727592383888847 ] ], [ [ 5.080018808410464, 60.72757019976823 ], [ 5.080100535546905, 60.727568251626607 ], [ 5.080094295090925, 60.727555658615842 ], [ 5.080018808410464, 60.72757019976823 ] ], [ [ 5.08104804655397, 60.736783340161544 ], [ 5.080921454860261, 60.736813522970344 ], [ 5.080820490791679, 60.736869420963309 ], [ 5.08104804655397, 60.736783340161544 ] ], [ [ 5.078746807598304, 60.73811244607959 ], [ 5.078533328910731, 60.738145004726057 ], [ 5.078724813380126, 60.738161663207769 ], [ 5.078746807598304, 60.73811244607959 ] ], [ [ 5.081176160028853, 60.738506585365904 ], [ 5.080681899849039, 60.738510664716514 ], [ 5.080765182027889, 60.738611184552717 ], [ 5.081176160028853, 60.738506585365904 ] ], [ [ 5.074984806045081, 60.739959159299751 ], [ 5.0745545832264, 60.739972980155663 ], [ 5.074588680890683, 60.74025607650885 ], [ 5.074984806045081, 60.739959159299751 ] ], [ [ 5.074936834189408, 60.740182365437434 ], [ 5.075047211419143, 60.740161564005334 ], [ 5.075027891090507, 60.740146454748704 ], [ 5.074936834189408, 60.740182365437434 ] ], [ [ 5.074950072013221, 60.740040908843874 ], [ 5.075192069874517, 60.739994015544546 ], [ 5.075000128395919, 60.739969897318041 ], [ 5.074950072013221, 60.740040908843874 ] ], [ [ 5.061523558910479, 60.741059495780043 ], [ 5.061279449523461, 60.74105561727545 ], [ 5.061374323387773, 60.741108782504519 ], [ 5.061523558910479, 60.741059495780043 ] ], [ [ 5.063006257561351, 60.741440048080577 ], [ 5.063074640684158, 60.74148688571136 ], [ 5.063164597247345, 60.741413704017539 ], [ 5.063006257561351, 60.741440048080577 ] ], [ [ 5.061042228214628, 60.741551821456682 ], [ 5.061126149205627, 60.74144470369496 ], [ 5.06097345101245, 60.741508030181436 ], [ 5.061042228214628, 60.741551821456682 ] ], [ [ 5.065186736751807, 60.741861921794708 ], [ 5.065085122407496, 60.741879479634463 ], [ 5.065150983039197, 60.741887030948064 ], [ 5.065186736751807, 60.741861921794708 ] ], [ [ 5.062928703396479, 60.741858966938793 ], [ 5.062739276904084, 60.741862893539178 ], [ 5.062761400786507, 60.741906903484853 ], [ 5.062928703396479, 60.741858966938793 ] ], [ [ 5.061053270532977, 60.741757995502319 ], [ 5.061204995795542, 60.74173686019472 ], [ 5.06119054787501, 60.741687813232545 ], [ 5.061053270532977, 60.741757995502319 ] ], [ [ 5.068536476307465, 60.742318527192175 ], [ 5.068781441839053, 60.742518750869657 ], [ 5.069101243499727, 60.742393248447513 ], [ 5.068536476307465, 60.742318527192175 ] ], [ [ 5.070054234614862, 60.741863041176693 ], [ 5.069963188536968, 60.741852070769752 ], [ 5.069982411668055, 60.741892966100842 ], [ 5.070054234614862, 60.741863041176693 ] ], [ [ 5.060477163064248, 60.742222230958824 ], [ 5.060641328875982, 60.742079578744367 ], [ 5.060339106084427, 60.742133886201664 ], [ 5.060477163064248, 60.742222230958824 ] ], [ [ 5.061982082515943, 60.742478477948097 ], [ 5.062095129675743, 60.742443858553997 ], [ 5.062087651378588, 60.74243524435083 ], [ 5.061982082515943, 60.742478477948097 ] ], [ [ 5.060807393173856, 60.742547681735864 ], [ 5.060853758753142, 60.742489791671353 ], [ 5.060753322522103, 60.742529607439486 ], [ 5.060807393173856, 60.742547681735864 ] ], [ [ 5.067927511296269, 60.743115275029218 ], [ 5.067741135519198, 60.74307445857027 ], [ 5.067682501158773, 60.743120753884966 ], [ 5.067927511296269, 60.743115275029218 ] ], [ [ 5.070491684543101, 60.744076074753501 ], [ 5.070582435684865, 60.744057790898125 ], [ 5.070559913876783, 60.744046423641173 ], [ 5.070491684543101, 60.744076074753501 ] ], [ [ 5.067438690135238, 60.743832044867347 ], [ 5.067243337683499, 60.743818792726174 ], [ 5.067183290734663, 60.743887969434709 ], [ 5.067438690135238, 60.743832044867347 ] ], [ [ 5.065937450042676, 60.744035160368583 ], [ 5.065858140132382, 60.744077193632897 ], [ 5.065929426107666, 60.744072118011871 ], [ 5.065937450042676, 60.744035160368583 ] ], [ [ 5.05905113879387, 60.743699186973394 ], [ 5.059191794995248, 60.743586270665517 ], [ 5.058984791997701, 60.743662997794317 ], [ 5.05905113879387, 60.743699186973394 ] ], [ [ 5.059906558599941, 60.743677416754998 ], [ 5.059693581111988, 60.743820035495197 ], [ 5.060126532651329, 60.743795332462341 ], [ 5.059906558599941, 60.743677416754998 ] ], [ [ 5.059041520423962, 60.743890964253346 ], [ 5.058905845790014, 60.743844698761777 ], [ 5.058863380224591, 60.743925596319194 ], [ 5.059041520423962, 60.743890964253346 ] ], [ [ 5.059984875900004, 60.743936320764554 ], [ 5.059821686309864, 60.743992345386836 ], [ 5.060000200693431, 60.743964799194657 ], [ 5.059984875900004, 60.743936320764554 ] ], [ [ 5.062595039875861, 60.744661167976183 ], [ 5.063072951731822, 60.74446822857 ], [ 5.062541978397513, 60.744579457264592 ], [ 5.062595039875861, 60.744661167976183 ] ], [ [ 5.057481910650578, 60.743106585329826 ], [ 5.057395467638536, 60.743096855846012 ], [ 5.05744006466581, 60.743132232231574 ], [ 5.057481910650578, 60.743106585329826 ] ], [ [ 5.051836884416406, 60.749862364547276 ], [ 5.051929140424895, 60.749873075198764 ], [ 5.051953309823062, 60.749831262933341 ], [ 5.051836884416406, 60.749862364547276 ] ], [ [ 5.051351840965447, 60.749852281938004 ], [ 5.051471428391963, 60.749851283557476 ], [ 5.051470264265776, 60.749836082360829 ], [ 5.051351840965447, 60.749852281938004 ] ], [ [ 5.035643658918936, 60.751986923095622 ], [ 5.035391217221669, 60.751982194915563 ], [ 5.0354823230651, 60.752046771977618 ], [ 5.035643658918936, 60.751986923095622 ] ], [ [ 5.053558732938263, 60.753701020349965 ], [ 5.05369017960729, 60.75347700326018 ], [ 5.053370182977786, 60.753714324689447 ], [ 5.053558732938263, 60.753701020349965 ] ], [ [ 5.054348792217228, 60.753680984603726 ], [ 5.054025743504336, 60.753829295770011 ], [ 5.05441536231225, 60.753824166312903 ], [ 5.054348792217228, 60.753680984603726 ] ], [ [ 5.053435389290097, 60.754260504698252 ], [ 5.053844309180124, 60.754083056468836 ], [ 5.053778343994255, 60.754059202336109 ], [ 5.053435389290097, 60.754260504698252 ] ], [ [ 5.054222967741363, 60.754912718638884 ], [ 5.054158869866884, 60.754851536453046 ], [ 5.053992275148595, 60.754922959545382 ], [ 5.054222967741363, 60.754912718638884 ] ], [ [ 5.053667967766337, 60.755042124983881 ], [ 5.053648735362365, 60.754869996630475 ], [ 5.053390858518752, 60.755091968905099 ], [ 5.053667967766337, 60.755042124983881 ] ], [ [ 5.005181815422752, 60.751533611999236 ], [ 5.005269166026007, 60.751461622608019 ], [ 5.004961706873504, 60.751574884227615 ], [ 5.005181815422752, 60.751533611999236 ] ], [ [ 5.01072966826832, 60.752287940288319 ], [ 5.010780389714179, 60.752139971120982 ], [ 5.010543776605369, 60.752280928926076 ], [ 5.01072966826832, 60.752287940288319 ] ], [ [ 5.019363060965439, 60.752905628866941 ], [ 5.019524958081079, 60.752938429514792 ], [ 5.019649396097045, 60.752852474843195 ], [ 5.019363060965439, 60.752905628866941 ] ], [ [ 5.054951795039096, 60.755916203601693 ], [ 5.054629600848877, 60.755842849667914 ], [ 5.054400840417156, 60.755997135668771 ], [ 5.054951795039096, 60.755916203601693 ] ], [ [ 5.031458469844342, 60.754293228354442 ], [ 5.031779466687301, 60.754086345677031 ], [ 5.031344187002857, 60.754290806373348 ], [ 5.031458469844342, 60.754293228354442 ] ], [ [ 5.010320115852049, 60.752557900288082 ], [ 5.010117230792043, 60.752479556188383 ], [ 5.010049553801388, 60.752596110469604 ], [ 5.010320115852049, 60.752557900288082 ] ], [ [ 5.003203166464901, 60.752636728948673 ], [ 5.00324898400121, 60.752579807050289 ], [ 5.003187572317416, 60.752634559646289 ], [ 5.003203166464901, 60.752636728948673 ] ], [ [ 5.030272412262906, 60.754994063671312 ], [ 5.030307882660863, 60.755200727020807 ], [ 5.030534964673412, 60.755025625042478 ], [ 5.030272412262906, 60.754994063671312 ] ], [ [ 5.025381759798358, 60.755725215518801 ], [ 5.024474400460452, 60.755779807072976 ], [ 5.02461903208569, 60.755967971805426 ], [ 5.025381759798358, 60.755725215518801 ] ], [ [ 5.001219623955754, 60.753646682111174 ], [ 5.001505434636438, 60.753544740769826 ], [ 5.001192507296008, 60.753640567836428 ], [ 5.001219623955754, 60.753646682111174 ] ], [ [ 5.009330548375229, 60.754324702936906 ], [ 5.009080248918699, 60.754362535350225 ], [ 5.009080670956278, 60.754381212036328 ], [ 5.009330548375229, 60.754324702936906 ] ], [ [ 5.008991716109045, 60.754380585247482 ], [ 5.008808699358871, 60.754356138957696 ], [ 5.00885530332308, 60.754409153119781 ], [ 5.008991716109045, 60.754380585247482 ] ], [ [ 5.020464896305952, 60.756844408420406 ], [ 5.020730993237437, 60.756848197854552 ], [ 5.020793019680969, 60.756764883926671 ], [ 5.020464896305952, 60.756844408420406 ] ], [ [ 5.019220871247287, 60.758092454330964 ], [ 5.019176565796528, 60.758014365898994 ], [ 5.019104456844289, 60.758102080870486 ], [ 5.019220871247287, 60.758092454330964 ] ], [ [ 4.999587674519306, 60.755156908344617 ], [ 4.9997209560984, 60.755152461096735 ], [ 4.999662870754313, 60.755141299677163 ], [ 4.999587674519306, 60.755156908344617 ] ], [ [ 4.994664527550395, 60.759681208783704 ], [ 4.997716257509363, 60.757463873166216 ], [ 4.993053837020984, 60.760015429907952 ], [ 4.994664527550395, 60.759681208783704 ] ], [ [ 4.994469401238991, 60.757841976750875 ], [ 4.994630310137593, 60.757933204049131 ], [ 4.994674992060782, 60.757831757067457 ], [ 4.994469401238991, 60.757841976750875 ] ], [ [ 4.9939548748466, 60.758288453475927 ], [ 4.994053392130872, 60.758077650549261 ], [ 4.993802620515088, 60.758287302929993 ], [ 4.9939548748466, 60.758288453475927 ] ], [ [ 4.994517093800552, 60.758267172561048 ], [ 4.99427010531813, 60.758608262223724 ], [ 4.994672011700104, 60.7582239911683 ], [ 4.994517093800552, 60.758267172561048 ] ], [ [ 4.992641818129849, 60.759883832708645 ], [ 4.992426340403997, 60.759854294434703 ], [ 4.992273344076399, 60.759947762248167 ], [ 4.992641818129849, 60.759883832708645 ] ], [ [ 4.989780141739872, 60.762139571492277 ], [ 4.989452822473158, 60.761956328777728 ], [ 4.989168326152521, 60.762252317848919 ], [ 4.989780141739872, 60.762139571492277 ] ], [ [ 4.991672252586196, 60.740404403717037 ], [ 4.990985732559421, 60.740412756521799 ], [ 4.990729444329912, 60.740857853596637 ], [ 4.991672252586196, 60.740404403717037 ] ], [ [ 4.989948528191318, 60.741336717276454 ], [ 4.990458064043116, 60.741187496511529 ], [ 4.990532442957938, 60.741105035259508 ], [ 4.989948528191318, 60.741336717276454 ] ], [ [ 4.986275453, 60.74269867973338 ], [ 4.986055917824485, 60.742024369742069 ], [ 4.985264307093153, 60.742841193413447 ], [ 4.986275453, 60.74269867973338 ] ], [ [ 4.984716123144429, 60.743356230869878 ], [ 4.984030434634327, 60.74338461704771 ], [ 4.983845929532881, 60.743679982751161 ], [ 4.984716123144429, 60.743356230869878 ] ], [ [ 4.980978685164177, 60.743512828998725 ], [ 4.980792079012446, 60.743478293366294 ], [ 4.980632758518674, 60.743566742081576 ], [ 4.980978685164177, 60.743512828998725 ] ], [ [ 4.980970570960985, 60.743657219098672 ], [ 4.980604644248947, 60.743671879112412 ], [ 4.980564763834289, 60.74372571241112 ], [ 4.980970570960985, 60.743657219098672 ] ], [ [ 4.983250680160806, 60.74393793933644 ], [ 4.983098401098878, 60.743931792781702 ], [ 4.983098369651296, 60.743938940936566 ], [ 4.983250680160806, 60.74393793933644 ] ], [ [ 4.983327269507317, 60.743930773255443 ], [ 4.983504198206107, 60.743934977329531 ], [ 4.983374990443257, 60.743887849249042 ], [ 4.983327269507317, 60.743930773255443 ] ], [ [ 4.981010593923191, 60.743668113486095 ], [ 4.98138719679124, 60.74366828739776 ], [ 4.981345347910526, 60.743544566371355 ], [ 4.981010593923191, 60.743668113486095 ] ], [ [ 4.983487554571374, 60.743792250169591 ], [ 4.983352213456185, 60.743785752277645 ], [ 4.983388620370883, 60.743833392928856 ], [ 4.983487554571374, 60.743792250169591 ] ], [ [ 4.982632845190889, 60.744349238896817 ], [ 4.982004956061112, 60.744188096733843 ], [ 4.981740286762635, 60.744451978905808 ], [ 4.982632845190889, 60.744349238896817 ] ], [ [ 4.979830702260869, 60.744856502450531 ], [ 4.979658213860636, 60.74474365046202 ], [ 4.979488185593238, 60.744897184212107 ], [ 4.979830702260869, 60.744856502450531 ] ], [ [ 4.979312127404744, 60.744937754418849 ], [ 4.979428901618404, 60.744845281548642 ], [ 4.979214997952318, 60.744902094160686 ], [ 4.979312127404744, 60.744937754418849 ] ], [ [ 4.983928874420757, 60.746132621860042 ], [ 4.98393401280279, 60.745884279872357 ], [ 4.983773786298575, 60.746109519868526 ], [ 4.983928874420757, 60.746132621860042 ] ], [ [ 4.983753387741465, 60.746193697091719 ], [ 4.983597096643352, 60.74618616291442 ], [ 4.983612439200552, 60.74623728330706 ], [ 4.983753387741465, 60.746193697091719 ] ], [ [ 4.983032134886665, 60.747604068217875 ], [ 4.982261671504971, 60.747253593800963 ], [ 4.981254789495037, 60.747887623269833 ], [ 4.983032134886665, 60.747604068217875 ] ], [ [ 4.993044754962737, 60.747711024969256 ], [ 4.993142718083251, 60.747798780835687 ], [ 4.993193978159185, 60.747745168394076 ], [ 4.993044754962737, 60.747711024969256 ] ], [ [ 4.978033776394004, 60.752891497583043 ], [ 4.977666413073322, 60.752801774540757 ], [ 4.977727774359125, 60.752938102826519 ], [ 4.978033776394004, 60.752891497583043 ] ], [ [ 4.979680709287045, 60.754465429440003 ], [ 4.97909148101667, 60.754192156145947 ], [ 4.979017409688944, 60.754468337384495 ], [ 4.979680709287045, 60.754465429440003 ] ], [ [ 4.972214286237169, 60.762571545036735 ], [ 4.972249927018666, 60.762607545004776 ], [ 4.972269970540395, 60.762565701269878 ], [ 4.972214286237169, 60.762571545036735 ] ], [ [ 4.971680903203604, 60.762891712201274 ], [ 4.972013568053695, 60.762931035614173 ], [ 4.97213780901752, 60.762724264026161 ], [ 4.971680903203604, 60.762891712201274 ] ], [ [ 4.971592603389897, 60.762807384321206 ], [ 4.971662885974095, 60.762786350081058 ], [ 4.971773719862863, 60.762722395298979 ], [ 4.971592603389897, 60.762807384321206 ] ], [ [ 4.971227270879486, 60.762825876731078 ], [ 4.97133190502849, 60.762821465848155 ], [ 4.971318436807442, 60.762803160672412 ], [ 4.971227270879486, 60.762825876731078 ] ], [ [ 4.964182085407258, 60.767747065748928 ], [ 4.966454687826548, 60.766677289343889 ], [ 4.964922959168581, 60.767134203846638 ], [ 4.964182085407258, 60.767747065748928 ] ], [ [ 4.962964957588076, 60.767249603530836 ], [ 4.962718627371467, 60.767125450556975 ], [ 4.962464595117815, 60.767386678388391 ], [ 4.962964957588076, 60.767249603530836 ] ], [ [ 4.966258683382792, 60.7674524205163 ], [ 4.965785227808446, 60.767497855188495 ], [ 4.965884396030613, 60.767558297123578 ], [ 4.966258683382792, 60.7674524205163 ] ], [ [ 4.97645651755187, 60.748225673250623 ], [ 4.974360873612256, 60.748338754098896 ], [ 4.97444564237089, 60.749033334677627 ], [ 4.97645651755187, 60.748225673250623 ] ], [ [ 4.974197090985628, 60.748462342203958 ], [ 4.974279610419422, 60.748371268909814 ], [ 4.974128018211291, 60.74845558883429 ], [ 4.974197090985628, 60.748462342203958 ] ], [ [ 4.977924397587972, 60.748831929663027 ], [ 4.979195181222762, 60.749031913972537 ], [ 4.979353335981784, 60.748775836395161 ], [ 4.977924397587972, 60.748831929663027 ] ], [ [ 4.980621492682231, 60.748230229775686 ], [ 4.980854926763477, 60.748337539915468 ], [ 4.981018793521311, 60.74812198966184 ], [ 4.980621492682231, 60.748230229775686 ] ], [ [ 4.985736346938014, 60.739085766346086 ], [ 4.986484531889766, 60.738830830394704 ], [ 4.986481814927514, 60.738780119598552 ], [ 4.985736346938014, 60.739085766346086 ] ], [ [ 4.984470408632242, 60.738729967523298 ], [ 4.984289070000712, 60.73871049599758 ], [ 4.984269579107745, 60.738801801248599 ], [ 4.984470408632242, 60.738729967523298 ] ], [ [ 4.984077481422985, 60.739688274350897 ], [ 4.983666932886212, 60.739652779292115 ], [ 4.983735051500163, 60.739963851099098 ], [ 4.984077481422985, 60.739688274350897 ] ], [ [ 4.983884554197767, 60.739984632563484 ], [ 4.983780888750784, 60.739981519324125 ], [ 4.983810292759457, 60.739995594570878 ], [ 4.983884554197767, 60.739984632563484 ] ], [ [ 4.983463613978572, 60.740112543464861 ], [ 4.983464453211587, 60.740044088553709 ], [ 4.983266730691664, 60.740132448035645 ], [ 4.983463613978572, 60.740112543464861 ] ], [ [ 4.988101386635837, 60.732608586739858 ], [ 4.988525574144582, 60.732147285634746 ], [ 4.987662638856633, 60.732587808259908 ], [ 4.988101386635837, 60.732608586739858 ] ], [ [ 4.988248946194887, 60.732219923445257 ], [ 4.988186109921645, 60.732179342057911 ], [ 4.988140770005293, 60.732239462194997 ], [ 4.988248946194887, 60.732219923445257 ] ], [ [ 4.987707715118878, 60.732947553526905 ], [ 4.987848793117569, 60.732902166015045 ], [ 4.987583433255264, 60.732981264396436 ], [ 4.987707715118878, 60.732947553526905 ] ], [ [ 4.987518432929691, 60.732931106258796 ], [ 4.987621483651353, 60.7329202325298 ], [ 4.987631522296726, 60.732889491423279 ], [ 4.987518432929691, 60.732931106258796 ] ], [ [ 4.987103480075005, 60.733247196497715 ], [ 4.986995010450716, 60.733260014506911 ], [ 4.9870115041814, 60.733280447043988 ], [ 4.987103480075005, 60.733247196497715 ] ], [ [ 4.986186095331981, 60.733957586294125 ], [ 4.986352355245431, 60.733931477731133 ], [ 4.986417107656468, 60.733902510056751 ], [ 4.986316795527308, 60.733898202513657 ], [ 4.986186095331981, 60.733957586294125 ] ], [ [ 4.986333229708799, 60.733965244459448 ], [ 4.986253563510882, 60.733982859345275 ], [ 4.986046245026752, 60.734042528373813 ], [ 4.986172645657206, 60.734040295692218 ], [ 4.986333229708799, 60.733965244459448 ] ], [ [ 4.985110806692318, 60.73459804249719 ], [ 4.984921178762981, 60.734624378264506 ], [ 4.984935894898747, 60.734642233173176 ], [ 4.985110806692318, 60.73459804249719 ] ], [ [ 4.984146145706035, 60.735196965616836 ], [ 4.984508519404761, 60.73492126634595 ], [ 4.983961397717211, 60.735234801433954 ], [ 4.984146145706035, 60.735196965616836 ] ], [ [ 4.975004141748897, 60.73176919789055 ], [ 4.972914074064165, 60.732240060419386 ], [ 4.970577366106002, 60.734052603836325 ], [ 4.971202026347727, 60.733838929843827 ], [ 4.971787042053355, 60.733851984285394 ], [ 4.975004141748897, 60.73176919789055 ] ], [ [ 4.971206536763826, 60.733957210950834 ], [ 4.971140621366851, 60.733966351889556 ], [ 4.971132443247496, 60.73399524183219 ], [ 4.971206536763826, 60.733957210950834 ] ], [ [ 4.973829911320116, 60.733902278653815 ], [ 4.973579760086091, 60.733948194913161 ], [ 4.973649228898961, 60.733977065551478 ], [ 4.973829911320116, 60.733902278653815 ] ], [ [ 4.974281855302982, 60.733781448999316 ], [ 4.974195133752682, 60.733790920959585 ], [ 4.974204267730843, 60.733816502102947 ], [ 4.974281855302982, 60.733781448999316 ] ], [ [ 4.974561998402352, 60.733616236101604 ], [ 4.974499885286344, 60.733632092252243 ], [ 4.974516117782075, 60.733656851704239 ], [ 4.974561998402352, 60.733616236101604 ] ], [ [ 4.973605015460419, 60.733229519288969 ], [ 4.97323273888551, 60.733203665927725 ], [ 4.972971967795721, 60.733457595000139 ], [ 4.973605015460419, 60.733229519288969 ] ], [ [ 4.984661385997261, 60.732504891099126 ], [ 4.981554252171881, 60.733548946976946 ], [ 4.977321182754359, 60.735907829184399 ], [ 4.97931716573617, 60.735476219486756 ], [ 4.984661385997261, 60.732504891099126 ] ], [ [ 4.975912531382635, 60.735223369465167 ], [ 4.976045225555905, 60.735107845504956 ], [ 4.975814882637758, 60.735182416053291 ], [ 4.975912531382635, 60.735223369465167 ] ], [ [ 4.971624053425152, 60.731435610200144 ], [ 4.971979776453085, 60.731313857153253 ], [ 4.971609660093473, 60.731424385292797 ], [ 4.971624053425152, 60.731435610200144 ] ], [ [ 4.966674494283718, 60.732571860737217 ], [ 4.966728488585106, 60.732635138397235 ], [ 4.966728275177789, 60.732570132408995 ], [ 4.966674494283718, 60.732571860737217 ] ], [ [ 4.96356523246973, 60.731911498547326 ], [ 4.963251877316222, 60.731905186588513 ], [ 4.963259868857581, 60.73198888413372 ], [ 4.96356523246973, 60.731911498547326 ] ], [ [ 4.963060535129025, 60.732026040849512 ], [ 4.96318168708443, 60.732052760719085 ], [ 4.963208854785057, 60.732014082713583 ], [ 4.963060535129025, 60.732026040849512 ] ], [ [ 4.966597054236003, 60.729111137276696 ], [ 4.96647363573166, 60.729109230965854 ], [ 4.966468208781699, 60.729190374845089 ], [ 4.966597054236003, 60.729111137276696 ] ], [ [ 4.969008252000486, 60.726216951015822 ], [ 4.969333493875751, 60.72619473321199 ], [ 4.969293575749003, 60.72612609361871 ], [ 4.969008252000486, 60.726216951015822 ] ], [ [ 5.028358173449747, 60.714679276188789 ], [ 5.028182801096803, 60.714510701920553 ], [ 5.027989055310869, 60.714756710295333 ], [ 5.028358173449747, 60.714679276188789 ] ], [ [ 5.032410808655847, 60.713049155398629 ], [ 5.032295011788415, 60.713075664923466 ], [ 5.032299559212406, 60.713082975331815 ], [ 5.032410808655847, 60.713049155398629 ] ], [ [ 5.079918133590705, 60.665534126278217 ], [ 5.079654837235196, 60.665478138394242 ], [ 5.079564621170451, 60.665546500873781 ], [ 5.079918133590705, 60.665534126278217 ] ], [ [ 5.091607630515665, 60.659228554741389 ], [ 5.090533987497018, 60.659636712341097 ], [ 5.090580373931236, 60.659798002408728 ], [ 5.091607630515665, 60.659228554741389 ] ], [ [ 5.092159913845915, 60.659048297595568 ], [ 5.092693680230167, 60.659709882869691 ], [ 5.093520552004253, 60.65869614272097 ], [ 5.092159913845915, 60.659048297595568 ] ], [ [ 5.091887684796283, 60.659064603696969 ], [ 5.09193536208895, 60.659039298965943 ], [ 5.09187046245524, 60.659048204010723 ], [ 5.091887684796283, 60.659064603696969 ] ], [ [ 5.095030405640761, 60.658110065173091 ], [ 5.098116356927079, 60.657419445107116 ], [ 5.09952546115422, 60.656558933733052 ], [ 5.096276619546281, 60.657294242747355 ], [ 5.095030405640761, 60.658110065173091 ] ], [ [ 5.098956426280994, 60.657299659691965 ], [ 5.098649290448382, 60.657571369192027 ], [ 5.099356283895241, 60.657267080495593 ], [ 5.098956426280994, 60.657299659691965 ] ], [ [ 5.094790366326608, 60.657424555866925 ], [ 5.094026023470724, 60.657370252312802 ], [ 5.093675034021923, 60.657674421013823 ], [ 5.094790366326608, 60.657424555866925 ] ], [ [ 5.104120540021924, 60.652861864374827 ], [ 5.103756474432303, 60.652952870334374 ], [ 5.103913599781527, 60.653018714526027 ], [ 5.104120540021924, 60.652861864374827 ] ], [ [ 5.105716583556857, 60.652600566829413 ], [ 5.105615440498749, 60.652737262786246 ], [ 5.105838128819781, 60.652627737024339 ], [ 5.105716583556857, 60.652600566829413 ] ], [ [ 5.105864610548248, 60.651754199298097 ], [ 5.105823663033738, 60.651876294104689 ], [ 5.105939074945186, 60.651755413450196 ], [ 5.105864610548248, 60.651754199298097 ] ], [ [ 5.112577408089708, 60.648459114095346 ], [ 5.112811817569426, 60.648686176537069 ], [ 5.112870877357776, 60.648555478185088 ], [ 5.112577408089708, 60.648459114095346 ] ], [ [ 5.11362703423311, 60.647646154490864 ], [ 5.113262028905884, 60.647831041874269 ], [ 5.113380767327967, 60.647941700711471 ], [ 5.11362703423311, 60.647646154490864 ] ], [ [ 5.1113446853812, 60.645994200093867 ], [ 5.112643468018045, 60.646154974880801 ], [ 5.112859243428962, 60.645695267292432 ], [ 5.1113446853812, 60.645994200093867 ] ], [ [ 5.113983693281716, 60.645766017167993 ], [ 5.114660888077321, 60.645976058978107 ], [ 5.114526790972542, 60.64557368919511 ], [ 5.113983693281716, 60.645766017167993 ] ], [ [ 5.116555136682519, 60.645857426128146 ], [ 5.116305102950224, 60.645829823726615 ], [ 5.116388537043751, 60.645937847125545 ], [ 5.116555136682519, 60.645857426128146 ] ], [ [ 5.113285517406802, 60.645148463117721 ], [ 5.112845791603569, 60.645153216837507 ], [ 5.112875503822312, 60.645250177487959 ], [ 5.113285517406802, 60.645148463117721 ] ], [ [ 5.113117670359873, 60.644890983594316 ], [ 5.113359040058922, 60.644919756116359 ], [ 5.113319955882866, 60.644875124391845 ], [ 5.113117670359873, 60.644890983594316 ] ], [ [ 5.112802086563442, 60.643827970641894 ], [ 5.112421775938373, 60.643893892171086 ], [ 5.112784388427265, 60.643937592628809 ], [ 5.112802086563442, 60.643827970641894 ] ], [ [ 5.118717729243484, 60.637649395350792 ], [ 5.118468306164315, 60.637146765917493 ], [ 5.118261357894433, 60.63773933881636 ], [ 5.118717729243484, 60.637649395350792 ] ], [ [ 5.093188062843716, 60.664766648019437 ], [ 5.093399988068914, 60.664771893747243 ], [ 5.093377827476455, 60.664716122314807 ], [ 5.093188062843716, 60.664766648019437 ] ], [ [ 5.11058213037887, 60.666933045858293 ], [ 5.110709966237794, 60.666966288299285 ], [ 5.110623603886306, 60.666921207607523 ], [ 5.11058213037887, 60.666933045858293 ] ], [ [ 5.111226915651682, 60.666679248757305 ], [ 5.111168176738547, 60.666718847588335 ], [ 5.111224056656277, 60.66672301468126 ], [ 5.111226915651682, 60.666679248757305 ] ], [ [ 5.108031714406873, 60.66582241988921 ], [ 5.107939807080489, 60.665779185770049 ], [ 5.107942115064586, 60.665846141395605 ], [ 5.108031714406873, 60.66582241988921 ] ], [ [ 5.112084434962083, 60.662080329326209 ], [ 5.111981755643644, 60.66208678891708 ], [ 5.112033149664348, 60.662145912026915 ], [ 5.112084434962083, 60.662080329326209 ] ], [ [ 5.112127069489206, 60.662069482471907 ], [ 5.112242852223334, 60.66209395268757 ], [ 5.112197368499218, 60.662040156974058 ], [ 5.112127069489206, 60.662069482471907 ] ], [ [ 5.112005895629877, 60.66200823241148 ], [ 5.11213176822515, 60.662017981083402 ], [ 5.112085009879163, 60.661960561085969 ], [ 5.112005895629877, 60.66200823241148 ] ], [ [ 5.11187072575396, 60.65780394999971 ], [ 5.111919205018308, 60.657841500020325 ], [ 5.112100084510401, 60.657830738273127 ], [ 5.11187072575396, 60.65780394999971 ] ], [ [ 5.113323478061253, 60.656642151602369 ], [ 5.113456627397377, 60.657495551509221 ], [ 5.11365327936892, 60.657246795071998 ], [ 5.113323478061253, 60.656642151602369 ] ], [ [ 5.114393933865512, 60.653901812907229 ], [ 5.114446500290787, 60.653799857950631 ], [ 5.114235602993875, 60.653911271823844 ], [ 5.114393933865512, 60.653901812907229 ] ], [ [ 5.127591535073457, 60.670491348509479 ], [ 5.12761354623566, 60.670546014007428 ], [ 5.127928639630973, 60.67045273744187 ], [ 5.127591535073457, 60.670491348509479 ] ], [ [ 5.126177823670205, 60.669790046604149 ], [ 5.126201762326542, 60.669746040985679 ], [ 5.126143349283248, 60.669744678170055 ], [ 5.126177823670205, 60.669790046604149 ] ], [ [ 5.129286626925857, 60.669250857631383 ], [ 5.129562133951555, 60.669292718576429 ], [ 5.129990086298845, 60.66911590057807 ], [ 5.129286626925857, 60.669250857631383 ] ], [ [ 5.129295147599866, 60.67039663609318 ], [ 5.12946867134836, 60.670397334786202 ], [ 5.129675327361077, 60.670284310670723 ], [ 5.129295147599866, 60.67039663609318 ] ], [ [ 5.125910174596839, 60.672617206221815 ], [ 5.125759327000851, 60.672657645398438 ], [ 5.12577306600895, 60.672674051588373 ], [ 5.125910174596839, 60.672617206221815 ] ], [ [ 5.125927687470069, 60.672614257017251 ], [ 5.126039302946849, 60.672635054317212 ], [ 5.126080230222843, 60.672604710477145 ], [ 5.125927687470069, 60.672614257017251 ] ], [ [ 5.129973556161257, 60.671475628913157 ], [ 5.130068992853658, 60.67148074053555 ], [ 5.130077727162402, 60.671454877143653 ], [ 5.129973556161257, 60.671475628913157 ] ], [ [ 5.129595896044552, 60.671441369502688 ], [ 5.129668412860823, 60.671446042502374 ], [ 5.129707031708985, 60.6714249369087 ], [ 5.129595896044552, 60.671441369502688 ] ], [ [ 5.227115901056175, 60.651118918962915 ], [ 5.226996991161779, 60.651210038819755 ], [ 5.227137961386512, 60.651154653926461 ], [ 5.227115901056175, 60.651118918962915 ] ], [ [ 5.205446360903359, 60.649337159780487 ], [ 5.20549341315498, 60.64935140261575 ], [ 5.205544944520528, 60.649298117917517 ], [ 5.205446360903359, 60.649337159780487 ] ], [ [ 5.205473321313098, 60.649204701340359 ], [ 5.205517779447563, 60.649179304182972 ], [ 5.205466811706287, 60.64919888224923 ], [ 5.205473321313098, 60.649204701340359 ] ], [ [ 5.205601970723616, 60.649256367910269 ], [ 5.205675704473847, 60.649232861964208 ], [ 5.205662571622645, 60.649227005993609 ], [ 5.205601970723616, 60.649256367910269 ] ], [ [ 5.227345778784654, 60.648532813203666 ], [ 5.227213668601096, 60.648729810361182 ], [ 5.227512371391766, 60.64859005816183 ], [ 5.227345778784654, 60.648532813203666 ] ], [ [ 5.209780390084712, 60.645369727776625 ], [ 5.20964263486772, 60.645492194340967 ], [ 5.209799160321953, 60.645502758180108 ], [ 5.209780390084712, 60.645369727776625 ] ], [ [ 5.230574923518555, 60.645017010568907 ], [ 5.230288754189992, 60.645055635876929 ], [ 5.230287386337594, 60.645102310238315 ], [ 5.230574923518555, 60.645017010568907 ] ], [ [ 5.213850230601289, 60.64005813472474 ], [ 5.213281104499659, 60.640450586115698 ], [ 5.213956891802873, 60.640019051657248 ], [ 5.213850230601289, 60.64005813472474 ] ], [ [ 5.215001224973371, 60.639489681873883 ], [ 5.214829774797932, 60.639460559170999 ], [ 5.214841262002108, 60.639516326235793 ], [ 5.215001224973371, 60.639489681873883 ] ], [ [ 5.221657915165256, 60.635870050806012 ], [ 5.220329327220651, 60.636445440667792 ], [ 5.221512122100572, 60.636174511072781 ], [ 5.221657915165256, 60.635870050806012 ] ], [ [ 5.222531655678893, 60.635022335168919 ], [ 5.221755485904608, 60.635844949046181 ], [ 5.222411594867864, 60.635342084195997 ], [ 5.222531655678893, 60.635022335168919 ] ], [ [ 5.221573102534617, 60.63541431320197 ], [ 5.221585712697231, 60.635392353260741 ], [ 5.221502219812389, 60.635444912159976 ], [ 5.221573102534617, 60.63541431320197 ] ], [ [ 5.221597763086193, 60.635508960030336 ], [ 5.221546622804608, 60.635521382345246 ], [ 5.221560549998127, 60.635539690555873 ], [ 5.221597763086193, 60.635508960030336 ] ], [ [ 5.22137322472391, 60.635576989461725 ], [ 5.221352354243789, 60.635533197825922 ], [ 5.221324688183098, 60.635587522858444 ], [ 5.22137322472391, 60.635576989461725 ] ], [ [ 5.22417608042622, 60.633300203082783 ], [ 5.224165140899452, 60.633345628837745 ], [ 5.224248625472207, 60.63328763968839 ], [ 5.22417608042622, 60.633300203082783 ] ], [ [ 5.2227068858496, 60.634967947638955 ], [ 5.222637784853656, 60.634959593308849 ], [ 5.222679869282015, 60.634977987948083 ], [ 5.2227068858496, 60.634967947638955 ] ], [ [ 5.222991703932953, 60.634795521306764 ], [ 5.222933837835162, 60.634779943558975 ], [ 5.222914885081532, 60.634809397514999 ], [ 5.222991703932953, 60.634795521306764 ] ], [ [ 5.230399805332817, 60.631926088099256 ], [ 5.230304831600417, 60.631927682544344 ], [ 5.230262494104029, 60.631986084026956 ], [ 5.230399805332817, 60.631926088099256 ] ], [ [ 5.255466967949279, 60.628912185473901 ], [ 5.255133792724099, 60.628904426281309 ], [ 5.25520308591642, 60.629016094923145 ], [ 5.255466967949279, 60.628912185473901 ] ], [ [ 5.255593374008093, 60.628833361131093 ], [ 5.255614184365371, 60.628962725445326 ], [ 5.255744537330087, 60.628913865346156 ], [ 5.255593374008093, 60.628833361131093 ] ], [ [ 5.258770833460059, 60.627720743771157 ], [ 5.258575088005991, 60.627718298609921 ], [ 5.258557902473626, 60.627760822801385 ], [ 5.258770833460059, 60.627720743771157 ] ], [ [ 5.256534916620609, 60.620330557839971 ], [ 5.256471342232597, 60.620513336804876 ], [ 5.256801593077523, 60.620300045326118 ], [ 5.256534916620609, 60.620330557839971 ] ], [ [ 5.228701747359032, 60.65116359578164 ], [ 5.22854034102233, 60.651177938784734 ], [ 5.228641398894282, 60.651224742580169 ], [ 5.228701747359032, 60.65116359578164 ] ], [ [ 5.23429495295026, 60.656821870974561 ], [ 5.234209780098158, 60.656881011369364 ], [ 5.234307697641774, 60.656828418890868 ], [ 5.23429495295026, 60.656821870974561 ] ], [ [ 5.234499370047379, 60.656680766397976 ], [ 5.234352468593742, 60.656816425773066 ], [ 5.234708569049435, 60.656585522082175 ], [ 5.234499370047379, 60.656680766397976 ] ], [ [ 5.234443854172062, 60.65656268110282 ], [ 5.234669297567568, 60.656582539714407 ], [ 5.234696187958849, 60.656521097712968 ], [ 5.234443854172062, 60.65656268110282 ] ], [ [ 5.242019890624022, 60.654462721880904 ], [ 5.24205081471112, 60.654467078314219 ], [ 5.242049081298068, 60.654451027558054 ], [ 5.242019890624022, 60.654462721880904 ] ], [ [ 5.259042563000592, 60.64695334814833 ], [ 5.258963063699616, 60.646872598340174 ], [ 5.258953918740957, 60.646984833196882 ], [ 5.259042563000592, 60.64695334814833 ] ], [ [ 5.273083048250341, 60.637613193921737 ], [ 5.270837468780845, 60.638713606979849 ], [ 5.270462270443048, 60.639274657721216 ], [ 5.273083048250341, 60.637613193921737 ] ], [ [ 5.272643824732684, 60.63889655076391 ], [ 5.272737238256763, 60.638913446831253 ], [ 5.272740432340971, 60.638872065940276 ], [ 5.272643824732684, 60.63889655076391 ] ], [ [ 5.163681043395322, 60.696172212395041 ], [ 5.16380943154023, 60.696164084101056 ], [ 5.163790061597891, 60.696143103591687 ], [ 5.163681043395322, 60.696172212395041 ] ], [ [ 5.163544287013367, 60.696211661556781 ], [ 5.163646614128067, 60.696210831176245 ], [ 5.163651116539438, 60.696188453129039 ], [ 5.163544287013367, 60.696211661556781 ] ], [ [ 5.126630572309916, 60.70916155095987 ], [ 5.126374881795718, 60.709207231931593 ], [ 5.126358767288068, 60.709244944310761 ], [ 5.126630572309916, 60.70916155095987 ] ], [ [ 5.124298468463569, 60.71135829161949 ], [ 5.124344958754091, 60.711396589655159 ], [ 5.124384216748626, 60.71137598270942 ], [ 5.124298468463569, 60.71135829161949 ] ], [ [ 5.123945985089046, 60.711396224592313 ], [ 5.124350741484139, 60.711336209743045 ], [ 5.12434886578043, 60.711301140552919 ], [ 5.123945985089046, 60.711396224592313 ] ], [ [ 5.121163649678152, 60.712025323997473 ], [ 5.121090067131532, 60.71200889820404 ], [ 5.121080233169342, 60.712050154509278 ], [ 5.121163649678152, 60.712025323997473 ] ], [ [ 5.120886818336209, 60.712121817366004 ], [ 5.120966979247751, 60.712112852202267 ], [ 5.120954982643847, 60.712097933126714 ], [ 5.120886818336209, 60.712121817366004 ] ], [ [ 5.118392360828619, 60.715722065346498 ], [ 5.118564624810546, 60.715728825381269 ], [ 5.118510659069891, 60.71568128151803 ], [ 5.118392360828619, 60.715722065346498 ] ], [ [ 5.118173191566626, 60.715633085129873 ], [ 5.118646452006138, 60.715622796484048 ], [ 5.118602175839841, 60.715476703931941 ], [ 5.118173191566626, 60.715633085129873 ] ], [ [ 5.119445751794713, 60.715573067519131 ], [ 5.119437732795624, 60.715625137071136 ], [ 5.119504585709453, 60.715582876098495 ], [ 5.119445751794713, 60.715573067519131 ] ], [ [ 5.118374948056624, 60.713607865577423 ], [ 5.118277956836553, 60.713562095593417 ], [ 5.118171481723517, 60.713676152762254 ], [ 5.118374948056624, 60.713607865577423 ] ], [ [ 5.119514315368822, 60.713373150246092 ], [ 5.119556253126191, 60.713401700097513 ], [ 5.119578184471303, 60.713368493088595 ], [ 5.119514315368822, 60.713373150246092 ] ], [ [ 5.119627046988279, 60.713371134674304 ], [ 5.119629321639585, 60.713413835239791 ], [ 5.119662229225213, 60.71335058743324 ], [ 5.119627046988279, 60.713371134674304 ] ], [ [ 5.123866146666236, 60.718579106640163 ], [ 5.123589934289411, 60.718679998007659 ], [ 5.124161074185148, 60.718488746653698 ], [ 5.123866146666236, 60.718579106640163 ] ], [ [ 5.128846852321515, 60.718588748691204 ], [ 5.128755824694455, 60.718653015703858 ], [ 5.128881243848272, 60.718595196937137 ], [ 5.128846852321515, 60.718588748691204 ] ], [ [ 5.124767420461585, 60.718225004182486 ], [ 5.12486779349338, 60.718280792883334 ], [ 5.124873757651031, 60.718195993632918 ], [ 5.124767420461585, 60.718225004182486 ] ], [ [ 5.124893537593291, 60.718170317546964 ], [ 5.125021957415504, 60.718184485048489 ], [ 5.124961921629681, 60.718118937652932 ], [ 5.124893537593291, 60.718170317546964 ] ], [ [ 5.128874946008633, 60.71793405526131 ], [ 5.12986508410136, 60.717844970719376 ], [ 5.129706892847175, 60.717486268289058 ], [ 5.128874946008633, 60.71793405526131 ] ], [ [ 5.129803983381616, 60.718023128686092 ], [ 5.130288061548721, 60.718121103825837 ], [ 5.130401153588821, 60.71785559645955 ], [ 5.129803983381616, 60.718023128686092 ] ], [ [ 5.129996696354485, 60.717755215969198 ], [ 5.130080375929529, 60.717804691736617 ], [ 5.130431376608258, 60.717685277813651 ], [ 5.129996696354485, 60.717755215969198 ] ], [ [ 5.126886801415622, 60.717420446858576 ], [ 5.126613930453553, 60.717464130141529 ], [ 5.126693084657931, 60.717559784224733 ], [ 5.126886801415622, 60.717420446858576 ] ], [ [ 5.127204689409439, 60.716649667378888 ], [ 5.12705197067628, 60.716759839111106 ], [ 5.127346101633106, 60.716620096568619 ], [ 5.127204689409439, 60.716649667378888 ] ], [ [ 5.127606955792598, 60.716210387590131 ], [ 5.127651958520242, 60.71640494166332 ], [ 5.128206265005093, 60.716018593063367 ], [ 5.127606955792598, 60.716210387590131 ] ], [ [ 5.128699381519358, 60.715933461130774 ], [ 5.128586927825586, 60.716149787744939 ], [ 5.128925422619361, 60.715873352059702 ], [ 5.128699381519358, 60.715933461130774 ] ], [ [ 5.134677519579468, 60.71467374625994 ], [ 5.134642313935911, 60.714838174244449 ], [ 5.134764625542308, 60.714668003411873 ], [ 5.134677519579468, 60.71467374625994 ] ], [ [ 5.133492587384311, 60.714368144059186 ], [ 5.13410427721459, 60.714468986270703 ], [ 5.134253474058437, 60.714123091773388 ], [ 5.133492587384311, 60.714368144059186 ] ], [ [ 5.134914930931782, 60.713848386164145 ], [ 5.135431396162808, 60.714323650645035 ], [ 5.136900656129184, 60.713389026480947 ], [ 5.134914930931782, 60.713848386164145 ] ], [ [ 5.135715144856152, 60.713515578642074 ], [ 5.135561316996851, 60.713494646298621 ], [ 5.135488629444247, 60.713574938597077 ], [ 5.135715144856152, 60.713515578642074 ] ], [ [ 5.134927574753403, 60.713623191760007 ], [ 5.134937345630084, 60.713520035591834 ], [ 5.134896107501645, 60.713637141429004 ], [ 5.134927574753403, 60.713623191760007 ] ], [ [ 5.135761220888968, 60.713550492917484 ], [ 5.135670603190643, 60.713565205247377 ], [ 5.135679540842809, 60.713570936822379 ], [ 5.135761220888968, 60.713550492917484 ] ], [ [ 5.136039502616266, 60.713096553276152 ], [ 5.136009861452596, 60.71313742377945 ], [ 5.136108639095651, 60.713087393251207 ], [ 5.136039502616266, 60.713096553276152 ] ], [ [ 5.13337409681873, 60.712728073449036 ], [ 5.133362017970173, 60.712756946859024 ], [ 5.133396320796749, 60.712737416972104 ], [ 5.13337409681873, 60.712728073449036 ] ], [ [ 5.136232861221719, 60.71673331218355 ], [ 5.136156250004865, 60.716736759396824 ], [ 5.136148831081116, 60.716754758555261 ], [ 5.136232861221719, 60.71673331218355 ] ], [ [ 5.138965568981185, 60.715422618923881 ], [ 5.138811334068381, 60.715409533264953 ], [ 5.13889121888641, 60.715462340722198 ], [ 5.138965568981185, 60.715422618923881 ] ], [ [ 5.139150783037469, 60.715343353785869 ], [ 5.139096294580324, 60.715406630370673 ], [ 5.13916462447227, 60.715346372689048 ], [ 5.139150783037469, 60.715343353785869 ] ], [ [ 5.145241604166192, 60.712464217180461 ], [ 5.145182121507932, 60.712473826992969 ], [ 5.145184982785565, 60.712492046575925 ], [ 5.145241604166192, 60.712464217180461 ] ], [ [ 5.146415767253743, 60.711889639582999 ], [ 5.147439049371354, 60.711717565907669 ], [ 5.147898831023975, 60.711280430254078 ], [ 5.146415767253743, 60.711889639582999 ] ], [ [ 5.145638905803078, 60.711647556176793 ], [ 5.145521895454984, 60.711600140796229 ], [ 5.145361112441822, 60.711703848613816 ], [ 5.145638905803078, 60.711647556176793 ] ], [ [ 5.145537276021716, 60.711748687885603 ], [ 5.145441075701884, 60.711716390541767 ], [ 5.145290072809766, 60.711786076883307 ], [ 5.145537276021716, 60.711748687885603 ] ], [ [ 5.144733441773943, 60.711964729386153 ], [ 5.144997982957133, 60.711792443629712 ], [ 5.144560544155243, 60.711923660566839 ], [ 5.144733441773943, 60.711964729386153 ] ], [ [ 5.145441898422095, 60.712202282899888 ], [ 5.14561129418545, 60.71207849242635 ], [ 5.145552769819549, 60.712093964746728 ], [ 5.145441898422095, 60.712202282899888 ] ], [ [ 5.14589530350934, 60.712154411509204 ], [ 5.145816669109417, 60.712171015270847 ], [ 5.145883979585323, 60.712164158013209 ], [ 5.14589530350934, 60.712154411509204 ] ], [ [ 5.159167731553829, 60.705902438722376 ], [ 5.15915101867943, 60.705942823201632 ], [ 5.159178776967358, 60.705907329514297 ], [ 5.159167731553829, 60.705902438722376 ] ], [ [ 5.16099444145904, 60.705945112097659 ], [ 5.16103271778459, 60.705965865589775 ], [ 5.161034719745865, 60.705945021283966 ], [ 5.16099444145904, 60.705945112097659 ] ], [ [ 5.161251269411233, 60.705813490938496 ], [ 5.161268367418863, 60.705896286000559 ], [ 5.161361260845516, 60.705788526252839 ], [ 5.161251269411233, 60.705813490938496 ] ], [ [ 5.161057001219429, 60.704990419214269 ], [ 5.160780843011136, 60.705097351862463 ], [ 5.160839311860855, 60.705160954346539 ], [ 5.161057001219429, 60.704990419214269 ] ], [ [ 5.161721594747171, 60.704287656184746 ], [ 5.161642638616597, 60.704346681831957 ], [ 5.161736894518857, 60.704291323863352 ], [ 5.161721594747171, 60.704287656184746 ] ], [ [ 5.167809425793156, 60.702865641539489 ], [ 5.168028676366426, 60.703017338929776 ], [ 5.168090824714645, 60.702809213211168 ], [ 5.167809425793156, 60.702865641539489 ] ], [ [ 5.168794056632223, 60.702535469946177 ], [ 5.168731616393025, 60.702542788791611 ], [ 5.16876185848498, 60.702568645385689 ], [ 5.168794056632223, 60.702535469946177 ] ], [ [ 5.146005322354783, 60.712991359561904 ], [ 5.146201148949582, 60.712997118467868 ], [ 5.146153497093049, 60.712957114562158 ], [ 5.146005322354783, 60.712991359561904 ] ], [ [ 5.145379047790576, 60.713300216456823 ], [ 5.14556716738619, 60.713287306430679 ], [ 5.145582304643201, 60.713255673384843 ], [ 5.145379047790576, 60.713300216456823 ] ], [ [ 5.130593849621322, 60.719560919250647 ], [ 5.130798905454439, 60.719563856007888 ], [ 5.130784627995197, 60.719519902130337 ], [ 5.130593849621322, 60.719560919250647 ] ], [ [ 5.126734138216678, 60.724066891802771 ], [ 5.126672996737608, 60.724105600054884 ], [ 5.126722213599521, 60.724129801422393 ], [ 5.126734138216678, 60.724066891802771 ] ], [ [ 5.146670625340787, 60.723011277299129 ], [ 5.146768666861994, 60.723085514276697 ], [ 5.146846692150194, 60.723021990391551 ], [ 5.146670625340787, 60.723011277299129 ] ], [ [ 5.146321485035307, 60.72245818184269 ], [ 5.148230469066997, 60.722345478011299 ], [ 5.148025198052671, 60.722151442416617 ], [ 5.146321485035307, 60.72245818184269 ] ], [ [ 5.148234205275422, 60.722025155946483 ], [ 5.148574315162897, 60.722210283839331 ], [ 5.148854714291742, 60.722099247186925 ], [ 5.148234205275422, 60.722025155946483 ] ], [ [ 5.141530591504231, 60.721609196944328 ], [ 5.143127057117227, 60.721144617341828 ], [ 5.143350656967002, 60.720833285939115 ], [ 5.141530591504231, 60.721609196944328 ] ], [ [ 5.149223147117456, 60.721905429874603 ], [ 5.14876349060047, 60.721919918223698 ], [ 5.148781981095205, 60.72203575745641 ], [ 5.149223147117456, 60.721905429874603 ] ], [ [ 5.148949494591576, 60.721863228636821 ], [ 5.149041716753835, 60.72178184520029 ], [ 5.14892447273149, 60.721837211866038 ], [ 5.148949494591576, 60.721863228636821 ] ], [ [ 5.149407711391978, 60.721359907729955 ], [ 5.150177834697717, 60.72144835083315 ], [ 5.150220226038137, 60.721154695753725 ], [ 5.149407711391978, 60.721359907729955 ] ], [ [ 5.168034687014222, 60.722502904667479 ], [ 5.16815605502668, 60.722556772158981 ], [ 5.168160965526865, 60.72247262259296 ], [ 5.168034687014222, 60.722502904667479 ] ], [ [ 5.148352872515752, 60.72050281274295 ], [ 5.148525077671957, 60.720809133508652 ], [ 5.149214842174698, 60.720133422345604 ], [ 5.148352872515752, 60.72050281274295 ] ], [ [ 5.155493727253078, 60.721419033039936 ], [ 5.158778249472097, 60.719914683441097 ], [ 5.164501246759729, 60.714715437297293 ], [ 5.163616727135536, 60.714600769880626 ], [ 5.162557320576442, 60.715881277207629 ], [ 5.15566672407937, 60.718584416547365 ], [ 5.155493727253078, 60.721419033039936 ] ], [ [ 5.168531647703762, 60.72134267431651 ], [ 5.168501879221434, 60.721390055955794 ], [ 5.168680745343512, 60.72131145758182 ], [ 5.168531647703762, 60.72134267431651 ] ], [ [ 5.168062311201327, 60.720103473668217 ], [ 5.168438143979381, 60.720071945409892 ], [ 5.168376260708639, 60.720003118682691 ], [ 5.168062311201327, 60.720103473668217 ] ], [ [ 5.16872355343187, 60.719877905492922 ], [ 5.168546429401022, 60.719886235089398 ], [ 5.168506095891423, 60.719918175750372 ], [ 5.16872355343187, 60.719877905492922 ] ], [ [ 5.168621651503907, 60.719837604481611 ], [ 5.168817752322047, 60.719867145399498 ], [ 5.168870963012242, 60.719800054626369 ], [ 5.168621651503907, 60.719837604481611 ] ], [ [ 5.161783143386898, 60.71760937803694 ], [ 5.161741844377124, 60.717654003793307 ], [ 5.161828601663216, 60.71762007596287 ], [ 5.161783143386898, 60.71760937803694 ] ], [ [ 5.162022172169975, 60.717505205849768 ], [ 5.161831363118122, 60.717563274423028 ], [ 5.161863614034051, 60.717597605831322 ], [ 5.162022172169975, 60.717505205849768 ] ], [ [ 5.162404605764817, 60.717238650374306 ], [ 5.16226344898375, 60.717194530066536 ], [ 5.162202592227652, 60.717242683407271 ], [ 5.162404605764817, 60.717238650374306 ] ], [ [ 5.17241509761633, 60.717579263945439 ], [ 5.172337481825693, 60.717591977566414 ], [ 5.172329256051486, 60.717628829247332 ], [ 5.17241509761633, 60.717579263945439 ] ], [ [ 5.163169598998248, 60.716024188745472 ], [ 5.16317212124035, 60.716063284500677 ], [ 5.163248480810884, 60.716036095958927 ], [ 5.163169598998248, 60.716024188745472 ] ], [ [ 5.164607533876409, 60.715581023856117 ], [ 5.164470083935498, 60.715726566574183 ], [ 5.164727007229754, 60.715557752504637 ], [ 5.164607533876409, 60.715581023856117 ] ], [ [ 5.174764296989371, 60.715579071170843 ], [ 5.175390771827754, 60.715517304171811 ], [ 5.175372316176798, 60.715278237079865 ], [ 5.174764296989371, 60.715579071170843 ] ], [ [ 5.176232798101121, 60.715619606238803 ], [ 5.176279253970487, 60.71570855093308 ], [ 5.176339529030489, 60.715615469358262 ], [ 5.176232798101121, 60.715619606238803 ] ], [ [ 5.160192167383787, 60.714683777193059 ], [ 5.16079737024255, 60.713864310255602 ], [ 5.159248589530192, 60.714966732894915 ], [ 5.160192167383787, 60.714683777193059 ] ], [ [ 5.162134779903043, 60.713833941445934 ], [ 5.162012003168623, 60.714046804744932 ], [ 5.162313241924547, 60.713953396730339 ], [ 5.162134779903043, 60.713833941445934 ] ], [ [ 5.164549243745308, 60.714604800485667 ], [ 5.164350961690327, 60.714681772266374 ], [ 5.164585842468319, 60.714644791960083 ], [ 5.164549243745308, 60.714604800485667 ] ], [ [ 5.160618208898179, 60.714264552743963 ], [ 5.160623411925318, 60.714309909953343 ], [ 5.160674005482373, 60.714259096667931 ], [ 5.160618208898179, 60.714264552743963 ] ], [ [ 5.175112100350876, 60.715299788669427 ], [ 5.175228843035207, 60.715313495110784 ], [ 5.175252522704165, 60.715272629520506 ], [ 5.175112100350876, 60.715299788669427 ] ], [ [ 5.160596799653959, 60.71527360509171 ], [ 5.160530853471696, 60.715133078776532 ], [ 5.160148420917525, 60.715329682445656 ], [ 5.160596799653959, 60.71527360509171 ] ], [ [ 5.162069899611443, 60.715294461596848 ], [ 5.162208333976309, 60.715782304498155 ], [ 5.162733868355981, 60.715287832828004 ], [ 5.162069899611443, 60.715294461596848 ] ], [ [ 5.156653945453108, 60.716952299958045 ], [ 5.155277811403563, 60.716919213046616 ], [ 5.154691806189687, 60.717604720748163 ], [ 5.156653945453108, 60.716952299958045 ] ], [ [ 5.150344652628885, 60.71816262993427 ], [ 5.150822435401538, 60.717546745769887 ], [ 5.148945313909961, 60.718350177106508 ], [ 5.150344652628885, 60.71816262993427 ] ], [ [ 5.153014939249041, 60.718428122223479 ], [ 5.150575932891234, 60.71909289916708 ], [ 5.149557052268045, 60.719873775478526 ], [ 5.153014939249041, 60.718428122223479 ] ], [ [ 5.151897265229899, 60.719613764948335 ], [ 5.151004586465289, 60.720777002620267 ], [ 5.15339967875116, 60.719009715221524 ], [ 5.151897265229899, 60.719613764948335 ] ], [ [ 5.150824135620033, 60.720557033265386 ], [ 5.15090480332977, 60.720511801316299 ], [ 5.150965098697724, 60.720469130034978 ], [ 5.150824135620033, 60.720557033265386 ] ], [ [ 5.150854824622382, 60.72063522897998 ], [ 5.150913942127308, 60.720616087606707 ], [ 5.1509088824782, 60.720594809627833 ], [ 5.150854824622382, 60.72063522897998 ] ], [ [ 5.151330553479788, 60.720859094571139 ], [ 5.151214930432695, 60.720814232347699 ], [ 5.151113201472523, 60.720900702850358 ], [ 5.151330553479788, 60.720859094571139 ] ], [ [ 5.148360258780542, 60.720423369399477 ], [ 5.148403526906915, 60.720364686132577 ], [ 5.148288376764627, 60.72040971075652 ], [ 5.148360258780542, 60.720423369399477 ] ], [ [ 5.144534992332849, 60.72037030974392 ], [ 5.144468239286693, 60.720224825836532 ], [ 5.144381704967338, 60.720354678080746 ], [ 5.144534992332849, 60.72037030974392 ] ], [ [ 5.147911296269043, 60.72055148585472 ], [ 5.147806365120571, 60.720573017611919 ], [ 5.147848818929344, 60.720594627466696 ], [ 5.147911296269043, 60.72055148585472 ] ], [ [ 5.142955486040983, 60.720740877558661 ], [ 5.142605827165656, 60.720829748046519 ], [ 5.142613609611828, 60.720928777743993 ], [ 5.142955486040983, 60.720740877558661 ] ], [ [ 5.14646162643742, 60.723082545674025 ], [ 5.146298818761787, 60.723011645924068 ], [ 5.146265289002181, 60.723034041890742 ], [ 5.14646162643742, 60.723082545674025 ] ], [ [ 5.15006959023142, 60.71660085556919 ], [ 5.149988302863276, 60.716648121751334 ], [ 5.149991033807239, 60.716653029732143 ], [ 5.15006959023142, 60.71660085556919 ] ], [ [ 5.167264930192569, 60.713938847179591 ], [ 5.169407136085285, 60.712981726484728 ], [ 5.170133165232792, 60.711898910195806 ], [ 5.168579081852614, 60.712053741323167 ], [ 5.167264930192569, 60.713938847179591 ] ], [ [ 5.163047439287924, 60.71138389801721 ], [ 5.163319806207063, 60.711267266597069 ], [ 5.163369151976595, 60.711146867396359 ], [ 5.163047439287924, 60.71138389801721 ] ], [ [ 5.168334657489554, 60.71201039396874 ], [ 5.168360596564119, 60.711931693006406 ], [ 5.168234533649064, 60.711988953497659 ], [ 5.168334657489554, 60.71201039396874 ] ], [ [ 5.168527960386635, 60.711975214808973 ], [ 5.168422772566114, 60.712008504735408 ], [ 5.168435158872497, 60.712016841828564 ], [ 5.168527960386635, 60.711975214808973 ] ], [ [ 5.167772352248238, 60.712616167879503 ], [ 5.167633351928769, 60.712394499861446 ], [ 5.167491971239631, 60.712713303327874 ], [ 5.167772352248238, 60.712616167879503 ] ], [ [ 5.161780442248533, 60.712269332195632 ], [ 5.161521561828824, 60.712341627296595 ], [ 5.161495274462547, 60.712372344471369 ], [ 5.161780442248533, 60.712269332195632 ] ], [ [ 5.161863691313354, 60.712282016815955 ], [ 5.16174486762, 60.712324154240939 ], [ 5.161765921340133, 60.712339106460824 ], [ 5.161863691313354, 60.712282016815955 ] ], [ [ 5.165509250898063, 60.71032683377156 ], [ 5.165445208311244, 60.710359640522391 ], [ 5.165463955452912, 60.710376683369397 ], [ 5.165509250898063, 60.71032683377156 ] ], [ [ 5.165426215662029, 60.710157265653613 ], [ 5.165464563733912, 60.710310674190708 ], [ 5.165562053704219, 60.71010362770491 ], [ 5.165426215662029, 60.710157265653613 ] ], [ [ 5.182293458443245, 60.706726379701792 ], [ 5.182247087024074, 60.706769639053761 ], [ 5.182302239276202, 60.706727843495095 ], [ 5.182293458443245, 60.706726379701792 ] ], [ [ 5.182845282917992, 60.703224979841004 ], [ 5.182589605225949, 60.703269316115858 ], [ 5.182560995879854, 60.703296878304343 ], [ 5.182845282917992, 60.703224979841004 ] ], [ [ 5.183091424289421, 60.701955438109778 ], [ 5.183120748876564, 60.701990904610064 ], [ 5.183114626421033, 60.701917251445835 ], [ 5.183091424289421, 60.701955438109778 ] ], [ [ 5.183585415216093, 60.701483553838244 ], [ 5.185017259330808, 60.701726797735233 ], [ 5.185547294241992, 60.701412388136319 ], [ 5.183585415216093, 60.701483553838244 ] ], [ [ 5.183854805145398, 60.700940677525352 ], [ 5.184642412219387, 60.700913329779155 ], [ 5.184801681164876, 60.700575213456034 ], [ 5.183854805145398, 60.700940677525352 ] ], [ [ 5.191079791610454, 60.698918189809767 ], [ 5.192412913627554, 60.698770963363692 ], [ 5.192165118923158, 60.698352906436519 ], [ 5.191079791610454, 60.698918189809767 ] ], [ [ 5.192349912558627, 60.698197362911593 ], [ 5.192298423600469, 60.698180528680282 ], [ 5.192272546365045, 60.698212456295906 ], [ 5.192349912558627, 60.698197362911593 ] ], [ [ 5.196760723315291, 60.695402389720762 ], [ 5.196572333216452, 60.695456876567164 ], [ 5.196589737262864, 60.695492725704213 ], [ 5.196760723315291, 60.695402389720762 ] ], [ [ 5.197178344923417, 60.695165326208624 ], [ 5.196962328724378, 60.695103134331433 ], [ 5.196901709953941, 60.695213295087747 ], [ 5.197178344923417, 60.695165326208624 ] ], [ [ 5.180384230576514, 60.708558589662267 ], [ 5.180461385031572, 60.708561673046653 ], [ 5.180473331431867, 60.708522291809913 ], [ 5.180384230576514, 60.708558589662267 ] ], [ [ 5.180554846565137, 60.708477651232222 ], [ 5.180771056707115, 60.708456094259823 ], [ 5.180773301749173, 60.708419433751359 ], [ 5.180554846565137, 60.708477651232222 ] ], [ [ 5.161327795173551, 60.72585349007241 ], [ 5.161435246426936, 60.725828604884967 ], [ 5.161377602548007, 60.725778366896826 ], [ 5.161327795173551, 60.72585349007241 ] ], [ [ 5.16872795356997, 60.72970763490904 ], [ 5.168589361530137, 60.729671767538512 ], [ 5.168501196491169, 60.729735909602532 ], [ 5.16872795356997, 60.72970763490904 ] ], [ [ 5.184277106898174, 60.721660474672419 ], [ 5.18510342695448, 60.722518889933838 ], [ 5.185852764590068, 60.72215696961814 ], [ 5.184277106898174, 60.721660474672419 ] ], [ [ 5.186470419529008, 60.7224252062163 ], [ 5.188283923337376, 60.722283973661632 ], [ 5.188384165980532, 60.722092229288798 ], [ 5.186470419529008, 60.7224252062163 ] ], [ [ 5.186743149001234, 60.72209510436344 ], [ 5.18728393392422, 60.722017984952736 ], [ 5.18710412872105, 60.721910867031426 ], [ 5.186743149001234, 60.72209510436344 ] ], [ [ 5.188957889753876, 60.721457633610889 ], [ 5.190986852081673, 60.721705886477864 ], [ 5.191029724945492, 60.721335635013467 ], [ 5.188957889753876, 60.721457633610889 ] ], [ [ 5.19060234059066, 60.721240091918304 ], [ 5.190584566908359, 60.721267823569278 ], [ 5.190687195101166, 60.721220663689543 ], [ 5.19060234059066, 60.721240091918304 ] ], [ [ 5.189293296003064, 60.720439157201554 ], [ 5.188895097556833, 60.720425840857963 ], [ 5.188943764050709, 60.720508337205132 ], [ 5.189293296003064, 60.720439157201554 ] ], [ [ 5.187514007223767, 60.71988847464965 ], [ 5.186401313703298, 60.720018059926083 ], [ 5.186443476072702, 60.720107858322251 ], [ 5.187514007223767, 60.71988847464965 ] ], [ [ 5.18985762982804, 60.716567056775077 ], [ 5.189709621761897, 60.716608690590697 ], [ 5.189844306802289, 60.716630133529939 ], [ 5.18985762982804, 60.716567056775077 ] ], [ [ 5.188104917686598, 60.719322744554177 ], [ 5.187846605115324, 60.719372241173879 ], [ 5.187866147065363, 60.7193939533337 ], [ 5.188104917686598, 60.719322744554177 ] ], [ [ 5.198391557907772, 60.717789165419276 ], [ 5.198412429823902, 60.717800568595244 ], [ 5.198438907517137, 60.717767326217228 ], [ 5.198391557907772, 60.717789165419276 ] ], [ [ 5.20337759905299, 60.716772890164762 ], [ 5.203421806161481, 60.716791895451578 ], [ 5.203450873471194, 60.716762824577579 ], [ 5.20337759905299, 60.716772890164762 ] ], [ [ 5.14446787850124, 60.732214828735138 ], [ 5.144523364383459, 60.732203925297767 ], [ 5.144511601695779, 60.732189388544285 ], [ 5.14446787850124, 60.732214828735138 ] ], [ [ 5.13623798660383, 60.731368079413464 ], [ 5.136321956039013, 60.731301019412101 ], [ 5.136295552054311, 60.73129498616747 ], [ 5.13623798660383, 60.731368079413464 ] ], [ [ 5.131612770835694, 60.732240193231966 ], [ 5.131636299445189, 60.732203030629478 ], [ 5.131572884011391, 60.73223532889272 ], [ 5.131612770835694, 60.732240193231966 ] ], [ [ 5.123310041502761, 60.73047713171264 ], [ 5.123191757609233, 60.73048136483925 ], [ 5.123339684585603, 60.730495353561757 ], [ 5.123310041502761, 60.73047713171264 ] ], [ [ 5.122498199333355, 60.731439487801509 ], [ 5.122565815043298, 60.731392484243429 ], [ 5.122456161329855, 60.731430840897026 ], [ 5.122498199333355, 60.731439487801509 ] ], [ [ 5.11328812058232, 60.731586087539135 ], [ 5.113427026461357, 60.731521410338253 ], [ 5.11327529400523, 60.731561332788637 ], [ 5.11328812058232, 60.731586087539135 ] ], [ [ 5.112674302836586, 60.731615585788809 ], [ 5.112771214793067, 60.731576649869098 ], [ 5.112656806876648, 60.731601704482273 ], [ 5.112674302836586, 60.731615585788809 ] ], [ [ 5.063844725375501, 60.754112487895028 ], [ 5.064317098323373, 60.754352804163695 ], [ 5.064162194848003, 60.753995503613922 ], [ 5.063844725375501, 60.754112487895028 ] ], [ [ 5.059413978021466, 60.756850925637437 ], [ 5.059342683740083, 60.756852378601799 ], [ 5.059337795989815, 60.756870384784996 ], [ 5.059413978021466, 60.756850925637437 ] ], [ [ 5.058102467420627, 60.758464995961191 ], [ 5.058150405266954, 60.75841401044039 ], [ 5.058067311896351, 60.758457930532366 ], [ 5.058102467420627, 60.758464995961191 ] ], [ [ 5.058387966410725, 60.758760582333899 ], [ 5.058311524752631, 60.758638838224698 ], [ 5.058074506044006, 60.758748528729811 ], [ 5.058387966410725, 60.758760582333899 ] ], [ [ 5.056514807821556, 60.760064909584059 ], [ 5.056755782829698, 60.760054436391727 ], [ 5.05680910923622, 60.759973807549748 ], [ 5.056514807821556, 60.760064909584059 ] ], [ [ 5.034069657119676, 60.759788906068401 ], [ 5.034580954185772, 60.759805448608923 ], [ 5.034484341006691, 60.75969049951113 ], [ 5.034069657119676, 60.759788906068401 ] ], [ [ 5.055705947884895, 60.761732337429386 ], [ 5.055691709271339, 60.76154420259077 ], [ 5.055211118503385, 60.761888433107053 ], [ 5.055705947884895, 60.761732337429386 ] ], [ [ 5.033663082422904, 60.760029652098261 ], [ 5.034130458754181, 60.759971492181002 ], [ 5.03412503719498, 60.759931534418165 ], [ 5.033663082422904, 60.760029652098261 ] ], [ [ 5.033791082775938, 60.760089304230497 ], [ 5.033435641833581, 60.760146809947976 ], [ 5.033539505025566, 60.76021677934564 ], [ 5.033791082775938, 60.760089304230497 ] ], [ [ 5.055593380635791, 60.76185686062037 ], [ 5.055506664799836, 60.761846659528366 ], [ 5.055500538198913, 60.761865659056674 ], [ 5.055593380635791, 60.76185686062037 ] ], [ [ 5.054673872981473, 60.76242146430647 ], [ 5.054230763777349, 60.762160770841447 ], [ 5.054127842065709, 60.762371540524555 ], [ 5.054673872981473, 60.76242146430647 ] ], [ [ 5.057061347718761, 60.762746495518819 ], [ 5.05876964129971, 60.762373574475468 ], [ 5.058968320986171, 60.761470566185523 ], [ 5.058079139304063, 60.761795817460822 ], [ 5.057061347718761, 60.762746495518819 ] ], [ [ 5.058800473362776, 60.762478510981261 ], [ 5.059161933620465, 60.762527095077637 ], [ 5.059304477450306, 60.762378838084381 ], [ 5.058800473362776, 60.762478510981261 ] ], [ [ 5.059388039812309, 60.762244087608373 ], [ 5.059443454339322, 60.762272759668768 ], [ 5.059411232741145, 60.762230256468619 ], [ 5.059388039812309, 60.762244087608373 ] ], [ [ 5.059584275483664, 60.762225283535095 ], [ 5.059560060674585, 60.762280850248807 ], [ 5.059605114626837, 60.762232001259861 ], [ 5.059584275483664, 60.762225283535095 ] ], [ [ 5.057933215275821, 60.761640094296155 ], [ 5.057925694301356, 60.76160912270015 ], [ 5.057847133707984, 60.76167401687951 ], [ 5.057933215275821, 60.761640094296155 ] ], [ [ 5.038829563616898, 60.761913000785285 ], [ 5.037669744652874, 60.7620254203295 ], [ 5.038309514193078, 60.762125070208583 ], [ 5.038829563616898, 60.761913000785285 ] ], [ [ 5.041751561554609, 60.762720599947272 ], [ 5.039841170157359, 60.762521193899914 ], [ 5.038900210092271, 60.763531191324439 ], [ 5.041751561554609, 60.762720599947272 ] ], [ [ 5.026959062338571, 60.76260740652765 ], [ 5.027055179704937, 60.762632451519835 ], [ 5.027067319588796, 60.762618519657806 ], [ 5.026959062338571, 60.76260740652765 ] ], [ [ 5.053960950069202, 60.763996337360922 ], [ 5.053757802458915, 60.763971536969116 ], [ 5.053789100053551, 60.764047730343769 ], [ 5.053960950069202, 60.763996337360922 ] ], [ [ 5.054348377855901, 60.76392822853709 ], [ 5.054354119515314, 60.764019885326327 ], [ 5.054387421741318, 60.763921105274953 ], [ 5.054348377855901, 60.76392822853709 ] ], [ [ 5.041776295391404, 60.762786350196826 ], [ 5.042109316300089, 60.762871948525479 ], [ 5.042163519366339, 60.762813472209132 ], [ 5.041776295391404, 60.762786350196826 ] ], [ [ 5.032070391870447, 60.764702284636961 ], [ 5.014179178038316, 60.77496158645269 ], [ 5.008527096853931, 60.776291006878495 ], [ 5.002871216945501, 60.780243568275132 ], [ 5.00136908191485, 60.780987435428628 ], [ 5.000907942151009, 60.780776878151947 ], [ 4.993919468234362, 60.7894546625743 ], [ 4.998594007707392, 60.789524967398137 ], [ 4.99401962657062, 60.792131873052149 ], [ 4.996239084281999, 60.790909731537404 ], [ 4.999390398950284, 60.790318936680052 ], [ 4.997053709220229, 60.792123707755735 ], [ 4.995040381502057, 60.79233641566988 ], [ 4.996166099836699, 60.793496966131691 ], [ 5.02612523507966, 60.780357022687888 ], [ 5.029548543425364, 60.781307612023589 ], [ 5.034265199058444, 60.779835744983885 ], [ 5.034345536950304, 60.779460375037104 ], [ 5.041146358382184, 60.775776571097396 ], [ 5.042485290683747, 60.774392887016347 ], [ 5.043814688954387, 60.774067206866327 ], [ 5.044425802843114, 60.772904389050566 ], [ 5.046396999504116, 60.772043556269942 ], [ 5.046704832353001, 60.766927147550419 ], [ 5.043207171024374, 60.767344698878816 ], [ 5.039345480325931, 60.7661493124616 ], [ 5.036749808454147, 60.768267664017863 ], [ 5.03202937119792, 60.768999978970463 ], [ 5.035489671313625, 60.766111356613905 ], [ 5.032070391870447, 60.764702284636961 ] ], [ [ 5.013702083043878, 60.772048264176803 ], [ 5.01405271212719, 60.771994875814592 ], [ 5.013995998661472, 60.771954500622591 ], [ 5.013702083043878, 60.772048264176803 ] ], [ [ 5.015809035734466, 60.772496580458146 ], [ 5.0161285107099, 60.772592448089185 ], [ 5.016091996510021, 60.772478921788547 ], [ 5.015809035734466, 60.772496580458146 ] ], [ [ 5.01094971863557, 60.772828756865032 ], [ 5.010951859438193, 60.772724198128664 ], [ 5.010849792461311, 60.772818710854935 ], [ 5.01094971863557, 60.772828756865032 ] ], [ [ 5.010599173644135, 60.772989579114494 ], [ 5.010228096521367, 60.772923668779043 ], [ 5.010180484784178, 60.773006254721608 ], [ 5.010599173644135, 60.772989579114494 ] ], [ [ 5.009218403812002, 60.773060094490504 ], [ 5.009274304532983, 60.772841643032152 ], [ 5.009140441871168, 60.773071429751425 ], [ 5.009218403812002, 60.773060094490504 ] ], [ [ 5.008699771587342, 60.773193340376551 ], [ 5.00896841606826, 60.773239515614193 ], [ 5.008962429932549, 60.773079586990534 ], [ 5.008699771587342, 60.773193340376551 ] ], [ [ 5.006439320595814, 60.775204387048888 ], [ 5.005885167558126, 60.77513202866718 ], [ 5.005688211034607, 60.775377524073484 ], [ 5.006439320595814, 60.775204387048888 ] ], [ [ 5.006126594883411, 60.775692071629528 ], [ 5.005156803875258, 60.775549441763872 ], [ 5.004978345584795, 60.775902044271746 ], [ 5.006126594883411, 60.775692071629528 ] ], [ [ 5.004797434620982, 60.775861103001468 ], [ 5.004937910264813, 60.775859359332422 ], [ 5.004898268487234, 60.775825332571486 ], [ 5.004797434620982, 60.775861103001468 ] ], [ [ 5.002031817015333, 60.780451504727338 ], [ 5.002299135096019, 60.780421471250392 ], [ 5.002273777195676, 60.780379105174745 ], [ 5.002031817015333, 60.780451504727338 ] ], [ [ 4.999320543597329, 60.782374171488378 ], [ 4.996951700764221, 60.782323977293956 ], [ 4.997411595600466, 60.782925376007462 ], [ 4.999320543597329, 60.782374171488378 ] ], [ [ 4.995701833406962, 60.781719230745118 ], [ 4.995750754872241, 60.781673222135851 ], [ 4.995667974557487, 60.781717406106296 ], [ 4.995701833406962, 60.781719230745118 ] ], [ [ 4.997965483126426, 60.789815013843238 ], [ 4.99647364508841, 60.79002986362471 ], [ 4.996391771605539, 60.790267451743823 ], [ 4.997965483126426, 60.789815013843238 ] ], [ [ 4.992171008246782, 60.789954360502456 ], [ 4.991793734516453, 60.789979267543046 ], [ 4.992476333864427, 60.790034370892883 ], [ 4.992171008246782, 60.789954360502456 ] ], [ [ 4.996491940218258, 60.789678423617502 ], [ 4.99674659396929, 60.789590692707108 ], [ 4.996551573790193, 60.789572576964829 ], [ 4.996491940218258, 60.789678423617502 ] ], [ [ 4.99414600482011, 60.790741607336372 ], [ 4.994171192838839, 60.790689286229579 ], [ 4.994074637493573, 60.790734787116264 ], [ 4.99414600482011, 60.790741607336372 ] ], [ [ 4.994593059528702, 60.790750909603979 ], [ 4.994653348409472, 60.790765856422446 ], [ 4.994636685895808, 60.790739982839007 ], [ 4.994593059528702, 60.790750909603979 ] ], [ [ 4.994803335035486, 60.790967493501277 ], [ 4.994489352676418, 60.790936076493111 ], [ 4.994388154460228, 60.791057439780886 ], [ 4.994803335035486, 60.790967493501277 ] ], [ [ 4.993133669941978, 60.791396745779039 ], [ 4.993410073922885, 60.79112311493013 ], [ 4.992758189589438, 60.79094343097222 ], [ 4.992379935985986, 60.791297552499799 ], [ 4.993133669941978, 60.791396745779039 ] ], [ [ 4.993738061370733, 60.79087499929193 ], [ 4.99381877910544, 60.790883881221887 ], [ 4.993819324388269, 60.79087568561274 ], [ 4.993738061370733, 60.79087499929193 ] ], [ [ 4.993972362697523, 60.7914472979081 ], [ 4.993364451962771, 60.791482998885286 ], [ 4.99281131301252, 60.791590524077193 ], [ 4.993972362697523, 60.7914472979081 ] ], [ [ 4.994101727838059, 60.791281802985736 ], [ 4.993827015955364, 60.791324392966239 ], [ 4.9941369218538, 60.791318213325468 ], [ 4.994101727838059, 60.791281802985736 ] ], [ [ 4.991094456395408, 60.791990676503552 ], [ 4.991004757713179, 60.791718266641453 ], [ 4.990819996861239, 60.791938421981136 ], [ 4.991094456395408, 60.791990676503552 ] ], [ [ 4.99219293437015, 60.792001422692366 ], [ 4.992326323277577, 60.792013003588423 ], [ 4.992266490833749, 60.791964871879095 ], [ 4.99219293437015, 60.792001422692366 ] ], [ [ 4.996145839334134, 60.791987595429269 ], [ 4.99615490129144, 60.792031723328783 ], [ 4.996344552205435, 60.791928781875505 ], [ 4.996145839334134, 60.791987595429269 ] ], [ [ 4.996045784237343, 60.79116301046394 ], [ 4.996029815849682, 60.791194302668046 ], [ 4.996072638465249, 60.791170643202889 ], [ 4.996045784237343, 60.79116301046394 ] ], [ [ 4.996148034381327, 60.791097662016895 ], [ 4.996222949430167, 60.791112622615145 ], [ 4.99627261785417, 60.791089568799386 ], [ 4.996148034381327, 60.791097662016895 ] ], [ [ 4.992003699300819, 60.792404440836123 ], [ 4.992073865075723, 60.79209953531285 ], [ 4.991480907411086, 60.792467903588353 ], [ 4.992003699300819, 60.792404440836123 ] ], [ [ 4.992517231944582, 60.79219699710967 ], [ 4.992420121762932, 60.792218378962289 ], [ 4.992438541499101, 60.792230446187219 ], [ 4.992517231944582, 60.79219699710967 ] ], [ [ 4.997334605651615, 60.793959886073935 ], [ 4.996503837196779, 60.7939850805273 ], [ 4.99642314192168, 60.794133060344848 ], [ 4.997334605651615, 60.793959886073935 ] ], [ [ 5.002564381580988, 60.791378080678676 ], [ 5.002242032869312, 60.79141674290527 ], [ 5.002290619469743, 60.7915200501632 ], [ 5.002564381580988, 60.791378080678676 ] ], [ [ 5.002546911199746, 60.791217104665137 ], [ 5.002312874181895, 60.791172892811396 ], [ 5.002247235101361, 60.79119728184704 ], [ 5.002546911199746, 60.791217104665137 ] ], [ [ 5.025133432547551, 60.781116438236438 ], [ 5.025268893739185, 60.781110675186326 ], [ 5.025249850182128, 60.781071685264315 ], [ 5.025133432547551, 60.781116438236438 ] ], [ [ 5.032027939452743, 60.780714047702553 ], [ 5.034057642853441, 60.780849239890728 ], [ 5.034603013207454, 60.780140286613843 ], [ 5.032027939452743, 60.780714047702553 ] ], [ [ 5.034861249237182, 60.77929386545533 ], [ 5.034728320221824, 60.779291591613607 ], [ 5.034732055166692, 60.779298569123782 ], [ 5.034861249237182, 60.77929386545533 ] ], [ [ 5.047349905680483, 60.771413338107401 ], [ 5.047268268680817, 60.771440619919005 ], [ 5.04728558078289, 60.771488164183047 ], [ 5.047349905680483, 60.771413338107401 ] ], [ [ 5.049506856237815, 60.768778567379329 ], [ 5.049684498397237, 60.768923371648924 ], [ 5.04984222920364, 60.768726842944581 ], [ 5.049506856237815, 60.768778567379329 ] ], [ [ 5.04988671474247, 60.768128324014683 ], [ 5.050518147937145, 60.768315976031879 ], [ 5.050895685899373, 60.767693161062802 ], [ 5.04988671474247, 60.768128324014683 ] ], [ [ 5.043785373349244, 60.76674326940001 ], [ 5.043687659516276, 60.766719113788632 ], [ 5.043711804160243, 60.766776130791733 ], [ 5.043785373349244, 60.76674326940001 ] ], [ [ 5.042961708637775, 60.766801558718441 ], [ 5.042668324086845, 60.766787175607419 ], [ 5.042787148030665, 60.766899889030462 ], [ 5.042961708637775, 60.766801558718441 ] ], [ [ 5.039622582534284, 60.765937486779954 ], [ 5.039796451754897, 60.765908707097061 ], [ 5.039771658803001, 60.765884493780121 ], [ 5.039622582534284, 60.765937486779954 ] ], [ [ 5.036812322658797, 60.767568126703836 ], [ 5.036683615315294, 60.767592687009042 ], [ 5.036700265098441, 60.767622806779585 ], [ 5.036812322658797, 60.767568126703836 ] ], [ [ 4.991019742026162, 60.799295171883763 ], [ 4.991171546062046, 60.799276640091485 ], [ 4.991160999546376, 60.799267790448155 ], [ 4.991019742026162, 60.799295171883763 ] ], [ [ 4.990645341490486, 60.799493902576167 ], [ 4.990787581282953, 60.799482797320046 ], [ 4.990752904425556, 60.799463532236153 ], [ 4.990645341490486, 60.799493902576167 ] ], [ [ 4.99058227107452, 60.799598766037633 ], [ 4.990717475548595, 60.799540064208067 ], [ 4.990580632048215, 60.799559902900988 ], [ 4.99058227107452, 60.799598766037633 ] ], [ [ 4.984179980912639, 60.801508268366241 ], [ 4.98421918897666, 60.801470309447737 ], [ 4.984193620808587, 60.801467387703305 ], [ 4.984179980912639, 60.801508268366241 ] ], [ [ 4.986485290717028, 60.79393228447055 ], [ 4.98639082620005, 60.793860089305042 ], [ 4.986314899152969, 60.793959909128723 ], [ 4.986485290717028, 60.79393228447055 ] ], [ [ 4.986457986953414, 60.794082291093545 ], [ 4.986791040442478, 60.7941414114865 ], [ 4.986756504249158, 60.794007202981248 ], [ 4.986457986953414, 60.794082291093545 ] ], [ [ 4.983501220241071, 60.795098042836322 ], [ 4.984125119697929, 60.795097077818959 ], [ 4.984348213094897, 60.794905341250988 ], [ 4.983501220241071, 60.795098042836322 ] ], [ [ 4.98339085977184, 60.788872301639003 ], [ 4.983450131030523, 60.788875772540464 ], [ 4.983433804956144, 60.788861779744195 ], [ 4.98339085977184, 60.788872301639003 ] ], [ [ 4.979306112157297, 60.790686447129097 ], [ 4.979591339633921, 60.79068160931692 ], [ 4.979596191835054, 60.790632191952383 ], [ 4.979306112157297, 60.790686447129097 ] ], [ [ 4.953594570032274, 60.798255918543802 ], [ 4.953670128420791, 60.798265339869118 ], [ 4.953655909780552, 60.798235932936628 ], [ 4.953594570032274, 60.798255918543802 ] ], [ [ 4.956064759776719, 60.800255024296177 ], [ 4.955764081251419, 60.800232850962566 ], [ 4.955774002837854, 60.800333804683163 ], [ 4.956064759776719, 60.800255024296177 ] ], [ [ 4.956990654648844, 60.800377291452811 ], [ 4.956815364186975, 60.800357532188151 ], [ 4.956889362601523, 60.800399420172617 ], [ 4.956990654648844, 60.800377291452811 ] ], [ [ 4.958264928741165, 60.800396153376866 ], [ 4.958354481335164, 60.800425184949752 ], [ 4.958371269225785, 60.800376215336755 ], [ 4.958264928741165, 60.800396153376866 ] ], [ [ 4.958126679562938, 60.801349640375449 ], [ 4.955693211356225, 60.801113674243069 ], [ 4.954964841779811, 60.801708296526783 ], [ 4.958126679562938, 60.801349640375449 ] ], [ [ 4.952594741666754, 60.801713950067004 ], [ 4.952854336792368, 60.801721981922199 ], [ 4.952911127389639, 60.801619823208874 ], [ 4.952594741666754, 60.801713950067004 ] ], [ [ 4.957165523936506, 60.802144386870317 ], [ 4.957271575633077, 60.802182178323193 ], [ 4.957313704253726, 60.802111678564749 ], [ 4.957165523936506, 60.802144386870317 ] ], [ [ 5.033973418938221, 60.757811012108064 ], [ 5.033722407603121, 60.757795077199006 ], [ 5.033838968270331, 60.757877040979118 ], [ 5.033973418938221, 60.757811012108064 ] ], [ [ 5.034977512180862, 60.756777731241371 ], [ 5.035139467506622, 60.756778566832168 ], [ 5.035220116436152, 60.756751400933702 ], [ 5.034977512180862, 60.756777731241371 ] ], [ [ 5.019478071338533, 60.760105669760016 ], [ 5.019381056110802, 60.760090597512374 ], [ 5.019382528430594, 60.7601365957089 ], [ 5.019478071338533, 60.760105669760016 ] ], [ [ 5.018952478074764, 60.760311459143637 ], [ 5.018754812115358, 60.760244565908444 ], [ 5.018654673464619, 60.760363210547396 ], [ 5.018952478074764, 60.760311459143637 ] ], [ [ 5.015875613479958, 60.760045860188796 ], [ 5.016005451827564, 60.76006774631449 ], [ 5.016004957957734, 60.76005223223531 ], [ 5.015875613479958, 60.760045860188796 ] ], [ [ 5.019479978536732, 60.760350094251486 ], [ 5.018930695808261, 60.760389107732344 ], [ 5.018927533827594, 60.7605017338078 ], [ 5.019479978536732, 60.760350094251486 ] ], [ [ 5.019854007911148, 60.760160974297214 ], [ 5.019893363709653, 60.760184114159067 ], [ 5.019996771924712, 60.760125178212313 ], [ 5.019854007911148, 60.760160974297214 ] ], [ [ 5.017056571835131, 60.760641728678372 ], [ 5.017337233163869, 60.760603354751886 ], [ 5.017365561116629, 60.760567922430006 ], [ 5.017056571835131, 60.760641728678372 ] ], [ [ 5.014571899523574, 60.761063483696837 ], [ 5.014232334261845, 60.760982478341084 ], [ 5.014097614228567, 60.761233560429041 ], [ 5.014571899523574, 60.761063483696837 ] ], [ [ 5.016986413408992, 60.761431482674858 ], [ 5.014616845145236, 60.761719792424721 ], [ 5.014556537315599, 60.762185181330381 ], [ 5.016986413408992, 60.761431482674858 ] ], [ [ 5.011489129879758, 60.761997312472595 ], [ 5.011379463107776, 60.761898829268745 ], [ 5.011237844086373, 60.762003942708539 ], [ 5.011489129879758, 60.761997312472595 ] ], [ [ 5.017707802714927, 60.761053511835613 ], [ 5.017717668343558, 60.761124035055808 ], [ 5.017828243928822, 60.761039934610494 ], [ 5.017707802714927, 60.761053511835613 ] ], [ [ 5.013765190876606, 60.758822396459522 ], [ 5.013995689233242, 60.758729302870584 ], [ 5.013666637046375, 60.758801049416654 ], [ 5.013765190876606, 60.758822396459522 ] ], [ [ 5.009577819249074, 60.758453785904173 ], [ 5.009761061142089, 60.758452270622712 ], [ 5.009717928434445, 60.758409383688978 ], [ 5.009577819249074, 60.758453785904173 ] ], [ [ 4.978398333053005, 60.780045152105494 ], [ 4.978530806867504, 60.780052426554604 ], [ 4.978557284835448, 60.779988438054872 ], [ 4.978398333053005, 60.780045152105494 ] ], [ [ 4.978185030424374, 60.780321700726518 ], [ 4.978561676872407, 60.780157036030772 ], [ 4.978529195678879, 60.780103898420641 ], [ 4.978185030424374, 60.780321700726518 ] ], [ [ 4.977674933267474, 60.780634158198687 ], [ 4.977897747979091, 60.780652590934118 ], [ 4.977766138809818, 60.780551607843009 ], [ 4.977674933267474, 60.780634158198687 ] ], [ [ 4.928785551910109, 60.800938464635443 ], [ 4.928931519936889, 60.800931508756079 ], [ 4.928932978501986, 60.800891879798314 ], [ 4.928785551910109, 60.800938464635443 ] ] ] } },
{ "type": "Feature", "properties": { "naturvernId": "VV00003631", "navn": "Rossfjordstraumen", "offisieltNavn": "Rossfjordstraumen marine verneområde (Duvtarávnnji mearrasuodjalanguovlu)", "faktaark": "https://faktaark.naturbase.no/?id=VV00003631", "verneform": "MarintVerneomraade", "kommune": "Senja (5530)", "forvaltningsmyndighet": "Statsforvalteren i Troms og Finnmark", "iucn": "IkkeVurdert", "majorEcosystemType": "Marin", "is_mpa": true, "area_m2": 11375829.02555 }, "geometry": { "type": "Polygon", "coordinates": [ [ [ 18.361018074411522, 69.401408348563777 ], [ 18.351316079366111, 69.396615637999446 ], [ 18.355504555489741, 69.393619920700175 ], [ 18.350723578234117, 69.393196230454507 ], [ 18.345600792148041, 69.385332419835606 ], [ 18.347919976644906, 69.38342204487715 ], [ 18.320005922368807, 69.371771839278964 ], [ 18.314584016300969, 69.363738810684751 ], [ 18.306723025048136, 69.362191953017003 ], [ 18.292557635176337, 69.357747839402862 ], [ 18.288775753531745, 69.354956323536058 ], [ 18.277212495996057, 69.35380579531305 ], [ 18.269968768229898, 69.35024781131456 ], [ 18.254620093093738, 69.329050641943937 ], [ 18.254171528917592, 69.320290485824898 ], [ 18.248201402013425, 69.313663448484974 ], [ 18.250050364566032, 69.311543144576092 ], [ 18.244945855296884, 69.310880246977561 ], [ 18.246057368812309, 69.313392029393768 ], [ 18.241012663875917, 69.313933638644187 ], [ 18.23205303317728, 69.307362203838579 ], [ 18.224402018709064, 69.29512429328436 ], [ 18.207113879905091, 69.282036418662827 ], [ 18.207253578458921, 69.28113346233296 ], [ 18.205203260711546, 69.280276793725818 ], [ 18.196343395754429, 69.272026031666329 ], [ 18.197008490257907, 69.271728749519326 ], [ 18.205534661294092, 69.273115507212509 ], [ 18.223534393066668, 69.28536304265225 ], [ 18.260650864297968, 69.295639894208023 ], [ 18.270613311670104, 69.302702125150603 ], [ 18.275492704742799, 69.312081400451348 ], [ 18.283402025701736, 69.316515532588681 ], [ 18.28098318906731, 69.32018873034275 ], [ 18.286557721330542, 69.325974987853968 ], [ 18.280973255664591, 69.328775049799148 ], [ 18.284081761945306, 69.342599495772561 ], [ 18.279618451427709, 69.344977629784211 ], [ 18.288264608241867, 69.352782241795936 ], [ 18.300021600433915, 69.3564237176451 ], [ 18.308496486619479, 69.361561635120125 ], [ 18.32078159674986, 69.363958642902062 ], [ 18.323730508855054, 69.370517577884868 ], [ 18.336002685080878, 69.372690550242822 ], [ 18.340378963626552, 69.377924237604319 ], [ 18.356962752595582, 69.382977763824599 ], [ 18.356827910881822, 69.385543732643157 ], [ 18.368086687523583, 69.385029600379355 ], [ 18.380584330465773, 69.389950462852312 ], [ 18.38392573716418, 69.393416759527511 ], [ 18.361018074411522, 69.401408348563777 ] ], [ [ 18.341732280514801, 69.380639654384424 ], [ 18.342644861976162, 69.380465564333193 ], [ 18.342654037111419, 69.380447518665349 ], [ 18.34194735740104, 69.380501988797874 ], [ 18.341732280514801, 69.380639654384424 ] ], [ [ 18.34452472195413, 69.379946425248136 ], [ 18.344412395533112, 69.379897318546284 ], [ 18.344450471951383, 69.380016279321779 ], [ 18.34452472195413, 69.379946425248136 ] ], [ [ 18.343405533419691, 69.379635851471534 ], [ 18.343615315373558, 69.37949702840001 ], [ 18.343431964683113, 69.379504064017439 ], [ 18.343405533419691, 69.379635851471534 ] ], [ [ 18.312451650648995, 69.362995144876507 ], [ 18.311686503706667, 69.362902550974781 ], [ 18.312769234190178, 69.363158603233842 ], [ 18.312451650648995, 69.362995144876507 ] ], [ [ 18.304587211809434, 69.360741608344526 ], [ 18.303623183978413, 69.360519611800072 ], [ 18.304719531370647, 69.360837766276845 ], [ 18.304587211809434, 69.360741608344526 ] ], [ [ 18.251136088622207, 69.315259531169147 ], [ 18.251119666456656, 69.315417237470982 ], [ 18.251338817968726, 69.31534604877649 ], [ 18.251136088622207, 69.315259531169147 ] ], [ [ 18.238106639155617, 69.291950748750565 ], [ 18.237364564689173, 69.294521776482441 ], [ 18.246939723390412, 69.29714576332519 ], [ 18.244693278395982, 69.293604693658565 ], [ 18.240782955536705, 69.29302375085669 ], [ 18.238106639155617, 69.291950748750565 ] ], [ [ 18.236171516917256, 69.293752818139282 ], [ 18.235904873051776, 69.293622230449543 ], [ 18.235809130934992, 69.293630127727738 ], [ 18.236171516917256, 69.293752818139282 ] ], [ [ 18.25302481823687, 69.295745817163649 ], [ 18.251992352087935, 69.295648153985127 ], [ 18.251678144945888, 69.295688272038788 ], [ 18.25302481823687, 69.295745817163649 ] ], [ [ 18.253893398818832, 69.295738992306994 ], [ 18.253491253868276, 69.295708938067648 ], [ 18.253379394235221, 69.29574300721147 ], [ 18.253893398818832, 69.295738992306994 ] ], [ [ 18.246782345899391, 69.293057460026716 ], [ 18.24725351213657, 69.293179342355785 ], [ 18.247595289805833, 69.293091485751034 ], [ 18.246782345899391, 69.293057460026716 ] ], [ [ 18.235320832556919, 69.291481150265611 ], [ 18.235162621067644, 69.291583684348751 ], [ 18.235403646252774, 69.291507344663685 ], [ 18.235320832556919, 69.291481150265611 ] ], [ [ 18.235908259918073, 69.291147462840257 ], [ 18.236197523076978, 69.291113855465383 ], [ 18.235888356714629, 69.291114434663712 ], [ 18.235908259918073, 69.291147462840257 ] ], [ [ 18.22825921809671, 69.287982550089922 ], [ 18.22899241889413, 69.289434798468093 ], [ 18.234671450619711, 69.290486432434648 ], [ 18.22825921809671, 69.287982550089922 ] ], [ [ 18.241170387175249, 69.29273563431228 ], [ 18.241183685215493, 69.292827865805151 ], [ 18.24125590521902, 69.292764558802347 ], [ 18.241170387175249, 69.29273563431228 ] ], [ [ 18.237372703232108, 69.292533023728652 ], [ 18.237278883156012, 69.292574107073591 ], [ 18.237380408309345, 69.292577772913489 ], [ 18.237372703232108, 69.292533023728652 ] ], [ [ 18.310800080059391, 69.362792605487272 ], [ 18.311608808643065, 69.362819271949505 ], [ 18.311026545141658, 69.36265107944304 ], [ 18.310800080059391, 69.362792605487272 ] ] ] } },
{ "type": "Feature", "properties": { "naturvernId": "VV00003081", "navn": "Saltstraumen", "offisieltNavn": "Saltstraumen marine verneområde", "faktaark": "https://faktaark.naturbase.no/?id=VV00003081", "verneform": "MarintVerneomraade", "kommune": "Bodø (1804)", "forvaltningsmyndighet": "Statsforvalteren i Nordland", "iucn": "IkkeVurdert", "majorEcosystemType": "Marin", "is_mpa": true, "area_m2": 24732132.418650001 }, "geometry": { "type": "Polygon", "coordinates": [ [ [ 14.696297499594372, 67.257461100592138 ], [ 14.555287434589616, 67.255814756601524 ], [ 14.511764127172597, 67.23612215046785 ], [ 14.522045457134821, 67.236135889106563 ], [ 14.546520662335132, 67.23761825221132 ], [ 14.547344534872314, 67.235929932989592 ], [ 14.554400327479737, 67.234855302484206 ], [ 14.558625808388378, 67.2369660494454 ], [ 14.561785807869391, 67.236242910480584 ], [ 14.56692522909705, 67.236358322037347 ], [ 14.578951747801279, 67.23863534624212 ], [ 14.582383018178341, 67.238446967211488 ], [ 14.58348827525144, 67.238823544803523 ], [ 14.584540772472041, 67.238233244689852 ], [ 14.586927071404542, 67.238196169559771 ], [ 14.588568500749357, 67.238374770783423 ], [ 14.590309203666068, 67.239526082566073 ], [ 14.594525834472069, 67.238094275731029 ], [ 14.597474394535169, 67.237673726429961 ], [ 14.598735544744706, 67.238102976375572 ], [ 14.601432265990219, 67.236997378144551 ], [ 14.601744786792636, 67.235284821628326 ], [ 14.60468965184681, 67.233749209307518 ], [ 14.605254292699597, 67.23075190829762 ], [ 14.607896716193812, 67.227764900742443 ], [ 14.616628305655418, 67.225238438062661 ], [ 14.581289763231869, 67.220076604840429 ], [ 14.556581382706593, 67.218288219381591 ], [ 14.528158360347144, 67.213036003033594 ], [ 14.519853453892379, 67.21018476051465 ], [ 14.4999592218235, 67.207899346801781 ], [ 14.501799071146724, 67.205477584188301 ], [ 14.50984789944728, 67.205153275456766 ], [ 14.516207794202076, 67.209415347749584 ], [ 14.584915057341572, 67.216935909761119 ], [ 14.604462670337204, 67.219743711879346 ], [ 14.61174261383656, 67.222183497495749 ], [ 14.618858195372242, 67.220840936165487 ], [ 14.628161381594007, 67.222410790196392 ], [ 14.6350996119771, 67.221259960284229 ], [ 14.645818680832896, 67.221858186237725 ], [ 14.669944394670038, 67.218763061416681 ], [ 14.687016732018318, 67.214786142885671 ], [ 14.679318745114267, 67.212671878016891 ], [ 14.680043425823122, 67.211136444425961 ], [ 14.682978017445292, 67.21141183309274 ], [ 14.691651086345569, 67.214292787863869 ], [ 14.699408102057536, 67.215754249075744 ], [ 14.701096019796211, 67.216455741796779 ], [ 14.702855221830099, 67.212061598883352 ], [ 14.7122150379001, 67.211985296256373 ], [ 14.736090086417624, 67.218448556355185 ], [ 14.738179878809682, 67.222619206461744 ], [ 14.746730281006565, 67.223579301472043 ], [ 14.752909170527079, 67.226181343185502 ], [ 14.748899342297134, 67.227538592326511 ], [ 14.751215289402802, 67.229295884453819 ], [ 14.743361584566928, 67.245606651390133 ], [ 14.733630494779604, 67.244250192354201 ], [ 14.729317927397947, 67.242538630407878 ], [ 14.729543458652927, 67.242341665446787 ], [ 14.72879206548772, 67.242107170941125 ], [ 14.729085041159907, 67.242071784915979 ], [ 14.728573757492015, 67.241950988726998 ], [ 14.728623359596925, 67.241784136455564 ], [ 14.728667246663838, 67.241918584875862 ], [ 14.729310326789633, 67.241937611538916 ], [ 14.730020096094472, 67.242268732770611 ], [ 14.731680850482251, 67.242120997936837 ], [ 14.728850449471816, 67.241900954093694 ], [ 14.729502487680028, 67.241597066487017 ], [ 14.727903048101716, 67.241015781537001 ], [ 14.728527533251462, 67.240832949407647 ], [ 14.727556545371536, 67.240930962974517 ], [ 14.726541431839706, 67.240793695719361 ], [ 14.727276700348233, 67.241198608078889 ], [ 14.727181401422225, 67.241329411595686 ], [ 14.723724229517311, 67.240914452898394 ], [ 14.719900284168508, 67.2399802993788 ], [ 14.720569856961994, 67.240325924380585 ], [ 14.719361954206288, 67.240458369854565 ], [ 14.720441626545158, 67.240576867896706 ], [ 14.720410437184778, 67.240729307731513 ], [ 14.719959604187789, 67.240854104935877 ], [ 14.719645505861337, 67.240853556410528 ], [ 14.719726238977826, 67.241002155029335 ], [ 14.717305565196407, 67.240589313523671 ], [ 14.719906515750399, 67.241434835676856 ], [ 14.719674458274897, 67.241470131991051 ], [ 14.713255724425949, 67.240151554873719 ], [ 14.712253710992545, 67.240206722043226 ], [ 14.711629117503438, 67.240138323772669 ], [ 14.714084145046707, 67.241390927684435 ], [ 14.71318580555393, 67.24147005660808 ], [ 14.714323403496717, 67.241588699317646 ], [ 14.71364919976234, 67.242726719001723 ], [ 14.710014490173547, 67.242782983125906 ], [ 14.71414105322182, 67.243171623218686 ], [ 14.714368672684616, 67.24368781771183 ], [ 14.709899396323664, 67.244047580135728 ], [ 14.718276110858138, 67.245398174641736 ], [ 14.71250602950084, 67.246230067561712 ], [ 14.709591838390264, 67.245804743728854 ], [ 14.701221287251661, 67.250066391827431 ], [ 14.688945766312026, 67.251615107339987 ], [ 14.689666708256439, 67.251777967388691 ], [ 14.691095993116097, 67.253573877244136 ], [ 14.696924241890081, 67.254817050457163 ], [ 14.699857554112597, 67.255822743712272 ], [ 14.696297499594372, 67.257461100592138 ] ], [ [ 14.712486125133669, 67.240141476459343 ], [ 14.710416248388171, 67.238909367496703 ], [ 14.710609274575894, 67.23826672800655 ], [ 14.715964564229228, 67.237846174989372 ], [ 14.718161464241007, 67.23813745627109 ], [ 14.722123738640301, 67.237993129651727 ], [ 14.722817077216552, 67.23812341091535 ], [ 14.721364943828791, 67.23751567278228 ], [ 14.724321242373037, 67.237390173269873 ], [ 14.708949891998406, 67.22613225452001 ], [ 14.703916670937581, 67.22499987293611 ], [ 14.66800975157598, 67.225219923845742 ], [ 14.651438679648141, 67.228162991379719 ], [ 14.627172641124213, 67.226846292069325 ], [ 14.626627503246583, 67.227663386065174 ], [ 14.623121355976423, 67.228319257830833 ], [ 14.620802753973562, 67.228343125430655 ], [ 14.621314267385687, 67.228882553355362 ], [ 14.620760199266543, 67.229222116379262 ], [ 14.622171762848184, 67.229566320123624 ], [ 14.622963650376899, 67.230997603984036 ], [ 14.618021116430514, 67.231663975923638 ], [ 14.614990359760245, 67.231501453316227 ], [ 14.6148855333626, 67.232365671676661 ], [ 14.613678182365053, 67.2332598006018 ], [ 14.615976956263909, 67.232709160649378 ], [ 14.612633024850327, 67.240891021313004 ], [ 14.615589545943488, 67.24110444919566 ], [ 14.613251955498262, 67.241699214708277 ], [ 14.612623980406497, 67.242819616865191 ], [ 14.614384852892229, 67.241835868183614 ], [ 14.616590464109407, 67.241527192911946 ], [ 14.617209078395875, 67.240821271240705 ], [ 14.618617300776322, 67.240802199006424 ], [ 14.620538516552356, 67.241376368847583 ], [ 14.618844595442987, 67.244001102532621 ], [ 14.623965350073219, 67.24395048191478 ], [ 14.632698201410447, 67.240993018566598 ], [ 14.635830665908506, 67.240644217513648 ], [ 14.639512933501905, 67.240698102142261 ], [ 14.642959826026262, 67.239131433236707 ], [ 14.652436434990189, 67.237631240515114 ], [ 14.657955285297479, 67.237172700126308 ], [ 14.680293244248306, 67.238077316281846 ], [ 14.685766346265398, 67.239314903488847 ], [ 14.696382392706692, 67.238715409975725 ], [ 14.694443579622222, 67.240314176705283 ], [ 14.698619994742556, 67.24071927910893 ], [ 14.691838378970187, 67.24266478467635 ], [ 14.69647971907445, 67.24201709819873 ], [ 14.704057426836501, 67.24191194916007 ], [ 14.703974393630023, 67.241280110706114 ], [ 14.704227057049252, 67.241190874122239 ], [ 14.707228919268923, 67.240849320607396 ], [ 14.703368315790881, 67.241043522174905 ], [ 14.704220727361008, 67.24021714129151 ], [ 14.705929764828822, 67.240233110273508 ], [ 14.707687270482099, 67.240473405690707 ], [ 14.705606673692087, 67.240021627081603 ], [ 14.708211222944932, 67.239290016843768 ], [ 14.710479964916271, 67.239388942517664 ], [ 14.712486125133669, 67.240141476459343 ] ], [ [ 14.694005331974045, 67.254429021661934 ], [ 14.694005182434315, 67.254440772398226 ], [ 14.694040747683665, 67.254432587564708 ], [ 14.694005331974045, 67.254429021661934 ] ], [ [ 14.692663760908385, 67.254217362253542 ], [ 14.692827078662644, 67.254132906034172 ], [ 14.692528555068868, 67.254169561023232 ], [ 14.692663760908385, 67.254217362253542 ] ], [ [ 14.692406404289841, 67.254079624535848 ], [ 14.692555430130547, 67.254097850527373 ], [ 14.692457084603188, 67.254067522107604 ], [ 14.692406404289841, 67.254079624535848 ] ], [ [ 14.692380325354922, 67.254034723327251 ], [ 14.692364682516402, 67.254043663595311 ], [ 14.69239550691818, 67.254043722667063 ], [ 14.692380325354922, 67.254034723327251 ] ], [ [ 14.692106031573111, 67.25400728669716 ], [ 14.692125731348446, 67.254007324482188 ], [ 14.692110318147195, 67.253998324672324 ], [ 14.692106031573111, 67.25400728669716 ] ], [ [ 14.692180009800367, 67.253985720580772 ], [ 14.692202921894726, 67.254006396084122 ], [ 14.692249490139591, 67.253989621308065 ], [ 14.692180009800367, 67.253985720580772 ] ], [ [ 14.692272581379875, 67.253996303559859 ], [ 14.692272510206108, 67.254001864976431 ], [ 14.692278345582389, 67.253998646874308 ], [ 14.692272581379875, 67.253996303559859 ] ], [ [ 14.692040961878927, 67.253984736256157 ], [ 14.692098959770687, 67.253980362391857 ], [ 14.692034993513467, 67.253980239682193 ], [ 14.692040961878927, 67.253984736256157 ] ], [ [ 14.691856332928024, 67.253923473959404 ], [ 14.692157097745383, 67.253965045074125 ], [ 14.692253772346591, 67.253944778283767 ], [ 14.691856332928024, 67.253923473959404 ] ], [ [ 14.691616298199257, 67.253791060655118 ], [ 14.691910522234277, 67.253836476875989 ], [ 14.69183520997187, 67.253763224793687 ], [ 14.691616298199257, 67.253791060655118 ] ], [ [ 14.691650040317949, 67.253744300784419 ], [ 14.691626752781401, 67.253752957188226 ], [ 14.691654881962235, 67.253746283539414 ], [ 14.691650040317949, 67.253744300784419 ] ], [ [ 14.689940897058127, 67.253285230146247 ], [ 14.689779123310656, 67.253249664496906 ], [ 14.689739614183146, 67.253276140072046 ], [ 14.689940897058127, 67.253285230146247 ] ], [ [ 14.689362085364461, 67.253185707410253 ], [ 14.689175754943896, 67.2532032872044 ], [ 14.689321412475875, 67.253212539441023 ], [ 14.689362085364461, 67.253185707410253 ] ], [ [ 14.689502802534117, 67.253110898684753 ], [ 14.689502672810503, 67.253120945113153 ], [ 14.689527789046069, 67.253114266008552 ], [ 14.689502802534117, 67.253110898684753 ] ], [ [ 14.687579469151684, 67.252697854154334 ], [ 14.687421804413939, 67.252738989759507 ], [ 14.687615851192788, 67.252733805967935 ], [ 14.687579469151684, 67.252697854154334 ] ], [ [ 14.687491293412542, 67.252634890747629 ], [ 14.687724316158892, 67.252644314512324 ], [ 14.687526755076721, 67.252581138278671 ], [ 14.687491293412542, 67.252634890747629 ] ], [ [ 14.68837391037941, 67.252591755475535 ], [ 14.688443088972612, 67.252547038514123 ], [ 14.688305181153998, 67.252530265511282 ], [ 14.68837391037941, 67.252591755475535 ] ], [ [ 14.687263330147177, 67.25245028749228 ], [ 14.687658075926132, 67.252391314247575 ], [ 14.687202441981992, 67.252374190816596 ], [ 14.687263330147177, 67.25245028749228 ] ], [ [ 14.689442994895344, 67.252358268720073 ], [ 14.689442839666109, 67.252370288555113 ], [ 14.689486069557352, 67.25236068432045 ], [ 14.689442994895344, 67.252358268720073 ] ], [ [ 14.689174835896409, 67.252180676914449 ], [ 14.689050693280079, 67.252228606712123 ], [ 14.689205078365339, 67.252207646227674 ], [ 14.689174835896409, 67.252180676914449 ] ], [ [ 14.687339002849654, 67.251977523242658 ], [ 14.687069222106542, 67.252015121071011 ], [ 14.687591337231865, 67.252034078650127 ], [ 14.687339002849654, 67.251977523242658 ] ], [ [ 14.689240047748035, 67.251922639365958 ], [ 14.689170434741097, 67.251929501368991 ], [ 14.689253745941398, 67.251938632933047 ], [ 14.689240047748035, 67.251922639365958 ] ], [ [ 14.689515382043359, 67.251831496240996 ], [ 14.689403716430052, 67.251810738322703 ], [ 14.689303918372232, 67.251822116797626 ], [ 14.689515382043359, 67.251831496240996 ] ], [ [ 14.689828543697006, 67.251215038144707 ], [ 14.690013243822809, 67.251268767962372 ], [ 14.690081623789256, 67.251249524269213 ], [ 14.689828543697006, 67.251215038144707 ] ], [ [ 14.690454983609921, 67.25115758206266 ], [ 14.690404311890548, 67.251169414764107 ], [ 14.690463867702642, 67.251169529629948 ], [ 14.690454983609921, 67.25115758206266 ] ], [ [ 14.69122284730553, 67.250914532077346 ], [ 14.69122270219049, 67.250925834314273 ], [ 14.691251282426498, 67.250919879226657 ], [ 14.69122284730553, 67.250914532077346 ] ], [ [ 14.691875692470857, 67.250603980787872 ], [ 14.691852395416122, 67.250613623932253 ], [ 14.691896276153837, 67.25060715989018 ], [ 14.691875692470857, 67.250603980787872 ] ], [ [ 14.691336875765842, 67.250534323060407 ], [ 14.691263186078816, 67.250534181328888 ], [ 14.69136648096509, 67.250556805620221 ], [ 14.691336875765842, 67.250534323060407 ] ], [ [ 14.692179787850645, 67.250382102072038 ], [ 14.692179528378233, 67.250402374341405 ], [ 14.692204101978961, 67.250383494239514 ], [ 14.692179787850645, 67.250382102072038 ] ], [ [ 14.692013622270855, 67.250383128837214 ], [ 14.692040974408272, 67.25036443349687 ], [ 14.691990332711638, 67.250374113893699 ], [ 14.692013622270855, 67.250383128837214 ] ], [ [ 14.691855317010996, 67.250385605761835 ], [ 14.691902027869745, 67.250357170037063 ], [ 14.691803792441297, 67.250373755802244 ], [ 14.691855317010996, 67.250385605761835 ] ], [ [ 14.695819135883648, 67.250291713459774 ], [ 14.695726578129987, 67.250281042824923 ], [ 14.695709065874889, 67.250291504815664 ], [ 14.695819135883648, 67.250291713459774 ] ], [ [ 14.695982444222444, 67.250205011467472 ], [ 14.695899407096737, 67.250211133331007 ], [ 14.695982118788709, 67.250230755465296 ], [ 14.695982444222444, 67.250205011467472 ] ], [ [ 14.701099950354754, 67.248642139211867 ], [ 14.701215441254066, 67.248671686972287 ], [ 14.701249069409482, 67.248669327607331 ], [ 14.701099950354754, 67.248642139211867 ] ], [ [ 14.702652705155026, 67.248621252424286 ], [ 14.702630872099739, 67.248662923619378 ], [ 14.702746374933803, 67.248654167343673 ], [ 14.702652705155026, 67.248621252424286 ] ], [ [ 14.703243125030719, 67.248188633805796 ], [ 14.703144777198336, 67.248178136137355 ], [ 14.70312901485053, 67.248197393011992 ], [ 14.703243125030719, 67.248188633805796 ] ], [ [ 14.703312295797403, 67.247746797615477 ], [ 14.703192808056778, 67.247722087899547 ], [ 14.703108831570262, 67.247748843311129 ], [ 14.703312295797403, 67.247746797615477 ] ], [ [ 14.704081537444424, 67.24737227480064 ], [ 14.704081418260561, 67.247381962448046 ], [ 14.704112333467913, 67.247373946227583 ], [ 14.704081537444424, 67.24737227480064 ] ], [ [ 14.706239852674843, 67.246974193602952 ], [ 14.706054497000741, 67.246973854203048 ], [ 14.706148361181191, 67.246990710760869 ], [ 14.706239852674843, 67.246974193602952 ] ], [ [ 14.711146304854484, 67.245799027555691 ], [ 14.711054789920807, 67.24579886280317 ], [ 14.71109772035542, 67.245812485166823 ], [ 14.711146304854484, 67.245799027555691 ] ], [ [ 14.711865675510012, 67.245530047325374 ], [ 14.7119343408223, 67.24560022821511 ], [ 14.711980750150563, 67.245594211751026 ], [ 14.711865675510012, 67.245530047325374 ] ], [ [ 14.715480483785159, 67.245486891657279 ], [ 14.715433767812026, 67.245518922293527 ], [ 14.715551539681659, 67.245492937984494 ], [ 14.715480483785159, 67.245486891657279 ] ], [ [ 14.716500407519542, 67.24544375583001 ], [ 14.716476789133281, 67.245481927336655 ], [ 14.716623716529343, 67.245458953931859 ], [ 14.716500407519542, 67.24544375583001 ] ], [ [ 14.717338745356361, 67.245415363784375 ], [ 14.717375245378326, 67.245424398314682 ], [ 14.717374424046875, 67.245415426625883 ], [ 14.717338745356361, 67.245415363784375 ] ], [ [ 14.716431165735646, 67.245421387286953 ], [ 14.71647774380984, 67.245400927731694 ], [ 14.716418264628006, 67.245415175021577 ], [ 14.716431165735646, 67.245421387286953 ] ], [ [ 14.716477931995533, 67.245384961032073 ], [ 14.716647160806643, 67.245396203631557 ], [ 14.716452066362676, 67.245377918541337 ], [ 14.716477931995533, 67.245384961032073 ] ], [ [ 14.716408299133755, 67.24539578168617 ], [ 14.716256443192263, 67.245404483493033 ], [ 14.716408087637095, 67.245413721797973 ], [ 14.716408299133755, 67.24539578168617 ] ], [ [ 14.712938904541806, 67.244903694797443 ], [ 14.713147647173184, 67.244884333537684 ], [ 14.712874926550523, 67.244887164786931 ], [ 14.712938904541806, 67.244903694797443 ] ], [ [ 14.712963633589981, 67.244772863153798 ], [ 14.712963521209005, 67.244782281710428 ], [ 14.712995523204155, 67.244779737579108 ], [ 14.712963633589981, 67.244772863153798 ] ], [ [ 14.71053382944414, 67.244538501357027 ], [ 14.710556856263425, 67.244550204214249 ], [ 14.710564598548155, 67.244542144956938 ], [ 14.71053382944414, 67.244538501357027 ] ], [ [ 14.70388551812683, 67.24447362573504 ], [ 14.70388534257031, 67.244487888109816 ], [ 14.703939356042364, 67.244485206995449 ], [ 14.70388551812683, 67.24447362573504 ] ], [ [ 14.703640843181075, 67.24447568571388 ], [ 14.703700111050308, 67.24447902445209 ], [ 14.703728414622525, 67.244475847421313 ], [ 14.703640843181075, 67.24447568571388 ] ], [ [ 14.703375954837327, 67.24446362466233 ], [ 14.703446035366287, 67.244416750075345 ], [ 14.703328409475713, 67.244430257135917 ], [ 14.703375954837327, 67.24446362466233 ] ], [ [ 14.703005655474739, 67.244432709989184 ], [ 14.703125456251032, 67.244411941285108 ], [ 14.702852085829896, 67.244411435298929 ], [ 14.703005655474739, 67.244432709989184 ] ], [ [ 14.702242435577958, 67.244326971569478 ], [ 14.702287962355229, 67.24439226977205 ], [ 14.702531546022609, 67.244365990154691 ], [ 14.702242435577958, 67.244326971569478 ] ], [ [ 14.701965019520548, 67.244279093632628 ], [ 14.701566736100329, 67.244319347457122 ], [ 14.702014311039029, 67.244302238722298 ], [ 14.701965019520548, 67.244279093632628 ] ], [ [ 14.702266188643209, 67.244279652713274 ], [ 14.702289203419834, 67.244291984658986 ], [ 14.702322652505675, 67.244284870511606 ], [ 14.702266188643209, 67.244279652713274 ] ], [ [ 14.611948830940982, 67.242925629251502 ], [ 14.612386974558094, 67.242935658572335 ], [ 14.612379715124851, 67.242638544283452 ], [ 14.611948830940982, 67.242925629251502 ] ], [ [ 14.61258892728946, 67.243169374411153 ], [ 14.612626750464656, 67.243122371588697 ], [ 14.61253310455441, 67.243183233310276 ], [ 14.61258892728946, 67.243169374411153 ] ], [ [ 14.612728847335685, 67.243169712171778 ], [ 14.612670325682545, 67.243178541229923 ], [ 14.612718374354554, 67.243187089299767 ], [ 14.612728847335685, 67.243169712171778 ] ], [ [ 14.612501428556612, 67.243438272488135 ], [ 14.612766385298627, 67.243385090247529 ], [ 14.612739397206298, 67.243320259465577 ], [ 14.612501428556612, 67.243438272488135 ] ], [ [ 14.702320195790945, 67.24424001469464 ], [ 14.702359116873799, 67.244258745016182 ], [ 14.702413326400515, 67.244240187433761 ], [ 14.702320195790945, 67.24424001469464 ] ], [ [ 14.70205896228666, 67.244176289591493 ], [ 14.702105059209261, 67.244195481811289 ], [ 14.702116873623908, 67.244176845619208 ], [ 14.70205896228666, 67.244176289591493 ] ], [ [ 14.711375574114644, 67.243895864135268 ], [ 14.711214436614654, 67.243906428218224 ], [ 14.711384015508921, 67.243906733317601 ], [ 14.711375574114644, 67.243895864135268 ] ], [ [ 14.710613718739932, 67.243675079728803 ], [ 14.710357143252152, 67.243819665713559 ], [ 14.710744955345545, 67.243762058649338 ], [ 14.710613718739932, 67.243675079728803 ] ], [ [ 14.711726010379643, 67.243651247518528 ], [ 14.711865746068952, 67.243589872896081 ], [ 14.711694891784532, 67.243638184751845 ], [ 14.711726010379643, 67.243651247518528 ] ], [ [ 14.710545041179255, 67.243606692270717 ], [ 14.710591603473551, 67.243587669628354 ], [ 14.710525072207302, 67.243591227421248 ], [ 14.710545041179255, 67.243606692270717 ] ], [ [ 14.711492402174827, 67.243619880314071 ], [ 14.711355592213202, 67.243630398572265 ], [ 14.711521608177407, 67.243637873317951 ], [ 14.711492402174827, 67.243619880314071 ] ], [ [ 14.712772080324092, 67.243352620117321 ], [ 14.712839775250464, 67.243503800236724 ], [ 14.713128563492525, 67.243434438565131 ], [ 14.712772080324092, 67.243352620117321 ] ], [ [ 14.710865269323774, 67.242945982904644 ], [ 14.710735186561541, 67.24293677820414 ], [ 14.710721534813201, 67.242954694090471 ], [ 14.710865269323774, 67.242945982904644 ] ], [ [ 14.706465231614116, 67.242821380781663 ], [ 14.707126820187684, 67.242747867506907 ], [ 14.70680398375484, 67.242625910432011 ], [ 14.706465231614116, 67.242821380781663 ] ], [ [ 14.708191423588943, 67.24269894580614 ], [ 14.709299781324583, 67.242575374142604 ], [ 14.708406051591567, 67.242326532376964 ], [ 14.708191423588943, 67.24269894580614 ] ], [ [ 14.713339014024125, 67.242434632100355 ], [ 14.713338892183987, 67.242444857965197 ], [ 14.713354944509152, 67.242439145683875 ], [ 14.713339014024125, 67.242434632100355 ] ], [ [ 14.706145576170078, 67.242363312867795 ], [ 14.706364814034877, 67.242336803469172 ], [ 14.706251790204659, 67.242315875312926 ], [ 14.706145576170078, 67.242363312867795 ] ], [ [ 14.703425296992997, 67.242340457155862 ], [ 14.703684492961576, 67.242304965310097 ], [ 14.703321387473924, 67.242313264600142 ], [ 14.703425296992997, 67.242340457155862 ] ], [ [ 14.704693111147678, 67.24251314058192 ], [ 14.704073851690113, 67.242346947036793 ], [ 14.703696802508857, 67.242358809561665 ], [ 14.704118748703497, 67.242463553419682 ], [ 14.704693111147678, 67.24251314058192 ] ], [ [ 14.702729233427299, 67.242429320142193 ], [ 14.702339260900876, 67.242437029219985 ], [ 14.702862801862462, 67.242455940089428 ], [ 14.702729233427299, 67.242429320142193 ] ], [ [ 14.703400998536202, 67.242432357339908 ], [ 14.703931742239954, 67.242600184233382 ], [ 14.704229708790391, 67.242539197817749 ], [ 14.703400998536202, 67.242432357339908 ] ], [ [ 14.693438686495915, 67.242518495309568 ], [ 14.693346765655146, 67.242460282086853 ], [ 14.693233666374448, 67.242500611470589 ], [ 14.693438686495915, 67.242518495309568 ] ], [ [ 14.702727434597495, 67.242574904026498 ], [ 14.702727762666802, 67.242548352683656 ], [ 14.702687038466067, 67.24256325755384 ], [ 14.702727434597495, 67.242574904026498 ] ], [ [ 14.703576756595567, 67.242663576443405 ], [ 14.702630555012421, 67.242634914913637 ], [ 14.70370801482343, 67.242708670135968 ], [ 14.703576756595567, 67.242663576443405 ] ], [ [ 14.702772006350409, 67.242717344519392 ], [ 14.702772352103725, 67.242689357969212 ], [ 14.702716538077281, 67.242706836267701 ], [ 14.702772006350409, 67.242717344519392 ] ], [ [ 14.705097912269947, 67.242675349613776 ], [ 14.704972817573802, 67.242713063822265 ], [ 14.705078355181426, 67.242702224425301 ], [ 14.705097912269947, 67.242675349613776 ] ], [ [ 14.707144025430948, 67.242571454072646 ], [ 14.707151324197694, 67.242637936953983 ], [ 14.707221707517682, 67.242565137253607 ], [ 14.707144025430948, 67.242571454072646 ] ], [ [ 14.707755042491716, 67.242522065587806 ], [ 14.707753868991553, 67.242618673051012 ], [ 14.707820885677187, 67.242536807005365 ], [ 14.707755042491716, 67.242522065587806 ] ], [ [ 14.706804645107482, 67.24257164162043 ], [ 14.706804923858451, 67.242548767988993 ], [ 14.706729818317038, 67.24255275705022 ], [ 14.706804645107482, 67.24257164162043 ] ], [ [ 14.706873556077042, 67.242619758367397 ], [ 14.706920240651305, 67.242590780031108 ], [ 14.70684209940563, 67.242615753988076 ], [ 14.706873556077042, 67.242619758367397 ] ], [ [ 14.707716573805772, 67.242446914519135 ], [ 14.707603432709179, 67.242473619136831 ], [ 14.707662667356063, 67.242498395258053 ], [ 14.707716573805772, 67.242446914519135 ] ], [ [ 14.690704333265215, 67.242580704231102 ], [ 14.69063449626382, 67.242607121569833 ], [ 14.690746202208532, 67.242603479691127 ], [ 14.690704333265215, 67.242580704231102 ] ], [ [ 14.69062226446934, 67.242531478689131 ], [ 14.690919592096304, 67.24257690299612 ], [ 14.690728236432406, 67.242523340637334 ], [ 14.69062226446934, 67.242531478689131 ] ], [ [ 14.690403170726409, 67.242581289563063 ], [ 14.690565392659947, 67.242504458241839 ], [ 14.69040798605843, 67.242513124872218 ], [ 14.690403170726409, 67.242581289563063 ] ], [ [ 14.630808159142786, 67.241887863628492 ], [ 14.630807922395622, 67.241903292000103 ], [ 14.63083216064069, 67.241893749547927 ], [ 14.630808159142786, 67.241887863628492 ] ], [ [ 14.631159351520207, 67.241645576185064 ], [ 14.631101337989499, 67.24165217053978 ], [ 14.631173146882361, 67.241652335622092 ], [ 14.631159351520207, 67.241645576185064 ] ], [ [ 14.631182825053022, 67.241625446968158 ], [ 14.631270385477709, 67.241625648213301 ], [ 14.631252661143709, 67.241603181729729 ], [ 14.631182825053022, 67.241625446968158 ] ], [ [ 14.631298948130413, 67.241605979189742 ], [ 14.631298772183143, 67.241617460769632 ], [ 14.63132393788465, 67.241607830671981 ], [ 14.631298948130413, 67.241605979189742 ] ], [ [ 14.631578446272229, 67.241506781767598 ], [ 14.63154930855211, 67.241518645358838 ], [ 14.631588224125069, 67.241518734718056 ], [ 14.631578446272229, 67.241506781767598 ] ], [ [ 14.632533879875087, 67.241135180377853 ], [ 14.632579162060237, 67.241203727466328 ], [ 14.632557346279958, 67.241115409757356 ], [ 14.632533879875087, 67.241135180377853 ] ], [ [ 14.681654723419854, 67.240612241057761 ], [ 14.689410220933688, 67.240540609368239 ], [ 14.690345637793909, 67.2398517968346 ], [ 14.687489708613628, 67.240380169626917 ], [ 14.681654723419854, 67.240612241057761 ] ], [ [ 14.684016798243771, 67.240255408572651 ], [ 14.683577891404607, 67.240164123279243 ], [ 14.683292457673071, 67.240256671478988 ], [ 14.684016798243771, 67.240255408572651 ] ], [ [ 14.686823767855934, 67.24023669243401 ], [ 14.686750496681924, 67.240224618943415 ], [ 14.686696140111707, 67.240236443261963 ], [ 14.686823767855934, 67.24023669243401 ] ], [ [ 14.686588140104309, 67.240240896868613 ], [ 14.68661153786557, 67.240222912338339 ], [ 14.686548823880562, 67.240236155525139 ], [ 14.686588140104309, 67.240240896868613 ] ], [ [ 14.684827231035246, 67.24027763423058 ], [ 14.684912934007269, 67.240277802560755 ], [ 14.684896877339831, 67.240265750869895 ], [ 14.684827231035246, 67.24027763423058 ] ], [ [ 14.682556550852471, 67.240326979295219 ], [ 14.682529336855383, 67.240317955181297 ], [ 14.682533328669653, 67.240331418481816 ], [ 14.682556550852471, 67.240326979295219 ] ], [ [ 14.682880377818206, 67.240362155199946 ], [ 14.682926997048423, 67.240340001072425 ], [ 14.682842145903814, 67.240345484634346 ], [ 14.682880377818206, 67.240362155199946 ] ], [ [ 14.633339394391026, 67.241038349890985 ], [ 14.633369439420804, 67.241027654188869 ], [ 14.633346248519077, 67.241029395254742 ], [ 14.633339394391026, 67.241038349890985 ] ], [ [ 14.634831466895687, 67.240851582362026 ], [ 14.634808155099481, 67.240861306929276 ], [ 14.634831303531515, 67.240862346348464 ], [ 14.634831466895687, 67.240851582362026 ] ], [ [ 14.690322773071635, 67.239828609423057 ], [ 14.690345829416454, 67.239836906566509 ], [ 14.690357488031703, 67.239830918990549 ], [ 14.690322773071635, 67.239828609423057 ] ], [ [ 14.642065588386933, 67.23964074751747 ], [ 14.64225002306048, 67.23966806976108 ], [ 14.642332708355276, 67.239559444436182 ], [ 14.642065588386933, 67.23964074751747 ] ], [ [ 14.689816232454131, 67.239592161483245 ], [ 14.689722021692866, 67.239713077885028 ], [ 14.689885584145436, 67.239602790757203 ], [ 14.689816232454131, 67.239592161483245 ] ], [ [ 14.690094700130974, 67.239552333421656 ], [ 14.690001617659886, 67.239585792088363 ], [ 14.690104544387266, 67.239561322700823 ], [ 14.690094700130974, 67.239552333421656 ] ], [ [ 14.690419491368994, 67.239512594269456 ], [ 14.69039598288389, 67.239539459698889 ], [ 14.690450124058042, 67.239526108770733 ], [ 14.690419491368994, 67.239512594269456 ] ], [ [ 14.690695746042833, 67.239284385349777 ], [ 14.690814574955345, 67.239410198089814 ], [ 14.690793141801642, 67.239275602822048 ], [ 14.690695746042833, 67.239284385349777 ] ], [ [ 14.668313554412254, 67.238455671834046 ], [ 14.668389287557748, 67.238540149010518 ], [ 14.668457196720768, 67.238486467688844 ], [ 14.668313554412254, 67.238455671834046 ] ], [ [ 14.668476251096667, 67.238414744833605 ], [ 14.668161599199157, 67.238423064600028 ], [ 14.668221107597208, 67.238441128233234 ], [ 14.668476251096667, 67.238414744833605 ] ], [ [ 14.669519197097161, 67.238416896611668 ], [ 14.669732619694669, 67.238426306381797 ], [ 14.669611793389514, 67.238369993365751 ], [ 14.669519197097161, 67.238416896611668 ] ], [ [ 14.667141838943387, 67.237766121656946 ], [ 14.66714147913215, 67.237792134723662 ], [ 14.667203553448752, 67.237775219969947 ], [ 14.667141838943387, 67.237766121656946 ] ], [ [ 14.666627014737418, 67.237729171556822 ], [ 14.666856394074143, 67.237756558884897 ], [ 14.666842261195303, 67.237656510906533 ], [ 14.666627014737418, 67.237729171556822 ] ], [ [ 14.655403264003224, 67.237476713631821 ], [ 14.655426782544959, 67.237451737042818 ], [ 14.655322010586094, 67.23748999451314 ], [ 14.655403264003224, 67.237476713631821 ] ], [ [ 14.658080207724307, 67.237460015601869 ], [ 14.658133244562439, 67.237460128630232 ], [ 14.658113645387818, 67.237437661147311 ], [ 14.658080207724307, 67.237460015601869 ] ], [ [ 14.658194642279817, 67.237442318881648 ], [ 14.658144257277014, 67.23745118181094 ], [ 14.658182679962083, 67.237469204254253 ], [ 14.658194642279817, 67.237442318881648 ] ], [ [ 14.676701990032306, 67.238168792489489 ], [ 14.676910929659151, 67.238132614684304 ], [ 14.676664675445345, 67.238153378121396 ], [ 14.676701990032306, 67.238168792489489 ] ], [ [ 14.692837905656974, 67.239423054790194 ], [ 14.692901138354651, 67.239423175837061 ], [ 14.692852832487983, 67.239415010130443 ], [ 14.692837905656974, 67.239423054790194 ] ], [ [ 14.692968654697093, 67.239414334793878 ], [ 14.692993786997203, 67.239423353150144 ], [ 14.692991885517078, 67.239408997091132 ], [ 14.692968654697093, 67.239414334793878 ] ], [ [ 14.695453858078228, 67.238877626464998 ], [ 14.695476738196568, 67.23889991614476 ], [ 14.695502574770396, 67.238889918489548 ], [ 14.695453858078228, 67.238877626464998 ] ], [ [ 14.70819892334989, 67.242214296803652 ], [ 14.708573879539495, 67.242260098616399 ], [ 14.708592753480223, 67.242212769971559 ], [ 14.70819892334989, 67.242214296803652 ] ], [ [ 14.712947415184065, 67.242248875797785 ], [ 14.712877673134575, 67.242269472288299 ], [ 14.712973363609946, 67.242268028845785 ], [ 14.712947415184065, 67.242248875797785 ] ], [ [ 14.712785947125454, 67.242191087559945 ], [ 14.712785754377364, 67.242207233662043 ], [ 14.712816003634027, 67.242195985292369 ], [ 14.712785947125454, 67.242191087559945 ] ], [ [ 14.712554838590195, 67.24214546365684 ], [ 14.713087517210489, 67.242155835796254 ], [ 14.712552017272737, 67.242051988611962 ], [ 14.712554838590195, 67.24214546365684 ] ], [ [ 14.70291635614892, 67.242283720680163 ], [ 14.703090522966463, 67.242267986302124 ], [ 14.702851803423547, 67.242258574139285 ], [ 14.70291635614892, 67.242283720680163 ] ], [ [ 14.710636188071609, 67.241806976202938 ], [ 14.710704669859062, 67.241891240634018 ], [ 14.71088492268462, 67.241869588414687 ], [ 14.710636188071609, 67.241806976202938 ] ], [ [ 14.705840810979547, 67.241825167215637 ], [ 14.70596439506425, 67.24181579556533 ], [ 14.705832589109169, 67.241815553971847 ], [ 14.705840810979547, 67.241825167215637 ] ], [ [ 14.709293229660922, 67.241756378416383 ], [ 14.709316313905738, 67.241763058224237 ], [ 14.709320762834405, 67.241759119373725 ], [ 14.709293229660922, 67.241756378416383 ] ], [ [ 14.705890901910198, 67.241725958342627 ], [ 14.706027181336841, 67.241739214951437 ], [ 14.706066134398297, 67.241717309195622 ], [ 14.705890901910198, 67.241725958342627 ] ], [ [ 14.713672512597512, 67.241663248013694 ], [ 14.713487036421853, 67.241676461998466 ], [ 14.713731543341337, 67.241686048072111 ], [ 14.713672512597512, 67.241663248013694 ] ], [ [ 14.713441343345579, 67.241623007420259 ], [ 14.7133881901956, 67.241631882731298 ], [ 14.713439383364276, 67.241631974168484 ], [ 14.713441343345579, 67.241623007420259 ] ], [ [ 14.713420815984088, 67.241596060012043 ], [ 14.713591323284422, 67.241614304958148 ], [ 14.713399611682835, 67.241587051889368 ], [ 14.713420815984088, 67.241596060012043 ] ], [ [ 14.707605720587324, 67.241465725846751 ], [ 14.707559296328091, 67.241473535061544 ], [ 14.707605481855964, 67.241485370263675 ], [ 14.707605720587324, 67.241465725846751 ] ], [ [ 14.711724915395932, 67.241422587292007 ], [ 14.711669214002292, 67.241431457455761 ], [ 14.711683004992794, 67.241440452487495 ], [ 14.711724915395932, 67.241422587292007 ] ], [ [ 14.707490876909077, 67.241385143063027 ], [ 14.70745158564592, 67.241396912161221 ], [ 14.707488416551167, 67.241396979310608 ], [ 14.707490876909077, 67.241385143063027 ] ], [ [ 14.710965527618667, 67.241388300315236 ], [ 14.710965420939527, 67.241397180670859 ], [ 14.710986766390018, 67.241394348640938 ], [ 14.710965527618667, 67.241388300315236 ] ], [ [ 14.710595209686709, 67.2413620675853 ], [ 14.710595101792084, 67.241371037641201 ], [ 14.71062642507429, 67.24136678841586 ], [ 14.710595209686709, 67.2413620675853 ] ], [ [ 14.710757490774041, 67.241351326802217 ], [ 14.710734100250125, 67.241370122160532 ], [ 14.710772929819154, 67.241358082321184 ], [ 14.710757490774041, 67.241351326802217 ] ], [ [ 14.713689801298504, 67.24130052200772 ], [ 14.713838652143034, 67.241328146810019 ], [ 14.71387212036438, 67.241318787735594 ], [ 14.713689801298504, 67.24130052200772 ] ], [ [ 14.710673336765371, 67.241241289506988 ], [ 14.711041164087524, 67.241224011859771 ], [ 14.71073667982602, 67.241155558417702 ], [ 14.710673336765371, 67.241241289506988 ] ], [ [ 14.711431287075248, 67.241182553794786 ], [ 14.711337600533781, 67.241268320269356 ], [ 14.711585144174247, 67.241198079858933 ], [ 14.711431287075248, 67.241182553794786 ] ], [ [ 14.712552880405884, 67.241145994991285 ], [ 14.712636163170401, 67.241155114421701 ], [ 14.712640903075062, 67.241146152661159 ], [ 14.712552880405884, 67.241145994991285 ] ], [ [ 14.708685479999531, 67.241040347099798 ], [ 14.710181111196757, 67.241124326111276 ], [ 14.710151343805519, 67.240980210106713 ], [ 14.708685479999531, 67.241040347099798 ] ], [ [ 14.712290659445541, 67.240991057300349 ], [ 14.712313588274124, 67.241010743261214 ], [ 14.712355850281137, 67.241002117889664 ], [ 14.712290659445541, 67.240991057300349 ] ], [ [ 14.711086369578499, 67.240970324877381 ], [ 14.711162546885138, 67.240973063401952 ], [ 14.71115592309944, 67.240965247359611 ], [ 14.711086369578499, 67.240970324877381 ] ], [ [ 14.709545847628471, 67.240844561364625 ], [ 14.710247379587914, 67.240872740551552 ], [ 14.709607895748213, 67.24080879267018 ], [ 14.709545847628471, 67.240844561364625 ] ], [ [ 14.711317413636307, 67.240865699109648 ], [ 14.711491281145204, 67.240892922595407 ], [ 14.711319643399925, 67.240834307244015 ], [ 14.711317413636307, 67.240865699109648 ] ], [ [ 14.710299897221606, 67.2408781278329 ], [ 14.710301061479436, 67.240781430626157 ], [ 14.710127314664943, 67.240782821167244 ], [ 14.710299897221606, 67.2408781278329 ] ], [ [ 14.709893811204171, 67.240764458633706 ], [ 14.709977148688045, 67.240749628975493 ], [ 14.709883032522027, 67.240755468892672 ], [ 14.709893811204171, 67.240764458633706 ] ], [ [ 14.709466586152152, 67.240828719919321 ], [ 14.709653767140678, 67.2406738733971 ], [ 14.709373858283195, 67.240834651754753 ], [ 14.709466586152152, 67.240828719919321 ] ], [ [ 14.710371430909454, 67.240708539821995 ], [ 14.710371241953839, 67.240724237420821 ], [ 14.710404874300076, 67.240720530622767 ], [ 14.710371430909454, 67.240708539821995 ] ], [ [ 14.70995440259748, 67.240714962687065 ], [ 14.709977789848592, 67.240696436542564 ], [ 14.709924804220801, 67.240710693159969 ], [ 14.70995440259748, 67.240714962687065 ] ], [ [ 14.707692817026699, 67.240760463891149 ], [ 14.707337649092525, 67.240651455784842 ], [ 14.707184788715624, 67.240687775519874 ], [ 14.707692817026699, 67.240760463891149 ] ], [ [ 14.70530183460971, 67.240438543105356 ], [ 14.705995770537044, 67.240518305917263 ], [ 14.707141148571276, 67.240562112324696 ], [ 14.70530183460971, 67.240438543105356 ] ], [ [ 14.705090016198772, 67.240711477561604 ], [ 14.705090167920709, 67.240699098889451 ], [ 14.705071139836129, 67.240701844692495 ], [ 14.705090016198772, 67.240711477561604 ] ], [ [ 14.707128017023907, 67.240746516762229 ], [ 14.707081386515542, 67.240771368942177 ], [ 14.707155192701769, 67.240759483529644 ], [ 14.707128017023907, 67.240746516762229 ] ], [ [ 14.707198034649817, 67.240703318231155 ], [ 14.707128390432368, 67.240715839178051 ], [ 14.707210867542654, 67.24071473387113 ], [ 14.707198034649817, 67.240703318231155 ] ], [ [ 14.70814769807459, 67.240708098364834 ], [ 14.708023332012937, 67.240725184682546 ], [ 14.708167763120075, 67.240734417701987 ], [ 14.70814769807459, 67.240708098364834 ] ], [ [ 14.707914991213231, 67.240796031891634 ], [ 14.707915141482443, 67.240783653216496 ], [ 14.707890538076633, 67.24078773474173 ], [ 14.707914991213231, 67.240796031891634 ] ], [ [ 14.708262068702524, 67.240827610722306 ], [ 14.7083496529548, 67.240806510452842 ], [ 14.708240443984771, 67.240815282155225 ], [ 14.708262068702524, 67.240827610722306 ] ], [ [ 14.707984088752069, 67.240828540276809 ], [ 14.708027230636311, 67.240823864555892 ], [ 14.707984204149138, 67.24081903201909 ], [ 14.707984088752069, 67.240828540276809 ] ], [ [ 14.70798988410994, 67.240904528863268 ], [ 14.707821986418923, 67.240824746768283 ], [ 14.707670321496623, 67.240877036192416 ], [ 14.70798988410994, 67.240904528863268 ] ], [ [ 14.707312127747375, 67.240845256398856 ], [ 14.707312356890364, 67.240826419285668 ], [ 14.707262152299457, 67.240840410991851 ], [ 14.707312127747375, 67.240845256398856 ] ], [ [ 14.707404435108799, 67.240873950163376 ], [ 14.70738145151981, 67.240859107331119 ], [ 14.707325988015645, 67.240867438206834 ], [ 14.707404435108799, 67.240873950163376 ] ], [ [ 14.707658419357031, 67.240941510623415 ], [ 14.707612468115617, 67.240910479520366 ], [ 14.707568442481172, 67.240930672056521 ], [ 14.707658419357031, 67.240941510623415 ] ], [ [ 14.708520127966423, 67.240941374023976 ], [ 14.708260072912903, 67.240992211223698 ], [ 14.70853311392746, 67.240959338118813 ], [ 14.708520127966423, 67.240941374023976 ] ], [ [ 14.706754426917454, 67.24098991498397 ], [ 14.70677769555868, 67.240981346066619 ], [ 14.706727409578468, 67.240982958508155 ], [ 14.706754426917454, 67.24098991498397 ] ], [ [ 14.708569357903974, 67.240950433702764 ], [ 14.708844339691396, 67.240986813939713 ], [ 14.708993593091302, 67.240942233452159 ], [ 14.708569357903974, 67.240950433702764 ] ], [ [ 14.70947583040874, 67.240907226360662 ], [ 14.70951181079888, 67.240920118966486 ], [ 14.709526327109273, 67.24090731778756 ], [ 14.70947583040874, 67.240907226360662 ] ], [ [ 14.709349796457019, 67.240908971555726 ], [ 14.709373365302856, 67.240875465507386 ], [ 14.709257503981576, 67.240878843700884 ], [ 14.709349796457019, 67.240908971555726 ] ], [ [ 14.711180558689414, 67.240842668380296 ], [ 14.711180090308314, 67.240881688127971 ], [ 14.711267256292437, 67.240856638606317 ], [ 14.711180558689414, 67.240842668380296 ] ], [ [ 14.706999552747808, 67.241100068997525 ], [ 14.707088842596423, 67.241091261774841 ], [ 14.707008596252876, 67.241042227381016 ], [ 14.706999552747808, 67.241100068997525 ] ], [ [ 14.70672956963878, 67.241128818770591 ], [ 14.706753125949774, 67.24109665861728 ], [ 14.706708287342712, 67.241126447603392 ], [ 14.70672956963878, 67.241128818770591 ] ], [ [ 14.707353550798917, 67.241248544815591 ], [ 14.707114389053483, 67.241181010936984 ], [ 14.70705095964176, 67.241234716655796 ], [ 14.707353550798917, 67.241248544815591 ] ], [ [ 14.706541719811455, 67.241260696835383 ], [ 14.706480895245683, 67.241233674818446 ], [ 14.706519404727953, 67.241267024899699 ], [ 14.706541719811455, 67.241260696835383 ] ], [ [ 14.706290383207662, 67.241052127077111 ], [ 14.706267077092306, 67.24106374574157 ], [ 14.706305076621298, 67.241062918277422 ], [ 14.706290383207662, 67.241052127077111 ] ], [ [ 14.705190219935698, 67.240908379384365 ], [ 14.705226736268612, 67.240896246930546 ], [ 14.705195889108683, 67.240899419546864 ], [ 14.705190219935698, 67.240908379384365 ] ], [ [ 14.708915245897453, 67.24044872746228 ], [ 14.708845517560933, 67.240468335499287 ], [ 14.708920233283177, 67.240457706762911 ], [ 14.708915245897453, 67.24044872746228 ] ], [ [ 14.709713452888701, 67.240181066043178 ], [ 14.710172866225502, 67.2401549858333 ], [ 14.709869482383668, 67.240073436131851 ], [ 14.709713452888701, 67.240181066043178 ] ], [ [ 14.709222571069283, 67.239935917170399 ], [ 14.709198946564559, 67.239974087630145 ], [ 14.709272592415729, 67.239956011482548 ], [ 14.709222571069283, 67.239935917170399 ] ], [ [ 14.707952440394353, 67.239619113126537 ], [ 14.708158259221253, 67.239837375106148 ], [ 14.709223196528692, 67.239884159944609 ], [ 14.707952440394353, 67.239619113126537 ] ], [ [ 14.708227420688157, 67.239864411655731 ], [ 14.708250420164577, 67.239877908860166 ], [ 14.708259739595528, 67.239873440679688 ], [ 14.708227420688157, 67.239864411655731 ] ], [ [ 14.709750085689043, 67.239813351963988 ], [ 14.709803302150529, 67.239799006120478 ], [ 14.709738149357777, 67.239804360117176 ], [ 14.709750085689043, 67.239813351963988 ] ], [ [ 14.709406771487858, 67.239758909000301 ], [ 14.709582683268874, 67.239750257264291 ], [ 14.709549376980723, 67.239727053720102 ], [ 14.709406771487858, 67.239758909000301 ] ], [ [ 14.709226693410729, 67.239594785916765 ], [ 14.709295510766058, 67.239650346787528 ], [ 14.709682268911836, 67.239597943195008 ], [ 14.709226693410729, 67.239594785916765 ] ], [ [ 14.709840684193466, 67.239580289263984 ], [ 14.709736231810046, 67.239598489344658 ], [ 14.709898373772274, 67.239598334092022 ], [ 14.709840684193466, 67.239580289263984 ] ], [ [ 14.709785944804823, 67.239490487727196 ], [ 14.710316064158258, 67.239535310301278 ], [ 14.710640572082207, 67.239554823123598 ], [ 14.709785944804823, 67.239490487727196 ] ], [ [ 14.710732943608418, 67.23953956085785 ], [ 14.710732842244767, 67.239547992712403 ], [ 14.710758344516069, 67.239546065234393 ], [ 14.710732943608418, 67.23953956085785 ] ], [ [ 14.710478763681778, 67.239488779263169 ], [ 14.710481491768693, 67.239473803864044 ], [ 14.710454391940706, 67.23947375495932 ], [ 14.710478763681778, 67.239488779263169 ] ], [ [ 14.70948226996782, 67.239529766057601 ], [ 14.709714416704502, 67.239486770225398 ], [ 14.709439344068407, 67.239516771158918 ], [ 14.70948226996782, 67.239529766057601 ] ], [ [ 14.708741327286857, 67.239507701395397 ], [ 14.708767160092325, 67.23949761190292 ], [ 14.708733806429949, 67.239497551355427 ], [ 14.708741327286857, 67.239507701395397 ] ], [ [ 14.707511949564262, 67.239651680048866 ], [ 14.707442938925775, 67.2396123542147 ], [ 14.707401389218074, 67.239638650992589 ], [ 14.707511949564262, 67.239651680048866 ] ], [ [ 14.707790257979354, 67.239622585333166 ], [ 14.707813127361678, 67.239646756966721 ], [ 14.70783058847833, 67.23963943315681 ], [ 14.707790257979354, 67.239622585333166 ] ], [ [ 14.707744451805361, 67.239675157291302 ], [ 14.707580538561087, 67.239725719967538 ], [ 14.707797535081605, 67.239729075501486 ], [ 14.707744451805361, 67.239675157291302 ] ], [ [ 14.707834309697574, 67.239809874757455 ], [ 14.707914192836801, 67.239774139190303 ], [ 14.707781239915928, 67.239773897092718 ], [ 14.707834309697574, 67.239809874757455 ] ], [ [ 14.720037580371613, 67.240124959985039 ], [ 14.719991107404008, 67.240137526934276 ], [ 14.720047173112533, 67.240136638044206 ], [ 14.720037580371613, 67.240124959985039 ] ], [ [ 14.719576557606031, 67.239932370987532 ], [ 14.719643951266214, 67.240112252516738 ], [ 14.719906378692849, 67.24007360058674 ], [ 14.719576557606031, 67.239932370987532 ] ], [ [ 14.714017146037968, 67.239953236109471 ], [ 14.714087000836932, 67.239922502947138 ], [ 14.71398768328611, 67.239937575355057 ], [ 14.714017146037968, 67.239953236109471 ] ], [ [ 14.713812804905555, 67.239937263513255 ], [ 14.713855455057381, 67.2399152727684 ], [ 14.713791940240146, 67.239919285794031 ], [ 14.713812804905555, 67.239937263513255 ] ], [ [ 14.722009160352027, 67.239891753050756 ], [ 14.721985660848381, 67.239920865631987 ], [ 14.72206573483156, 67.239906921077946 ], [ 14.722009160352027, 67.239891753050756 ] ], [ [ 14.721870165660921, 67.239893126805214 ], [ 14.721916542839574, 67.239888722071257 ], [ 14.721862573822209, 67.239888628521413 ], [ 14.721870165660921, 67.239893126805214 ] ], [ [ 14.713394182392527, 67.239748140989846 ], [ 14.713370890586248, 67.23975895338414 ], [ 14.713402538844415, 67.239766096418862 ], [ 14.713394182392527, 67.239748140989846 ] ], [ [ 14.72008991244634, 67.239608723872934 ], [ 14.720208645836285, 67.239616645387812 ], [ 14.72006118277532, 67.239589477418306 ], [ 14.72008991244634, 67.239608723872934 ] ], [ [ 14.712573506201146, 67.23947756532705 ], [ 14.712863952495908, 67.23953701994725 ], [ 14.712950408913864, 67.239532061609722 ], [ 14.712573506201146, 67.23947756532705 ] ], [ [ 14.713016208557917, 67.23943350655648 ], [ 14.713067877988939, 67.239451539473649 ], [ 14.71302735316441, 67.239431283928013 ], [ 14.713016208557917, 67.23943350655648 ] ], [ [ 14.718076636167586, 67.239447143034312 ], [ 14.718044621830597, 67.239451392495141 ], [ 14.718097894982524, 67.239451486108024 ], [ 14.718076636167586, 67.239447143034312 ] ], [ [ 14.712736177414412, 67.239433005410987 ], [ 14.712783072150676, 67.239424119116705 ], [ 14.712749577975412, 67.239416434438553 ], [ 14.712736177414412, 67.239433005410987 ] ], [ [ 14.717845181052557, 67.239432473460965 ], [ 14.719410446711427, 67.239041155556578 ], [ 14.718592127163856, 67.238941677489208 ], [ 14.717577847790171, 67.238527712256243 ], [ 14.716605612043738, 67.238480070147162 ], [ 14.714387397488998, 67.238032109045164 ], [ 14.713597644526947, 67.238222574826835 ], [ 14.717845181052557, 67.239432473460965 ] ], [ [ 14.71934382949399, 67.239390878714275 ], [ 14.719633311619386, 67.239355503851769 ], [ 14.719328611768153, 67.239345193530895 ], [ 14.71934382949399, 67.239390878714275 ] ], [ [ 14.719096424909877, 67.239393226516498 ], [ 14.719142886436138, 67.239381556831404 ], [ 14.719071083694587, 67.239381431121103 ], [ 14.719096424909877, 67.239393226516498 ] ], [ [ 14.718676190508814, 67.239398679675062 ], [ 14.718471257914981, 67.23937401083036 ], [ 14.718445241768814, 67.239380334053209 ], [ 14.718676190508814, 67.239398679675062 ] ], [ [ 14.719303288580392, 67.239292135062556 ], [ 14.719499934719696, 67.239292478985263 ], [ 14.719352671542419, 67.239268270890733 ], [ 14.719303288580392, 67.239292135062556 ] ], [ [ 14.718892949091641, 67.23896624511795 ], [ 14.718915965221733, 67.23897875408926 ], [ 14.718942384326434, 67.23897754453823 ], [ 14.718892949091641, 67.23896624511795 ] ], [ [ 14.716421768764642, 67.238356942566298 ], [ 14.716398145604039, 67.238396100804479 ], [ 14.716462479748404, 67.238381144495051 ], [ 14.716421768764642, 67.238356942566298 ] ], [ [ 14.713082207408398, 67.238716004459107 ], [ 14.712786939388481, 67.238401517303558 ], [ 14.712667088781908, 67.238410272951796 ], [ 14.713082207408398, 67.238716004459107 ] ], [ [ 14.713080692937183, 67.238843020519838 ], [ 14.712371749378585, 67.238858256365873 ], [ 14.712940923731118, 67.238909778282832 ], [ 14.713446809972607, 67.239218990179992 ], [ 14.713080692937183, 67.238843020519838 ] ], [ [ 14.711144644883957, 67.238856051737287 ], [ 14.711201035356364, 67.238847183001738 ], [ 14.711155282972962, 67.238838130384039 ], [ 14.711144644883957, 67.238856051737287 ] ], [ [ 14.712546650718497, 67.238952936884459 ], [ 14.712593254915847, 67.238929518317349 ], [ 14.712523651857287, 67.238939260892678 ], [ 14.712546650718497, 67.238952936884459 ] ], [ [ 14.712780406275106, 67.239065304276195 ], [ 14.711175364841599, 67.23901757159642 ], [ 14.71182589187735, 67.239180833838631 ], [ 14.712780406275106, 67.239065304276195 ] ], [ [ 14.711230512917851, 67.23917016516269 ], [ 14.710950361013936, 67.239160690425493 ], [ 14.711274429363394, 67.239197154958831 ], [ 14.711230512917851, 67.23917016516269 ] ], [ [ 14.712682089992924, 67.239248928698174 ], [ 14.712546841603936, 67.23920841000384 ], [ 14.712486530502726, 67.239235212690431 ], [ 14.712682089992924, 67.239248928698174 ] ], [ [ 14.711616247350848, 67.239279488730844 ], [ 14.711524306700687, 67.23922029918333 ], [ 14.711421772507004, 67.239233301060523 ], [ 14.711616247350848, 67.239279488730844 ] ], [ [ 14.715113984058258, 67.239263401752183 ], [ 14.71548346507552, 67.239240555346981 ], [ 14.71500923206448, 67.239248683907405 ], [ 14.715113984058258, 67.239263401752183 ] ], [ [ 14.714813385542735, 67.239219989909387 ], [ 14.714790927365305, 67.239160566928021 ], [ 14.714719061288529, 67.239185376453435 ], [ 14.714813385542735, 67.239219989909387 ] ], [ [ 14.711964876565204, 67.239180006988079 ], [ 14.711964716580077, 67.239193372376661 ], [ 14.711989315518078, 67.239189469626311 ], [ 14.711964876565204, 67.239180006988079 ] ], [ [ 14.714214226562207, 67.238961836362421 ], [ 14.714236908963278, 67.239002242895253 ], [ 14.714292106470067, 67.238996241430073 ], [ 14.714214226562207, 67.238961836362421 ] ], [ [ 14.71244938058147, 67.23933964954557 ], [ 14.712194988854538, 67.239306451985087 ], [ 14.712159336257713, 67.239324328529278 ], [ 14.71244938058147, 67.23933964954557 ] ], [ [ 14.713421454749778, 67.239403104150668 ], [ 14.713445031402879, 67.239368341687182 ], [ 14.713368113586089, 67.239389284378944 ], [ 14.713421454749778, 67.239403104150668 ] ], [ [ 14.712425473408867, 67.239401949945361 ], [ 14.712425843255142, 67.239371003239768 ], [ 14.712326849717533, 67.239378450485532 ], [ 14.712425473408867, 67.239401949945361 ] ], [ [ 14.712680245623218, 67.239403393128939 ], [ 14.712471387252975, 67.239436388299467 ], [ 14.712716257912563, 67.239432969744314 ], [ 14.712680245623218, 67.239403393128939 ] ], [ [ 14.721465374251675, 67.238183592482983 ], [ 14.721611814402889, 67.238198468161841 ], [ 14.721631798269438, 67.238192851580934 ], [ 14.721465374251675, 67.238183592482983 ] ], [ [ 14.722076489756956, 67.23807333152719 ], [ 14.722318503546958, 67.238095368892587 ], [ 14.722027632590848, 67.238032073443918 ], [ 14.722076489756956, 67.23807333152719 ] ], [ [ 14.722780037083735, 67.237800148889761 ], [ 14.722725709125898, 67.237871816986626 ], [ 14.722842927400047, 67.237889960028582 ], [ 14.722780037083735, 67.237800148889761 ] ], [ [ 14.722798401739016, 67.237733980192431 ], [ 14.722751894527331, 67.237750046274073 ], [ 14.722813673434361, 67.237755355769252 ], [ 14.722798401739016, 67.237733980192431 ] ], [ [ 14.722726258314646, 67.237683442728212 ], [ 14.722706225513296, 67.237693365079338 ], [ 14.722735187578079, 67.237692428408621 ], [ 14.722726258314646, 67.237683442728212 ] ], [ [ 14.723770634092212, 67.237780328962373 ], [ 14.723724210854808, 67.237789129569066 ], [ 14.723770517742166, 67.237790465141572 ], [ 14.723770634092212, 67.237780328962373 ] ], [ [ 14.720730174772518, 67.234336319375728 ], [ 14.720697213304884, 67.234342989677543 ], [ 14.720729894795946, 67.234360448868628 ], [ 14.720730174772518, 67.234336319375728 ] ], [ [ 14.714533131195223, 67.230178908836848 ], [ 14.714503636067752, 67.230186481059221 ], [ 14.714526667059744, 67.230196837853455 ], [ 14.714533131195223, 67.230178908836848 ] ], [ [ 14.61837886070027, 67.224901741072188 ], [ 14.616820501752645, 67.224332894147381 ], [ 14.616836528230413, 67.224853211566625 ], [ 14.61837886070027, 67.224901741072188 ] ], [ [ 14.626918196509193, 67.226832513963402 ], [ 14.626685472338348, 67.226911000906426 ], [ 14.626949633898462, 67.226850527735721 ], [ 14.626918196509193, 67.226832513963402 ] ], [ [ 14.608586642760095, 67.227721734417273 ], [ 14.608647589191012, 67.227703942488716 ], [ 14.60859191709147, 67.227696361249372 ], [ 14.608586642760095, 67.227721734417273 ] ], [ [ 14.623018947605203, 67.228294528167353 ], [ 14.623087152812811, 67.228285718154169 ], [ 14.623029396812795, 67.228277778228389 ], [ 14.623018947605203, 67.228294528167353 ] ], [ [ 14.620493691195051, 67.229046923508335 ], [ 14.620429829271243, 67.229015017440574 ], [ 14.620423436812848, 67.229023972633726 ], [ 14.620493691195051, 67.229046923508335 ] ], [ [ 14.620770301483043, 67.229124632869699 ], [ 14.62079354257261, 67.229119036519876 ], [ 14.620770390500592, 67.229118981777475 ], [ 14.620770301483043, 67.229124632869699 ] ], [ [ 14.621892221468006, 67.229556691024825 ], [ 14.621928017181174, 67.229547805089226 ], [ 14.62192135508238, 67.229544470366008 ], [ 14.621892221468006, 67.229556691024825 ] ], [ [ 14.610368080932625, 67.229529108675834 ], [ 14.608429051179089, 67.230493181959034 ], [ 14.609989229738884, 67.231476632835211 ], [ 14.612145034438916, 67.231085282237814 ], [ 14.610368080932625, 67.229529108675834 ] ], [ [ 14.609764920929239, 67.229601468053602 ], [ 14.609963602861187, 67.229599888172714 ], [ 14.609904397017328, 67.229567181884804 ], [ 14.609764920929239, 67.229601468053602 ] ], [ [ 14.609174084586835, 67.230055453016149 ], [ 14.609202013730744, 67.230046550741363 ], [ 14.609178953996974, 67.230040753541701 ], [ 14.609174084586835, 67.230055453016149 ] ], [ [ 14.605760681627206, 67.23073781453229 ], [ 14.605777499105937, 67.23072888553763 ], [ 14.605739527235954, 67.230728792202385 ], [ 14.605760681627206, 67.23073781453229 ] ], [ [ 14.617282004699636, 67.231546945411637 ], [ 14.617212260505564, 67.231564450513858 ], [ 14.617309660207352, 67.231555174390536 ], [ 14.617282004699636, 67.231546945411637 ] ], [ [ 14.61455367013706, 67.232194438407674 ], [ 14.614649388292706, 67.232203638717579 ], [ 14.614632489837918, 67.232159912646793 ], [ 14.61455367013706, 67.232194438407674 ] ], [ [ 14.607343680539323, 67.233255004349076 ], [ 14.607578510657508, 67.233055002510127 ], [ 14.607300468117154, 67.233064907033381 ], [ 14.607343680539323, 67.233255004349076 ] ], [ [ 14.606671172639318, 67.233313547595031 ], [ 14.606558377540782, 67.23313063509903 ], [ 14.606437697947912, 67.233430037696294 ], [ 14.606671172639318, 67.233313547595031 ] ], [ [ 14.606995322453592, 67.23331649499444 ], [ 14.60706295876831, 67.233428879486866 ], [ 14.607183855864633, 67.233342701644489 ], [ 14.606995322453592, 67.23331649499444 ] ], [ [ 14.606692725199986, 67.233411735824433 ], [ 14.606740185057493, 67.233341614523894 ], [ 14.606631166517833, 67.233395169174074 ], [ 14.606692725199986, 67.233411735824433 ] ], [ [ 14.607234642063174, 67.233253122736272 ], [ 14.607203589033674, 67.233226135715512 ], [ 14.607155216944411, 67.233252928236695 ], [ 14.607234642063174, 67.233253122736272 ] ], [ [ 14.606337595612633, 67.233887009643638 ], [ 14.606815885789466, 67.233583998933568 ], [ 14.606552883546071, 67.233466739797592 ], [ 14.606337595612633, 67.233887009643638 ] ], [ [ 14.602188446564167, 67.235330774108618 ], [ 14.602268258308666, 67.235322001683571 ], [ 14.602238375295197, 67.235308472096563 ], [ 14.602188446564167, 67.235330774108618 ] ], [ [ 14.602237161146112, 67.235381936076834 ], [ 14.602237396860668, 67.235367673838965 ], [ 14.602221284389937, 67.235375707181831 ], [ 14.602237161146112, 67.235381936076834 ] ], [ [ 14.602262292564653, 67.235402719848722 ], [ 14.602283229691922, 67.235397030748885 ], [ 14.602260154645865, 67.235391950153769 ], [ 14.602262292564653, 67.235402719848722 ] ], [ [ 14.602182702239251, 67.235510166433443 ], [ 14.602281182607813, 67.235520905908629 ], [ 14.602281668810894, 67.235491484437134 ], [ 14.602182702239251, 67.235510166433443 ] ], [ [ 14.613320415536791, 67.237439466587304 ], [ 14.613320565434023, 67.237430137817995 ], [ 14.613297261246101, 67.237439051963975 ], [ 14.613320415536791, 67.237439466587304 ] ], [ [ 14.612473791405799, 67.237876610511734 ], [ 14.612646162509401, 67.237859086153932 ], [ 14.6125270333674, 67.237806501521348 ], [ 14.612473791405799, 67.237876610511734 ] ], [ [ 14.612585288149367, 67.239942654047937 ], [ 14.612608765437654, 67.239923155448352 ], [ 14.612553047022377, 67.23993100448547 ], [ 14.612585288149367, 67.239942654047937 ] ], [ [ 14.612861344232387, 67.240061010935108 ], [ 14.612491988232346, 67.239982795151732 ], [ 14.612421425757558, 67.240049363857977 ], [ 14.612861344232387, 67.240061010935108 ] ], [ [ 14.57757622498724, 67.240557214525651 ], [ 14.577644835454624, 67.240501868734015 ], [ 14.577496395906241, 67.240499504435547 ], [ 14.57757622498724, 67.240557214525651 ] ], [ [ 14.612292945705381, 67.241554003162804 ], [ 14.612204372109339, 67.241544818797692 ], [ 14.612257859975067, 67.241574998616812 ], [ 14.612292945705381, 67.241554003162804 ] ], [ [ 14.614592808490819, 67.241869019765815 ], [ 14.614685307766548, 67.241879109266364 ], [ 14.614685517501906, 67.241866013114659 ], [ 14.614592808490819, 67.241869019765815 ] ], [ [ 14.614863286492676, 67.241802391889991 ], [ 14.614933705844345, 67.241802560904148 ], [ 14.614895150747419, 67.241794395090878 ], [ 14.614863286492676, 67.241802391889991 ] ], [ [ 14.614895340267129, 67.241782554734144 ], [ 14.614872000853273, 67.241793442495265 ], [ 14.614923105772366, 67.241784594841192 ], [ 14.614895340267129, 67.241782554734144 ] ], [ [ 14.616589973818682, 67.241557959906615 ], [ 14.61656694130377, 67.241549652180765 ], [ 14.616550404785725, 67.241555263957935 ], [ 14.616589973818682, 67.241557959906615 ] ], [ [ 14.619144996551739, 67.241123154314138 ], [ 14.619157614437206, 67.24113089873083 ], [ 14.619170728044445, 67.241121959547556 ], [ 14.619144996551739, 67.241123154314138 ] ], [ [ 14.618652163340077, 67.241057935707488 ], [ 14.618728497773722, 67.241093998358437 ], [ 14.618682793251354, 67.241054599787262 ], [ 14.618652163340077, 67.241057935707488 ] ], [ [ 14.579274838089047, 67.238702843494096 ], [ 14.579191218949152, 67.238689796597754 ], [ 14.579182069464414, 67.238709686760032 ], [ 14.579274838089047, 67.238702843494096 ] ], [ [ 14.57373196520177, 67.237795931515038 ], [ 14.573684483008616, 67.237861378591347 ], [ 14.57381168959558, 67.2378323835337 ], [ 14.57373196520177, 67.237795931515038 ] ], [ [ 14.52909066327117, 67.237084352773721 ], [ 14.529113454147685, 67.237103257485813 ], [ 14.529127407832595, 67.237088497303688 ], [ 14.52909066327117, 67.237084352773721 ] ], [ [ 14.528457811956804, 67.237077560142339 ], [ 14.528558210115801, 67.237071845055581 ], [ 14.528445713212394, 67.237068554191524 ], [ 14.528457811956804, 67.237077560142339 ] ], [ [ 14.524514682924279, 67.236585467284854 ], [ 14.524460214444314, 67.23659929964424 ], [ 14.524491107459058, 67.236606477827536 ], [ 14.524514682924279, 67.236585467284854 ] ], [ [ 14.522525546765902, 67.236451820795224 ], [ 14.52254817350237, 67.236478709617728 ], [ 14.522568301878453, 67.236468094754514 ], [ 14.522525546765902, 67.236451820795224 ] ], [ [ 14.522990556417483, 67.236360719410641 ], [ 14.522943451236459, 67.23640031818104 ], [ 14.523025204814811, 67.236388720358249 ], [ 14.522990556417483, 67.236360719410641 ] ], [ [ 14.523129204942618, 67.236376470994813 ], [ 14.523129069860028, 67.236383288092398 ], [ 14.523167808979414, 67.236380173903157 ], [ 14.523129204942618, 67.236376470994813 ] ], [ [ 14.522758890728221, 67.236363977359431 ], [ 14.522828617736455, 67.236351536522662 ], [ 14.522747833231582, 67.23636098423367 ], [ 14.522758890728221, 67.236363977359431 ] ], [ [ 14.547386093485839, 67.235936778030336 ], [ 14.547408823435404, 67.235959626906464 ], [ 14.547445231097294, 67.235957128211837 ], [ 14.547386093485839, 67.235936778030336 ] ], [ [ 14.54961387629138, 67.235698605555811 ], [ 14.549567209034731, 67.235717222601465 ], [ 14.549648361805145, 67.235712157929655 ], [ 14.54961387629138, 67.235698605555811 ] ], [ [ 14.56321878671916, 67.236736420658517 ], [ 14.563056903675056, 67.236735979820423 ], [ 14.563003354927249, 67.236789656110929 ], [ 14.56321878671916, 67.236736420658517 ] ], [ [ 14.563329360641854, 67.236692677220049 ], [ 14.563328870735043, 67.236719676664421 ], [ 14.563377083225397, 67.236691999781584 ], [ 14.563329360641854, 67.236692677220049 ] ], [ [ 14.563285191522398, 67.236637927504432 ], [ 14.56322653010551, 67.236628797442663 ], [ 14.563237648541135, 67.236641475919015 ], [ 14.563285191522398, 67.236637927504432 ] ], [ [ 14.563817332740829, 67.236604121752805 ], [ 14.563882027071738, 67.236612640074071 ], [ 14.563878252576133, 67.236603659455085 ], [ 14.563817332740829, 67.236604121752805 ] ], [ [ 14.563126845332253, 67.236366143019339 ], [ 14.563089287239054, 67.23636828332296 ], [ 14.563103554553388, 67.236373345580589 ], [ 14.563126845332253, 67.236366143019339 ] ], [ [ 14.581296337534534, 67.238695304385431 ], [ 14.581258660340577, 67.238704176391565 ], [ 14.581289927937027, 67.238704257998563 ], [ 14.581296337534534, 67.238695304385431 ] ], [ [ 14.581478532618636, 67.23851413037049 ], [ 14.581501607818776, 67.238519124252761 ], [ 14.581510455799805, 67.238516456230556 ], [ 14.581478532618636, 67.23851413037049 ] ], [ [ 14.586254477793709, 67.238248706923443 ], [ 14.586414697605013, 67.238359993414193 ], [ 14.586464822576403, 67.238314015091262 ], [ 14.586254477793709, 67.238248706923443 ] ], [ [ 14.596635335133399, 67.237987284897386 ], [ 14.596658202494554, 67.238004834533584 ], [ 14.596685546894873, 67.237990191937484 ], [ 14.596635335133399, 67.237987284897386 ] ], [ [ 14.596706529484742, 67.237954363365972 ], [ 14.596647470195835, 67.237954214890394 ], [ 14.596681931326021, 67.237970986342205 ], [ 14.596706529484742, 67.237954363365972 ] ], [ [ 14.534707888499501, 67.213961159940126 ], [ 14.53466786105891, 67.213961043748114 ], [ 14.534644550551784, 67.213969946485946 ], [ 14.534707888499501, 67.213961159940126 ] ], [ [ 14.698578284478025, 67.21564477841352 ], [ 14.698593750779812, 67.215647767687869 ], [ 14.698593863007538, 67.215638797612613 ], [ 14.698578284478025, 67.21564477841352 ] ], [ [ 14.721613292374167, 67.240072803846118 ], [ 14.722418360598748, 67.240562359456604 ], [ 14.723305412585706, 67.240572861904838 ], [ 14.722806249867707, 67.240410535897496 ], [ 14.722883564022695, 67.240394971522349 ], [ 14.723091792950051, 67.240416142002729 ], [ 14.723161233979585, 67.240420477849256 ], [ 14.723214281795872, 67.240420210561595 ], [ 14.723161581780179, 67.240390248724452 ], [ 14.721613292374167, 67.240072803846118 ] ], [ [ 14.725219918007996, 67.240672671930952 ], [ 14.724617808488462, 67.240659440099748 ], [ 14.725400751237888, 67.240719985597963 ], [ 14.725219918007996, 67.240672671930952 ] ], [ [ 14.724515056466217, 67.2406915565861 ], [ 14.724458537657194, 67.240691459534077 ], [ 14.724542055006912, 67.24070057318373 ], [ 14.724515056466217, 67.2406915565861 ] ], [ [ 14.724297626928637, 67.24058354018787 ], [ 14.724340653195853, 67.240588637452845 ], [ 14.724346733213888, 67.240583624562092 ], [ 14.724297626928637, 67.24058354018787 ] ], [ [ 14.72327698696596, 67.240426149381776 ], [ 14.723300092388639, 67.240431212567515 ], [ 14.723315633389237, 67.24042935561701 ], [ 14.72327698696596, 67.240426149381776 ] ], [ [ 14.722860271718591, 67.240406144097022 ], [ 14.722860154970117, 67.240416280272171 ], [ 14.722890100552906, 67.240410680740595 ], [ 14.722860271718591, 67.240406144097022 ] ], [ [ 14.723697029980942, 67.240156420412546 ], [ 14.72371979431799, 67.240191174461017 ], [ 14.723789321306686, 67.240187975179069 ], [ 14.723697029980942, 67.240156420412546 ] ], [ [ 14.722654998068572, 67.240128608815667 ], [ 14.72263165421597, 67.240144266390871 ], [ 14.722701179145322, 67.240141246981779 ], [ 14.722654998068572, 67.240128608815667 ] ], [ [ 14.725195623553036, 67.240771661809248 ], [ 14.725265327166607, 67.240753123072309 ], [ 14.725154011179571, 67.24076441433796 ], [ 14.725195623553036, 67.240771661809248 ] ], [ [ 14.727486923264578, 67.240840155593546 ], [ 14.727321478549776, 67.240803993539132 ], [ 14.727487610046738, 67.240881778682933 ], [ 14.727486923264578, 67.240840155593546 ] ], [ [ 14.728342096248561, 67.241110713030977 ], [ 14.728342308930246, 67.241091875884379 ], [ 14.728281146265093, 67.241092669341754 ], [ 14.728342096248561, 67.241110713030977 ] ], [ [ 14.72993804260901, 67.241323669639883 ], [ 14.730100537210397, 67.241293085434449 ], [ 14.729921841804188, 67.241301754984477 ], [ 14.72993804260901, 67.241323669639883 ] ], [ [ 14.729890872620043, 67.241398581446759 ], [ 14.730007121103636, 67.241360653581552 ], [ 14.729864878424211, 67.241382391252614 ], [ 14.729890872620043, 67.241398581446759 ] ], [ [ 14.73033118427689, 67.241382099220417 ], [ 14.730446202947709, 67.241453875004694 ], [ 14.730568504033581, 67.241392544576186 ], [ 14.73033118427689, 67.241382099220417 ] ], [ [ 14.73063210497466, 67.241401621603174 ], [ 14.730655146608722, 67.241412603976769 ], [ 14.730666851187403, 67.241401679932068 ], [ 14.73063210497466, 67.241401621603174 ] ], [ [ 14.729625400138046, 67.241543452211317 ], [ 14.729696947657949, 67.241525632278936 ], [ 14.729611627790415, 67.241511584650581 ], [ 14.729625400138046, 67.241543452211317 ] ], [ [ 14.730090559749145, 67.241624967529887 ], [ 14.730348309082379, 67.241652311623326 ], [ 14.730353475192333, 67.241625409586362 ], [ 14.730090559749145, 67.241624967529887 ] ], [ [ 14.729348351030321, 67.241749300643818 ], [ 14.729516880371198, 67.241697378034189 ], [ 14.729377578028309, 67.241725219995601 ], [ 14.729348351030321, 67.241749300643818 ] ], [ [ 14.729910026111909, 67.241755898346142 ], [ 14.729857173829641, 67.241759128359874 ], [ 14.72993130018042, 67.241759253144096 ], [ 14.729910026111909, 67.241755898346142 ] ], [ [ 14.730489112049618, 67.241759204339104 ], [ 14.730488864868972, 67.241781270712934 ], [ 14.730555845453836, 67.24177824362188 ], [ 14.730489112049618, 67.241759204339104 ] ], [ [ 14.731888705604934, 67.242551916813625 ], [ 14.731893438615419, 67.24254295448425 ], [ 14.731853826049949, 67.24254288829097 ], [ 14.731888705604934, 67.242551916813625 ] ], [ [ 14.732071543172999, 67.242588103167776 ], [ 14.732078580758312, 67.242559410158222 ], [ 14.732022964154016, 67.242561111330886 ], [ 14.732071543172999, 67.242588103167776 ] ], [ [ 14.732632870308771, 67.242711214111893 ], [ 14.73263312051847, 67.242688699233241 ], [ 14.732598283710175, 67.242696624692925 ], [ 14.732632870308771, 67.242711214111893 ] ], [ [ 14.733029252356834, 67.242939538717422 ], [ 14.733164859880318, 67.242785565911944 ], [ 14.732704677536018, 67.242732682911054 ], [ 14.733029252356834, 67.242939538717422 ] ], [ [ 14.732562615285612, 67.24277936053781 ], [ 14.732632478545147, 67.242746466491468 ], [ 14.732522066446098, 67.24275928932046 ], [ 14.732562615285612, 67.24277936053781 ] ], [ [ 14.732303213303371, 67.242857596961528 ], [ 14.732376641937702, 67.242837446711121 ], [ 14.732260888171373, 67.242830615632073 ], [ 14.732303213303371, 67.242857596961528 ] ], [ [ 14.732162306301765, 67.243362206762868 ], [ 14.732179808643464, 67.243350754073248 ], [ 14.732148534514669, 67.243350701871734 ], [ 14.732162306301765, 67.243362206762868 ] ], [ [ 14.732653914654632, 67.243423306577427 ], [ 14.732545162894592, 67.243494887240587 ], [ 14.732878244283024, 67.243562360029657 ], [ 14.732653914654632, 67.243423306577427 ] ], [ [ 14.73336420715385, 67.243610800227756 ], [ 14.733197783653949, 67.243639497463178 ], [ 14.733539453174869, 67.243684916372715 ], [ 14.73336420715385, 67.243610800227756 ] ], [ [ 14.729215743776901, 67.241964362666522 ], [ 14.729262405723777, 67.241955471167344 ], [ 14.7292360484713, 67.241950941571986 ], [ 14.729215743776901, 67.241964362666522 ] ], [ [ 14.729631626966075, 67.241793283887418 ], [ 14.72960869834044, 67.241772254888986 ], [ 14.729549941927402, 67.241785521520697 ], [ 14.729631626966075, 67.241793283887418 ] ], [ [ 14.729700433238145, 67.24185457684878 ], [ 14.729793440102354, 67.241823696471911 ], [ 14.729639981124688, 67.241812583979851 ], [ 14.729700433238145, 67.24185457684878 ] ], [ [ 14.725148279015171, 67.240860655229127 ], [ 14.724983197320347, 67.240853824076524 ], [ 14.725142384675966, 67.240889977827123 ], [ 14.725148279015171, 67.240860655229127 ] ], [ [ 14.726423769639201, 67.240874227321797 ], [ 14.726371039416504, 67.240927958859132 ], [ 14.726554264108888, 67.240928271226934 ], [ 14.726423769639201, 67.240874227321797 ] ], [ [ 14.726871293299512, 67.241099245816002 ], [ 14.726913683133189, 67.241099317969656 ], [ 14.726869078741347, 67.241090271804111 ], [ 14.726871293299512, 67.241099245816002 ] ], [ [ 14.720000035113499, 67.240226258255021 ], [ 14.719851534686654, 67.240188413695819 ], [ 14.719776721199008, 67.240207927888349 ], [ 14.720000035113499, 67.240226258255021 ] ], [ [ 14.719804537133651, 67.240246010314166 ], [ 14.719851036517763, 67.240231200903153 ], [ 14.719793316789652, 67.240234867612898 ], [ 14.719804537133651, 67.240246010314166 ] ], [ [ 14.719827278175794, 67.24028228982371 ], [ 14.719873737932737, 67.240270889030612 ], [ 14.719804313598615, 67.240265206251848 ], [ 14.719827278175794, 67.24028228982371 ] ], [ [ 14.71683684371199, 67.240481202818884 ], [ 14.716675233454115, 67.240435707467711 ], [ 14.716611197417814, 67.240444564624127 ], [ 14.71683684371199, 67.240481202818884 ] ], [ [ 14.717173026104497, 67.240750544403213 ], [ 14.716348228056191, 67.240665934175013 ], [ 14.717180434282202, 67.240810030203136 ], [ 14.717173026104497, 67.240750544403213 ] ], [ [ 14.717128006044135, 67.240678703056631 ], [ 14.717458568533395, 67.240795898724571 ], [ 14.717547137494316, 67.240769143924595 ], [ 14.717128006044135, 67.240678703056631 ] ], [ [ 14.719508630258924, 67.240593180040463 ], [ 14.719374409893138, 67.240601915587277 ], [ 14.719429597714679, 67.240616813009936 ], [ 14.719508630258924, 67.240593180040463 ] ], [ [ 14.719130229949268, 67.240465858191143 ], [ 14.719152594308976, 67.240534340323109 ], [ 14.719326790849706, 67.24049418933285 ], [ 14.719130229949268, 67.240465858191143 ] ], [ [ 14.719697352278574, 67.240638361084734 ], [ 14.719530239709655, 67.240647039295496 ], [ 14.719716473398412, 67.240647364734869 ], [ 14.719697352278574, 67.240638361084734 ] ], [ [ 14.719676931864766, 67.240701117133057 ], [ 14.719798181149431, 67.240692358680619 ], [ 14.719683632905717, 67.240682650133152 ], [ 14.719676931864766, 67.240701117133057 ] ], [ [ 14.720122572590654, 67.240783614052802 ], [ 14.720076679662293, 67.240746217769001 ], [ 14.719967620084434, 67.240782356958164 ], [ 14.720122572590654, 67.240783614052802 ] ], [ [ 14.719001618531575, 67.240807578803441 ], [ 14.718964224549667, 67.240796300501088 ], [ 14.718932464309081, 67.240798487429103 ], [ 14.719001618531575, 67.240807578803441 ] ], [ [ 14.712110109862016, 67.24252886208177 ], [ 14.712110693768212, 67.242480064978082 ], [ 14.712030290320779, 67.242481625046139 ], [ 14.712110109862016, 67.24252886208177 ] ], [ [ 14.712596819982377, 67.242509551535974 ], [ 14.712459699400201, 67.242527246369079 ], [ 14.712622336396754, 67.242545478230255 ], [ 14.712596819982377, 67.242509551535974 ] ], [ [ 14.711721627584581, 67.245950313703077 ], [ 14.711719035490917, 67.245934611118301 ], [ 14.711690074904027, 67.245934559090387 ], [ 14.711721627584581, 67.245950313703077 ] ], [ [ 14.704780381364959, 67.247068124974504 ], [ 14.70478062907428, 67.247047942373584 ], [ 14.704757414405051, 67.247051577468014 ], [ 14.704780381364959, 67.247068124974504 ] ] ] } },
{ "type": "Feature", "properties": { "naturvernId": "VV00003080", "navn": "Tauterryggen", "offisieltNavn": "Tauterryggen marine verneområde", "faktaark": "https://faktaark.naturbase.no/?id=VV00003080", "verneform": "MarintVerneomraade", "kommune": "Frosta (5036),Indre Fosen (5054)", "forvaltningsmyndighet": "Statsforvalteren i Trøndelag", "iucn": "IkkeVurdert", "majorEcosystemType": "Marin", "is_mpa": true, "area_m2": 43775604.355049998 }, "geometry": { "type": "Polygon", "coordinates": [ [ [ 10.584853907290267, 63.557905611323861 ], [ 10.574045853591238, 63.564523701797569 ], [ 10.615864611217106, 63.590369672588793 ], [ 10.673423889977281, 63.582244838707645 ], [ 10.699918773337844, 63.59233684511274 ], [ 10.704885556250501, 63.599157784582424 ], [ 10.702840757559912, 63.605920700587916 ], [ 10.705216637324993, 63.607203241007596 ], [ 10.630239659730471, 63.599297891357949 ], [ 10.586790806680932, 63.60575965559994 ], [ 10.529685331059422, 63.605417570757403 ], [ 10.503543594251223, 63.610168988232552 ], [ 10.494351024476655, 63.608365347645211 ], [ 10.481860857863714, 63.603001456643568 ], [ 10.497768859961342, 63.58600003092802 ], [ 10.457511907153181, 63.564003453015303 ], [ 10.488130730748978, 63.544498624708105 ], [ 10.584853907290267, 63.557905611323861 ] ] ] } },
{ "type": "Feature", "properties": { "naturvernId": "VV00003633", "navn": "Nordfjorden", "offisieltNavn": "Nordfjorden marine verneområde", "faktaark": "https://faktaark.naturbase.no/?id=VV00003633", "verneform": "MarintVerneomraade", "kommune": "Rødøy (1836)", "forvaltningsmyndighet": "Statsforvalteren i Nordland", "iucn": "IkkeVurdert", "majorEcosystemType": "Marin", "is_mpa": true, "area_m2": 11612118.827849999 }, "geometry": { "type": "Polygon", "coordinates": [ [ [ 13.524931832754957, 66.595705483963684 ], [ 13.521840894325061, 66.593972354941599 ], [ 13.510824343446686, 66.59538842567234 ], [ 13.494587693788057, 66.59154033972635 ], [ 13.485139399986087, 66.582355859533578 ], [ 13.468747047899157, 66.57562222391023 ], [ 13.452336516328341, 66.563674728779716 ], [ 13.470908649847976, 66.563972867839425 ], [ 13.472177824428959, 66.56892844174115 ], [ 13.485966012236508, 66.57505967028743 ], [ 13.494986813965211, 66.576162047421164 ], [ 13.5014569443955, 66.57327643755066 ], [ 13.507046810268877, 66.573310538940504 ], [ 13.508751287075285, 66.575120277957126 ], [ 13.502343023098097, 66.575665713638472 ], [ 13.497837613269633, 66.581251150966651 ], [ 13.501256284356792, 66.58458986462621 ], [ 13.511226058094435, 66.586934031729299 ], [ 13.526974742409255, 66.584582606706533 ], [ 13.534893143610127, 66.584951679702968 ], [ 13.540697012061166, 66.590201254329074 ], [ 13.545739967565227, 66.591271511266086 ], [ 13.545652671191768, 66.594486944346443 ], [ 13.563621251491465, 66.595999759791724 ], [ 13.559480840872775, 66.599737502707683 ], [ 13.56354656731547, 66.600931801904309 ], [ 13.582832073669302, 66.601284905410054 ], [ 13.584334373806625, 66.603096333142972 ], [ 13.596275152027376, 66.604739044023916 ], [ 13.610308806592737, 66.604237487479878 ], [ 13.632312090684014, 66.607220097387327 ], [ 13.664019872445428, 66.604725638898685 ], [ 13.679455044929657, 66.605596795003905 ], [ 13.69387290542962, 66.602433267108339 ], [ 13.708972000910205, 66.601602754650301 ], [ 13.731777451950794, 66.603316974357043 ], [ 13.73043274283423, 66.605807793494066 ], [ 13.734390726955269, 66.609467908496285 ], [ 13.706446095060427, 66.613762077426088 ], [ 13.665849894547707, 66.612364462277 ], [ 13.630681317053908, 66.614723525794503 ], [ 13.619487012853611, 66.610392861626266 ], [ 13.604970229120518, 66.609506661268995 ], [ 13.594355482882026, 66.610859316091748 ], [ 13.572279855910288, 66.607693509072902 ], [ 13.563621215927448, 66.608785323103945 ], [ 13.544116739911921, 66.602099659389495 ], [ 13.544878000976748, 66.600534308851138 ], [ 13.536906759416542, 66.597104987442407 ], [ 13.528167674799844, 66.599062661519667 ], [ 13.523306771935825, 66.598248570958731 ], [ 13.526161248399564, 66.596096138539721 ], [ 13.528475434862237, 66.596955382737733 ], [ 13.538787379530028, 66.595128724839626 ], [ 13.535952593634066, 66.593792803811212 ], [ 13.533968157793595, 66.595354592160575 ], [ 13.527321212185901, 66.593394596275886 ], [ 13.524931832754957, 66.595705483963684 ] ], [ [ 13.497359233847051, 66.580338499049574 ], [ 13.497901787422283, 66.580507003634224 ], [ 13.497606496258364, 66.580254905344603 ], [ 13.497359233847051, 66.580338499049574 ] ] ] } },
{ "type": "Feature", "properties": { "naturvernId": "VV00003233", "navn": "Gaulosen", "offisieltNavn": "Gaulosen marine verneområde", "faktaark": "https://faktaark.naturbase.no/?id=VV00003233", "verneform": "MarintVerneomraade", "kommune": "Skaun (5029),Melhus (5028),Trondheim - Tråante (5001)", "forvaltningsmyndighet": "Statsforvalteren i Trøndelag", "iucn": "IkkeVurdert", "majorEcosystemType": "Marin", "is_mpa": true, "area_m2": 10888084.28435 }, "geometry": { "type": "Polygon", "coordinates": [ [ [ 10.140112676174462, 63.34739695340857 ], [ 10.131586134988579, 63.322770275320394 ], [ 10.134280103635492, 63.321278447374148 ], [ 10.138962179968729, 63.322292311778348 ], [ 10.143319453388292, 63.319773611602876 ], [ 10.146837161683299, 63.319307588697605 ], [ 10.149477489714233, 63.319459059865892 ], [ 10.152738806094073, 63.315510354949737 ], [ 10.15602327569659, 63.314498687455604 ], [ 10.159538230647028, 63.315312043629355 ], [ 10.161541687904473, 63.312547162518072 ], [ 10.165907700183, 63.312285742203422 ], [ 10.167863461834475, 63.310317838834401 ], [ 10.183555930408108, 63.312387108946467 ], [ 10.193339295985636, 63.316433536053786 ], [ 10.194698218804923, 63.321100358125513 ], [ 10.20942230179744, 63.323335058029585 ], [ 10.215889631862286, 63.335603091707007 ], [ 10.206393076592789, 63.335562399832313 ], [ 10.172811041997633, 63.344104058710748 ], [ 10.152364497447453, 63.344568921933273 ], [ 10.140112676174462, 63.34739695340857 ] ], [ [ 10.150028333799511, 63.319328895699329 ], [ 10.149920388623897, 63.319265584762228 ], [ 10.149978916292959, 63.319364536770429 ], [ 10.150028333799511, 63.319328895699329 ] ], [ [ 10.150181344886199, 63.319553208808038 ], [ 10.15000277101854, 63.319597938389393 ], [ 10.150116213193673, 63.31969390544667 ], [ 10.150181344886199, 63.319553208808038 ] ], [ [ 10.146052373918712, 63.319488041806629 ], [ 10.145922986925529, 63.319556570178641 ], [ 10.145936871663945, 63.319573862995661 ], [ 10.146052373918712, 63.319488041806629 ] ] ] } },
{ "type": "Feature", "properties": { "naturvernId": "VV00003636", "navn": "Kaldvågfjorden og Innhavet", "offisieltNavn": "Kaldvågfjorden og Innhavet marine verneområde (Gálldavákvuona ja Sismera Merrasuoddjimguovllo)", "faktaark": "https://faktaark.naturbase.no/?id=VV00003636", "verneform": "MarintVerneomraade", "kommune": "Hábmer - Hamarøy (1875)", "forvaltningsmyndighet": "Statsforvalteren i Nordland", "iucn": "IkkeVurdert", "majorEcosystemType": "Marin", "is_mpa": true, "area_m2": 92301000.126599997 }, "geometry": { "type": "Polygon", "coordinates": [ [ [ 15.506990871781447, 68.058578483791209 ], [ 15.503212178638067, 68.058497385530842 ], [ 15.505836183359055, 68.058120542994345 ], [ 15.505373836865257, 68.057233348723116 ], [ 15.498515618019663, 68.058600068389254 ], [ 15.492125237007434, 68.057951993150851 ], [ 15.49826960199478, 68.057312072096735 ], [ 15.499654813660575, 68.055719386709569 ], [ 15.492673205340742, 68.057333257644885 ], [ 15.488848926201364, 68.056343446835768 ], [ 15.506475776563848, 68.054281154420778 ], [ 15.498033821882363, 68.053193625841814 ], [ 15.495287810163402, 68.049960932243252 ], [ 15.490589648664692, 68.051590726502681 ], [ 15.486782405157845, 68.050722894047169 ], [ 15.492765730810062, 68.054014534282317 ], [ 15.488346700288149, 68.055295321966497 ], [ 15.479882829973315, 68.053313211255087 ], [ 15.478597523854814, 68.054613302372829 ], [ 15.475864685157953, 68.053596167200368 ], [ 15.4734248284761, 68.054486495671497 ], [ 15.470707022878768, 68.053030086596451 ], [ 15.466718067520311, 68.054630622454184 ], [ 15.465680037867175, 68.054617228616408 ], [ 15.467769958071678, 68.052805764813556 ], [ 15.476573841130763, 68.051639310958279 ], [ 15.467812563620177, 68.051452059274382 ], [ 15.473045422295549, 68.047302752254865 ], [ 15.460603349487203, 68.04740628323492 ], [ 15.46087563015408, 68.046335194866629 ], [ 15.44338642387064, 68.043268357406802 ], [ 15.434509798918386, 68.046488679477278 ], [ 15.427672366218548, 68.046983440656064 ], [ 15.422113002466922, 68.039157101284374 ], [ 15.413039319914438, 68.038009904931855 ], [ 15.40865958164447, 68.039216256492409 ], [ 15.402341536597751, 68.039556742977155 ], [ 15.402878606737495, 68.042270841255174 ], [ 15.400483436245365, 68.039316665659101 ], [ 15.395736370799819, 68.038812732845955 ], [ 15.398222233373589, 68.036983086690753 ], [ 15.395518439831715, 68.036662025196705 ], [ 15.395812026816623, 68.03600924298469 ], [ 15.404730226064453, 68.032952707986638 ], [ 15.401254651635707, 68.031189909893712 ], [ 15.408622095975396, 68.031982397384468 ], [ 15.40660924049871, 68.03592181988904 ], [ 15.411163824503785, 68.033731495220849 ], [ 15.42036608119801, 68.036751646154343 ], [ 15.426973079462211, 68.035195164569387 ], [ 15.432641280158178, 68.03575005174649 ], [ 15.431792216182886, 68.034056776565009 ], [ 15.436711720730937, 68.032955832192485 ], [ 15.440230868770209, 68.033515862935687 ], [ 15.43674588834762, 68.03496849220879 ], [ 15.445365509925978, 68.035752347551139 ], [ 15.448433412342254, 68.031108966914957 ], [ 15.45685250483406, 68.031555332634838 ], [ 15.460739791431513, 68.029765871038606 ], [ 15.456121409215339, 68.025613178676082 ], [ 15.446098916454115, 68.026649476213834 ], [ 15.445092764779762, 68.028687999254743 ], [ 15.443944197313007, 68.027857738866444 ], [ 15.444830184362507, 68.013671706309097 ], [ 15.432323096216022, 68.013009210378385 ], [ 15.430860711573557, 68.011376733384253 ], [ 15.434652742548032, 68.010017498071974 ], [ 15.425179738729115, 68.010359272701251 ], [ 15.423964555534727, 68.008428759025335 ], [ 15.413985232299014, 68.008477173166312 ], [ 15.424961133002626, 68.003193298840131 ], [ 15.420897860170042, 68.002380056257948 ], [ 15.425338879255092, 67.999621655392417 ], [ 15.417375328421803, 67.999032539060323 ], [ 15.415383755059425, 67.995791061162095 ], [ 15.403357910468456, 67.995928302825845 ], [ 15.40754264584981, 67.998171859943142 ], [ 15.403599093405834, 68.000301234574579 ], [ 15.405804713844002, 68.000946823698783 ], [ 15.403164310006767, 68.004541724849261 ], [ 15.398925753093311, 68.003771782773313 ], [ 15.401892916871166, 68.002074544970867 ], [ 15.397078566617415, 68.003426523264082 ], [ 15.393674486777668, 68.002041998552386 ], [ 15.389030260096202, 68.004819300734781 ], [ 15.390667186736415, 68.001281008564192 ], [ 15.387493717458575, 68.000956719645444 ], [ 15.379819490295713, 68.003873605185305 ], [ 15.368013283170837, 68.002102371106631 ], [ 15.366554613779529, 67.988745696483406 ], [ 15.372407412237299, 67.971657632271672 ], [ 15.399215441652, 67.953863137856317 ], [ 15.431581970529828, 67.955423296451954 ], [ 15.537293916914479, 67.973432467008067 ], [ 15.530288759113912, 67.983420163620139 ], [ 15.524023522336206, 67.984862617805931 ], [ 15.526849835573371, 67.985901162950881 ], [ 15.524961211407623, 67.989280932388311 ], [ 15.523643150381556, 67.989974172514906 ], [ 15.521463858909854, 67.989749310602576 ], [ 15.521282208629923, 67.988954999152412 ], [ 15.520747657644231, 67.989000999649321 ], [ 15.5122411777464, 67.995969595914985 ], [ 15.508766955367973, 67.995675124629003 ], [ 15.510268395313654, 67.996465187186047 ], [ 15.507960186513161, 67.996905818723079 ], [ 15.5040656040538, 67.996169715274448 ], [ 15.492909841172162, 67.999589475207841 ], [ 15.480959615018621, 67.998756621669827 ], [ 15.479977992892026, 67.997396649585724 ], [ 15.478811243678548, 67.997292498939046 ], [ 15.480772973389128, 67.998845695787892 ], [ 15.474416094131714, 68.000557659018696 ], [ 15.476192003040417, 68.002976198431242 ], [ 15.473650738988383, 68.002483827749643 ], [ 15.471511316404683, 68.003534285814951 ], [ 15.47453991708587, 68.003473122177553 ], [ 15.474441884158564, 68.005263366240825 ], [ 15.470222666885288, 68.0067848501009 ], [ 15.467385033368737, 68.005422196058063 ], [ 15.462601266470342, 68.006065710737602 ], [ 15.470912495455414, 68.007501609788704 ], [ 15.471700148521093, 68.008907126431424 ], [ 15.467301088137337, 68.007879189184777 ], [ 15.465246189485338, 68.008030038754754 ], [ 15.471006485791717, 68.011323349193177 ], [ 15.472561704208346, 68.008159380262072 ], [ 15.477837073101565, 68.007512897062028 ], [ 15.478284397520746, 68.005883358611669 ], [ 15.481081047849047, 68.006828952068304 ], [ 15.489211090844174, 68.004660404017045 ], [ 15.497119895725904, 68.005720353894404 ], [ 15.502561470713133, 68.0033950859698 ], [ 15.514485254789422, 68.0060605630335 ], [ 15.510972705816828, 68.009489434714638 ], [ 15.519324763055286, 68.01159495660761 ], [ 15.51505250903856, 68.016979247806589 ], [ 15.526404643048146, 68.020423775518552 ], [ 15.538648183148187, 68.021495483986129 ], [ 15.551399522067626, 68.019721853834838 ], [ 15.559127457087028, 68.021405711444018 ], [ 15.558210015805242, 68.023245615405074 ], [ 15.56780922876036, 68.023174010553731 ], [ 15.585692095104108, 68.027843050474658 ], [ 15.60759049264999, 68.029286179395868 ], [ 15.613453584260123, 68.027665190537505 ], [ 15.61162747943996, 68.031112015748036 ], [ 15.631214781276924, 68.031453535700578 ], [ 15.633661545943491, 68.033091618697668 ], [ 15.662720430579604, 68.028684908818093 ], [ 15.671100126174768, 68.032120526424336 ], [ 15.677775167455652, 68.036550124895442 ], [ 15.69577433044609, 68.032763526254399 ], [ 15.700293597872216, 68.033325199365251 ], [ 15.699123519552785, 68.03237254867426 ], [ 15.713229850255169, 68.029696849703996 ], [ 15.717033647524653, 68.030403416420356 ], [ 15.730610210065935, 68.027413590315362 ], [ 15.743292166409168, 68.027762370913891 ], [ 15.763518560584233, 68.025029443295338 ], [ 15.767271292199636, 68.029198718655095 ], [ 15.775890668863433, 68.031208292676808 ], [ 15.78908397769152, 68.031386470574219 ], [ 15.791504123267771, 68.029082886550398 ], [ 15.804276712861899, 68.026973185231995 ], [ 15.826847561520182, 68.031297688416771 ], [ 15.833343115085519, 68.028018054196679 ], [ 15.849287238096204, 68.028437712347511 ], [ 15.86229644163218, 68.024810557466139 ], [ 15.871361424165432, 68.024996766475894 ], [ 15.874845221719733, 68.026947879217104 ], [ 15.879756123626478, 68.025016071761158 ], [ 15.887171023738313, 68.023284061863336 ], [ 15.887910053718914, 68.022635764384347 ], [ 15.892228745881612, 68.022791051878471 ], [ 15.888971048961821, 68.02029648280147 ], [ 15.896295630632043, 68.016381127450572 ], [ 15.902863575528631, 68.015953390924736 ], [ 15.908707482728113, 68.01928526190234 ], [ 15.930635213679107, 68.008766285325507 ], [ 15.923728963042176, 68.004513448430671 ], [ 15.935230717454427, 68.003191503664596 ], [ 15.930680048244678, 68.000109277812058 ], [ 15.938627754565067, 67.996701364637644 ], [ 15.937450594768061, 67.99456499714239 ], [ 15.931079293586084, 67.996703377671452 ], [ 15.923138690823102, 67.993772472389836 ], [ 15.927036784767036, 67.987845515089276 ], [ 15.92272570890753, 67.992440293701421 ], [ 15.915674017728, 67.994375301816788 ], [ 15.917912439847161, 67.992467630538727 ], [ 15.914369819040047, 67.992574879498662 ], [ 15.914141115296276, 67.989826167835673 ], [ 15.898050683309, 67.986386809764298 ], [ 15.897016167112611, 67.983173783955749 ], [ 15.888221866400023, 67.983124571274317 ], [ 15.893306574322235, 67.981561742373771 ], [ 15.90201522095273, 67.981808044755923 ], [ 15.906709452799236, 67.978694828608198 ], [ 15.914561065483607, 67.978383916658501 ], [ 15.916062972078738, 67.9754668989805 ], [ 15.912040792729174, 67.975254748495601 ], [ 15.910152522115078, 67.970889997939608 ], [ 15.918094286799226, 67.972067815762145 ], [ 15.919992406425589, 67.975309001212295 ], [ 15.922191653339684, 67.974502566844976 ], [ 15.923643593375781, 67.975588432167115 ], [ 15.939300861398761, 67.968822507746779 ], [ 15.942037816729435, 67.969346695296863 ], [ 15.94732040331238, 67.971815128439843 ], [ 15.947169845241909, 67.975531107507805 ], [ 15.944386416953343, 67.978459011575694 ], [ 15.939694457476211, 67.977975449211186 ], [ 15.933074099629895, 67.979883026559278 ], [ 15.936883873473921, 67.981752673965616 ], [ 15.946764244169103, 67.980096865645905 ], [ 15.950645335865779, 67.977881911025023 ], [ 15.953891999457479, 67.979771912477588 ], [ 15.963699427884819, 67.978071635687002 ], [ 15.966743312912678, 67.975609573703323 ], [ 15.974116973749041, 67.976626579429293 ], [ 15.974006653148045, 67.979759116105782 ], [ 15.965874630395184, 67.981079447620047 ], [ 15.96002174555977, 67.98063851812195 ], [ 15.96022078690752, 67.981901086707694 ], [ 15.963918642080385, 67.981897155257911 ], [ 15.96634512276483, 67.982366072977612 ], [ 15.956194506981658, 67.983047588183581 ], [ 15.954873244809976, 67.984272515688275 ], [ 15.9518283240317, 67.98429812484747 ], [ 15.955884390919966, 67.986716960706374 ], [ 15.954769425381103, 67.987713831214521 ], [ 15.947574826162914, 67.989001699516422 ], [ 15.948842412557081, 67.992741174170234 ], [ 15.97503035606419, 67.993800686460588 ], [ 15.967518408827523, 67.990181609937409 ], [ 15.972634355755652, 67.988095587334556 ], [ 15.981485777761021, 67.991762790565303 ], [ 15.989732516413289, 67.991728701228141 ], [ 15.990570453749065, 67.993608055350506 ], [ 15.993440545911877, 67.992628170567301 ], [ 15.994396756820326, 67.995517029004034 ], [ 15.998490661142226, 67.994600710752763 ], [ 16.000956009808615, 67.994659487270539 ], [ 15.999734524231377, 67.996805067400857 ], [ 15.988306441451277, 67.995939754917345 ], [ 15.981627077266284, 67.99827248675436 ], [ 15.980149004837422, 67.99590945548978 ], [ 15.972885714216146, 67.998802354254053 ], [ 15.967482292657172, 67.996048188084686 ], [ 15.963488434962523, 67.997328860089112 ], [ 15.961412787013066, 67.995839545645552 ], [ 15.960952950087824, 67.996932650200307 ], [ 15.949237491739705, 67.996624168333312 ], [ 15.949040941771603, 68.008014235923412 ], [ 15.95142046570759, 68.006844079692186 ], [ 15.964425577834854, 68.009827168973942 ], [ 15.975506217091423, 68.009270221293903 ], [ 15.979386517928234, 68.010364279244484 ], [ 15.977845609668337, 68.01298744805429 ], [ 15.969573308484653, 68.016495854588982 ], [ 15.96116716595645, 68.017435094755086 ], [ 15.949653133821924, 68.016564691800923 ], [ 15.953429217938753, 68.023969865447796 ], [ 15.948068729734329, 68.022870881288398 ], [ 15.945746078663662, 68.018246004099453 ], [ 15.940631690481849, 68.019302521755492 ], [ 15.942348891690987, 68.022372627785046 ], [ 15.939314597396759, 68.023285160131195 ], [ 15.943750874119521, 68.024091549450304 ], [ 15.94455936983988, 68.026391718180633 ], [ 15.938590861562149, 68.030179890443705 ], [ 15.934403642980405, 68.03010812807284 ], [ 15.935241031586104, 68.031108309121976 ], [ 15.931574039167781, 68.030205669479329 ], [ 15.922946197191779, 68.033255120856381 ], [ 15.905496362969187, 68.032274144042091 ], [ 15.899363347924913, 68.034012006463797 ], [ 15.885072072821245, 68.034359644507134 ], [ 15.888139344896397, 68.035261517785457 ], [ 15.888429423489791, 68.035590323599521 ], [ 15.872984772957992, 68.035073739551791 ], [ 15.856617340430335, 68.037314926661367 ], [ 15.863517944073019, 68.03883597618497 ], [ 15.857624664515802, 68.039815196855585 ], [ 15.842758940222497, 68.048315395614679 ], [ 15.822398580160895, 68.049776667667459 ], [ 15.835655878779312, 68.055151269599506 ], [ 15.831660589676629, 68.055822838024369 ], [ 15.807488994234117, 68.052591470698232 ], [ 15.813637470371578, 68.051490905612312 ], [ 15.811063841857587, 68.051010581951886 ], [ 15.813949371261439, 68.0500130984435 ], [ 15.81006463397639, 68.048215348544616 ], [ 15.798175913386856, 68.047343438664228 ], [ 15.779246855712774, 68.056036069818759 ], [ 15.767853232455856, 68.049278726697068 ], [ 15.771125121355576, 68.047576425467867 ], [ 15.754875563324621, 68.04397892101376 ], [ 15.76886343162205, 68.040471275198286 ], [ 15.769098918357663, 68.042017838053184 ], [ 15.775455890700091, 68.041819638636838 ], [ 15.777855277949309, 68.0427159197436 ], [ 15.776780655081136, 68.041347334341879 ], [ 15.783993371959069, 68.039974743291637 ], [ 15.804134028599288, 68.044794874559841 ], [ 15.810459549696835, 68.044109132890284 ], [ 15.814799745933845, 68.040275363970849 ], [ 15.829958920609085, 68.03928569607929 ], [ 15.823624146922038, 68.035407072212493 ], [ 15.81207881637804, 68.034091986046249 ], [ 15.806690280501666, 68.034497936718765 ], [ 15.78501068405828, 68.033792881258378 ], [ 15.766159740209618, 68.032369082531616 ], [ 15.749360965018182, 68.033711880352428 ], [ 15.735772690174635, 68.035809900698325 ], [ 15.737844730573149, 68.041241202683153 ], [ 15.742000457059307, 68.040777937547006 ], [ 15.741642661214312, 68.042481120877767 ], [ 15.718573701896094, 68.042135216107184 ], [ 15.708549929445088, 68.047424432939053 ], [ 15.694787235632216, 68.045575961790803 ], [ 15.690873984222291, 68.045951086582235 ], [ 15.690416283873434, 68.046597029182834 ], [ 15.687859460635648, 68.046865314006027 ], [ 15.666496812259334, 68.047355956232551 ], [ 15.659417499438883, 68.047002994618836 ], [ 15.647863902395578, 68.044066678921439 ], [ 15.638441069215876, 68.045600612918804 ], [ 15.631351614834498, 68.042935454638652 ], [ 15.629686393656705, 68.04434144286509 ], [ 15.636708059763379, 68.04552030068308 ], [ 15.636335127633309, 68.046966573745166 ], [ 15.63247937243796, 68.046304988875463 ], [ 15.634561436061398, 68.047590694002366 ], [ 15.608298614147056, 68.048410266277457 ], [ 15.587754314139032, 68.044854325076756 ], [ 15.577581814501187, 68.044643120024261 ], [ 15.582180010758158, 68.048810929905414 ], [ 15.588438914514589, 68.049678256298023 ], [ 15.582843386158325, 68.053119919222183 ], [ 15.58905760481429, 68.053908809203776 ], [ 15.582155508010503, 68.05915413137555 ], [ 15.566677555754557, 68.055236414425508 ], [ 15.561554983442683, 68.056272319615715 ], [ 15.571216332189842, 68.057577355451926 ], [ 15.569029134794125, 68.059977541729396 ], [ 15.571476992162626, 68.058807977466145 ], [ 15.572126146359707, 68.059909885576758 ], [ 15.581187807583758, 68.059774019752368 ], [ 15.586648583061807, 68.064003969826757 ], [ 15.58327534000645, 68.065217033276099 ], [ 15.585064303287373, 68.067237654885275 ], [ 15.57778345374718, 68.066480414516008 ], [ 15.569821918996041, 68.06754674473558 ], [ 15.569820488409386, 68.069335999595395 ], [ 15.571269920661322, 68.070208487305763 ], [ 15.578611434540678, 68.068963077214931 ], [ 15.580607804840991, 68.0704766865517 ], [ 15.589815117004306, 68.068677423593684 ], [ 15.597857192734415, 68.073539998617278 ], [ 15.581616925162535, 68.077645122020158 ], [ 15.575101026771359, 68.07686218875233 ], [ 15.577003097498661, 68.079405337786483 ], [ 15.573991092846549, 68.082271554786786 ], [ 15.549060231862917, 68.084357889134481 ], [ 15.535916003173169, 68.087424558431863 ], [ 15.53229646700089, 68.093004072810444 ], [ 15.526490320427522, 68.092885427812661 ], [ 15.529836975589195, 68.095311751349342 ], [ 15.520768901656913, 68.096154447276703 ], [ 15.52116954203821, 68.101052318156974 ], [ 15.519579720029185, 68.101403810821836 ], [ 15.514263773083023, 68.091298274858076 ], [ 15.520160747233099, 68.087638214316584 ], [ 15.520198175211794, 68.086508119321806 ], [ 15.516274972729539, 68.08663540651267 ], [ 15.517441448853127, 68.083777665941966 ], [ 15.530706901203503, 68.075800188975421 ], [ 15.521476789787176, 68.074739329101135 ], [ 15.519558954594732, 68.076409393382193 ], [ 15.512314723011233, 68.076954483209775 ], [ 15.518864987467847, 68.074386617499854 ], [ 15.526610837807885, 68.073770395309822 ], [ 15.527552233371065, 68.074367184217195 ], [ 15.532469892890816, 68.073488543091599 ], [ 15.530291505004429, 68.072354714730622 ], [ 15.535447333930914, 68.061872165509072 ], [ 15.525340757998977, 68.059866383357999 ], [ 15.520100511318203, 68.055962477233507 ], [ 15.514981362756888, 68.056982659121743 ], [ 15.513161507778165, 68.056259998896806 ], [ 15.511627135088158, 68.056339565607146 ], [ 15.517052670294138, 68.058123927461452 ], [ 15.510958507674927, 68.057984403388673 ], [ 15.511176734947762, 68.057702443927298 ], [ 15.5091683826788, 68.056726127127121 ], [ 15.506990871781447, 68.058578483791209 ] ], [ [ 15.637392908075418, 68.045000824949753 ], [ 15.637258083103076, 68.045057226589961 ], [ 15.637411472898199, 68.045100406364966 ], [ 15.637392908075418, 68.045000824949753 ] ], [ [ 15.770811805022609, 68.045513116789181 ], [ 15.77092021283079, 68.045299486630427 ], [ 15.77051181471148, 68.04522864792628 ], [ 15.770811805022609, 68.045513116789181 ] ], [ [ 15.689943715807116, 68.046328118733541 ], [ 15.690080234906782, 68.046284313918719 ], [ 15.690009107048487, 68.046270349355709 ], [ 15.689943715807116, 68.046328118733541 ] ], [ [ 15.689938629777078, 68.046519105826491 ], [ 15.690175479492478, 68.046527982453753 ], [ 15.690082949437473, 68.046455534975863 ], [ 15.689938629777078, 68.046519105826491 ] ], [ [ 15.810642984435257, 68.048232960970211 ], [ 15.811017643653377, 68.048252648581254 ], [ 15.810933623455448, 68.048160491757343 ], [ 15.810642984435257, 68.048232960970211 ] ], [ [ 15.814854141435019, 68.050141838612376 ], [ 15.815309187651883, 68.050407254576982 ], [ 15.815441081961826, 68.050272323398957 ], [ 15.814854141435019, 68.050141838612376 ] ], [ [ 15.783060912931395, 68.051521610671898 ], [ 15.783171033807307, 68.051728920303262 ], [ 15.783185951374103, 68.05151823692492 ], [ 15.783060912931395, 68.051521610671898 ] ], [ [ 15.938555177723954, 68.028721724856211 ], [ 15.93873751224695, 68.028770292350302 ], [ 15.938803413789932, 68.02873565130129 ], [ 15.938555177723954, 68.028721724856211 ] ], [ [ 15.938978597529617, 68.028785066541445 ], [ 15.939486032074361, 68.029023833577611 ], [ 15.939312501528557, 68.028755627200027 ], [ 15.938978597529617, 68.028785066541445 ] ], [ [ 15.763877139786551, 68.042318539219465 ], [ 15.763031055571687, 68.04212717920656 ], [ 15.762760056313349, 68.042281367817182 ], [ 15.763877139786551, 68.042318539219465 ] ], [ [ 15.768162106282753, 68.041794456075635 ], [ 15.767878184463955, 68.041724377187052 ], [ 15.768027466569382, 68.041853566156746 ], [ 15.768162106282753, 68.041794456075635 ] ], [ [ 15.772732500067837, 68.04255977837586 ], [ 15.772848132521263, 68.042498690364269 ], [ 15.772714307814265, 68.04248873250468 ], [ 15.772732500067837, 68.04255977837586 ] ], [ [ 15.784533180912344, 68.045947107702546 ], [ 15.782685124974771, 68.044156612600332 ], [ 15.778417630568589, 68.043508986104442 ], [ 15.782142452817094, 68.046132020008173 ], [ 15.779827989674882, 68.046425790321052 ], [ 15.784533180912344, 68.045947107702546 ] ], [ [ 15.774225299132137, 68.042407650135758 ], [ 15.773432919031835, 68.04239154178893 ], [ 15.774120629255819, 68.042488242026309 ], [ 15.774225299132137, 68.042407650135758 ] ], [ [ 15.774356740129354, 68.042611187732007 ], [ 15.774838570586466, 68.042607222175022 ], [ 15.774359819096979, 68.042545693241834 ], [ 15.774356740129354, 68.042611187732007 ] ], [ [ 15.764664976745401, 68.042277307384296 ], [ 15.764568306499427, 68.042187697885865 ], [ 15.764231271022945, 68.042279674956575 ], [ 15.764664976745401, 68.042277307384296 ] ], [ [ 15.773395637309497, 68.042967851083446 ], [ 15.773446213974525, 68.04291074512642 ], [ 15.77338376680205, 68.042913908104453 ], [ 15.773395637309497, 68.042967851083446 ] ], [ [ 15.779597570520155, 68.045137459349519 ], [ 15.779678564280266, 68.045193676706575 ], [ 15.779842507812386, 68.04515800943318 ], [ 15.779597570520155, 68.045137459349519 ] ], [ [ 15.95498100983473, 67.996437140484929 ], [ 15.95535651387072, 67.996453801152072 ], [ 15.95526851104556, 67.996378871779982 ], [ 15.95498100983473, 67.996437140484929 ] ], [ [ 15.959972504311168, 67.996459982651118 ], [ 15.960223605432645, 67.996458698902657 ], [ 15.960101858584469, 67.996395271179566 ], [ 15.959972504311168, 67.996459982651118 ] ], [ [ 15.970990179519967, 68.014802817075122 ], [ 15.970743821593082, 68.014682182816472 ], [ 15.97090581694601, 68.014817576553128 ], [ 15.970990179519967, 68.014802817075122 ] ], [ [ 15.944403233248716, 67.994150425821658 ], [ 15.944663325936686, 67.994223656564799 ], [ 15.944631835414707, 67.994114131464784 ], [ 15.944403233248716, 67.994150425821658 ] ], [ [ 15.963241824646245, 67.979034938460245 ], [ 15.962345994269764, 67.978954241304734 ], [ 15.962629381613752, 67.97909619870488 ], [ 15.963241824646245, 67.979034938460245 ] ], [ [ 15.960885245229914, 67.979631773506512 ], [ 15.961429013448576, 67.979608595897929 ], [ 15.961061050653656, 67.979519426671047 ], [ 15.960885245229914, 67.979631773506512 ] ], [ [ 15.946173911715173, 67.987779038391508 ], [ 15.946503020533774, 67.987746379733778 ], [ 15.946468072530537, 67.987722002148971 ], [ 15.946173911715173, 67.987779038391508 ] ], [ [ 15.949135628346784, 67.987502849192779 ], [ 15.949342782415755, 67.987481741485325 ], [ 15.949320332277916, 67.987453166156627 ], [ 15.949135628346784, 67.987502849192779 ] ], [ [ 15.952903297118862, 67.987517963405111 ], [ 15.953257429321885, 67.987413833075621 ], [ 15.952773141789352, 67.9875101048994 ], [ 15.952903297118862, 67.987517963405111 ] ], [ [ 15.806919759653882, 68.029490516638006 ], [ 15.807105853520117, 68.02945561024255 ], [ 15.80691053866127, 68.029432167470688 ], [ 15.806919759653882, 68.029490516638006 ] ], [ [ 15.807038819348408, 68.03411196058552 ], [ 15.80664823078429, 68.03421962602404 ], [ 15.807164793688008, 68.034186243281653 ], [ 15.807038819348408, 68.03411196058552 ] ], [ [ 15.795362712937747, 68.032402033373444 ], [ 15.795156225342932, 68.032465100455397 ], [ 15.795371120727827, 68.032423610330838 ], [ 15.795362712937747, 68.032402033373444 ] ], [ [ 15.805896620882692, 68.0298655276343 ], [ 15.806319325930698, 68.029890999860754 ], [ 15.806250062624381, 68.029779931815384 ], [ 15.805896620882692, 68.0298655276343 ] ], [ [ 15.792839486066276, 68.032032867022878 ], [ 15.792709704437724, 68.031992587851889 ], [ 15.792716464784089, 68.032050052485758 ], [ 15.792839486066276, 68.032032867022878 ] ], [ [ 15.805674132358538, 68.029756553286035 ], [ 15.805546326324746, 68.029676986215051 ], [ 15.805429407645569, 68.029717473274118 ], [ 15.805674132358538, 68.029756553286035 ] ], [ [ 15.803367067431614, 68.029469823140516 ], [ 15.803265418900281, 68.029398289590034 ], [ 15.803120073061809, 68.029434159355148 ], [ 15.803367067431614, 68.029469823140516 ] ], [ [ 15.814991873614845, 68.034174767457813 ], [ 15.815152207717061, 68.034230755159584 ], [ 15.815232051753398, 68.034225786012072 ], [ 15.814991873614845, 68.034174767457813 ] ], [ [ 15.821659045909461, 68.032595460391221 ], [ 15.821427223777148, 68.032557057227066 ], [ 15.82163704138642, 68.032603194435282 ], [ 15.821659045909461, 68.032595460391221 ] ], [ [ 15.810092440254907, 68.029541793651987 ], [ 15.794593190407291, 68.031960923316959 ], [ 15.825358440281315, 68.034726018369554 ], [ 15.825535514125175, 68.03327002579077 ], [ 15.821429711769484, 68.032620372713865 ], [ 15.819314530800764, 68.031339575843106 ], [ 15.810092440254907, 68.029541793651987 ] ], [ [ 15.794302243234171, 68.031789743204484 ], [ 15.794288016883481, 68.031884713358409 ], [ 15.794453284350304, 68.031884007328202 ], [ 15.794302243234171, 68.031789743204484 ] ], [ [ 15.807367499172095, 68.029286323075041 ], [ 15.807476437573952, 68.029161466589855 ], [ 15.807255289045477, 68.029228208825572 ], [ 15.807367499172095, 68.029286323075041 ] ], [ [ 15.806307574133111, 68.033876666443518 ], [ 15.806298584132431, 68.033914294374597 ], [ 15.806397312207134, 68.033894347141882 ], [ 15.806307574133111, 68.033876666443518 ] ], [ [ 15.949377115035769, 68.017294660962875 ], [ 15.94959173263687, 68.017314774218434 ], [ 15.949420741399706, 68.017260950957095 ], [ 15.949377115035769, 68.017294660962875 ] ], [ [ 15.959888592428774, 67.993839458141309 ], [ 15.960979617764282, 67.993999585613906 ], [ 15.960232242745624, 67.993734746366314 ], [ 15.959888592428774, 67.993839458141309 ] ], [ [ 15.943704725326027, 67.994511352833626 ], [ 15.944121844612216, 67.994540717647311 ], [ 15.944120044357938, 67.994467172261167 ], [ 15.943704725326027, 67.994511352833626 ] ], [ [ 15.920948327605704, 67.988624103011162 ], [ 15.918488209400723, 67.988373218949377 ], [ 15.920248307176568, 67.989542165249219 ], [ 15.920948327605704, 67.988624103011162 ] ], [ [ 15.921167568520044, 67.989508053622302 ], [ 15.920827813561052, 67.989514976490497 ], [ 15.921074611340146, 67.989557729951628 ], [ 15.921167568520044, 67.989508053622302 ] ], [ [ 15.930008403540695, 67.979692350307374 ], [ 15.930552756467899, 67.979706856640846 ], [ 15.930044676213186, 67.979583606054575 ], [ 15.930008403540695, 67.979692350307374 ] ], [ [ 15.931958505785563, 67.97993464358909 ], [ 15.932532977909425, 67.980133310590944 ], [ 15.932574726090611, 67.980083738057644 ], [ 15.931958505785563, 67.97993464358909 ] ], [ [ 15.930735739014699, 67.979692277499495 ], [ 15.931507734853263, 67.979869827917014 ], [ 15.930436593955523, 67.979563900162688 ], [ 15.930735739014699, 67.979692277499495 ] ], [ [ 15.93258075003585, 67.97926463478133 ], [ 15.932743345653673, 67.979284076211741 ], [ 15.932600853781485, 67.979229626835433 ], [ 15.93258075003585, 67.97926463478133 ] ], [ [ 15.932708699332746, 67.979195198344783 ], [ 15.932900328848088, 67.979235286033017 ], [ 15.932689987591717, 67.979151888549154 ], [ 15.932708699332746, 67.979195198344783 ] ], [ [ 15.966866574143149, 67.980378610471988 ], [ 15.966605651929216, 67.980552999260013 ], [ 15.966868392243395, 67.980577022065162 ], [ 15.966866574143149, 67.980378610471988 ] ], [ [ 15.95264748082125, 67.984120352839341 ], [ 15.954851729937779, 67.983941638616571 ], [ 15.954520417969812, 67.983681089963824 ], [ 15.95264748082125, 67.984120352839341 ] ], [ [ 15.931878636285157, 67.979463801239078 ], [ 15.931997489065026, 67.979399888673072 ], [ 15.931838697341123, 67.979368046102167 ], [ 15.931878636285157, 67.979463801239078 ] ], [ [ 15.932048201062649, 67.979412787838314 ], [ 15.932262838225954, 67.979424669310049 ], [ 15.932040795102106, 67.979383138390276 ], [ 15.932048201062649, 67.979412787838314 ] ], [ [ 15.932171256709392, 67.97932857869796 ], [ 15.932277858994295, 67.979370224845994 ], [ 15.932270968402667, 67.979270156403231 ], [ 15.932171256709392, 67.97932857869796 ] ], [ [ 15.878087978419861, 68.025883664249889 ], [ 15.87796380147639, 68.025987839693315 ], [ 15.878186494893992, 68.025930053164558 ], [ 15.878087978419861, 68.025883664249889 ] ], [ [ 15.870508209315004, 68.025176905117348 ], [ 15.870419583640848, 68.025233794399213 ], [ 15.870504612287812, 68.025259538200658 ], [ 15.870508209315004, 68.025176905117348 ] ], [ [ 15.871700302231249, 68.025289372783078 ], [ 15.871652017090982, 68.025355378386777 ], [ 15.871789794941474, 68.025325497589975 ], [ 15.871700302231249, 68.025289372783078 ] ], [ [ 15.819086506099314, 68.030677290451578 ], [ 15.819394726420121, 68.030742944843013 ], [ 15.818954587908269, 68.030577750988897 ], [ 15.819086506099314, 68.030677290451578 ] ], [ [ 15.551329899044402, 68.023533449441004 ], [ 15.547296035474242, 68.02468978932724 ], [ 15.555494099223068, 68.025798922644526 ], [ 15.555029454895879, 68.024638654282697 ], [ 15.551329899044402, 68.023533449441004 ] ], [ [ 15.54849867332276, 68.025296803353797 ], [ 15.548353442375133, 68.025282127600477 ], [ 15.548416594077487, 68.025349907171886 ], [ 15.54849867332276, 68.025296803353797 ] ], [ [ 15.548438034594385, 68.0255169394174 ], [ 15.548266608242471, 68.02553885692241 ], [ 15.548319315568326, 68.025580210944113 ], [ 15.548438034594385, 68.0255169394174 ] ], [ [ 15.509746199616606, 68.016620180458233 ], [ 15.509551291421607, 68.016585353078199 ], [ 15.509502080512338, 68.016622639125657 ], [ 15.509746199616606, 68.016620180458233 ] ], [ [ 15.50927770674576, 68.016652124530069 ], [ 15.508909705564516, 68.01656204020567 ], [ 15.508918789957272, 68.016692160516641 ], [ 15.50927770674576, 68.016652124530069 ] ], [ [ 15.508961940736716, 68.016488059492431 ], [ 15.508824580200505, 68.016424799506396 ], [ 15.508783090430974, 68.016475784943026 ], [ 15.508961940736716, 68.016488059492431 ] ], [ [ 15.508307544798102, 68.016546227443385 ], [ 15.508426595242691, 68.016636901475991 ], [ 15.508360901406014, 68.016534133444566 ], [ 15.508307544798102, 68.016546227443385 ] ], [ [ 15.674762056744592, 68.034942628861415 ], [ 15.674881511498075, 68.034865449092194 ], [ 15.674741500416053, 68.034837497925025 ], [ 15.674762056744592, 68.034942628861415 ] ], [ [ 15.671530021972377, 68.033965555607779 ], [ 15.671660928714878, 68.033936050548277 ], [ 15.671518013606228, 68.033923267343937 ], [ 15.671530021972377, 68.033965555607779 ] ], [ [ 15.463140342365133, 68.007106276916389 ], [ 15.463013760994015, 68.007118292893963 ], [ 15.463139426818181, 68.007132291122204 ], [ 15.463140342365133, 68.007106276916389 ] ], [ [ 15.463636053554781, 68.00698226997099 ], [ 15.46299148075161, 68.006949369551222 ], [ 15.463616016595431, 68.007009324608902 ], [ 15.463636053554781, 68.00698226997099 ] ], [ [ 15.462756540243047, 68.006472132756642 ], [ 15.4626297438225, 68.006449257583611 ], [ 15.462608708906034, 68.006462322434643 ], [ 15.462756540243047, 68.006472132756642 ] ], [ [ 15.462400000613082, 68.006387563980354 ], [ 15.462004528842868, 68.006378357905248 ], [ 15.462241456616644, 68.00645240986006 ], [ 15.462400000613082, 68.006387563980354 ] ], [ [ 15.46454904715976, 68.005532824517573 ], [ 15.464622657055559, 68.005457003894136 ], [ 15.464269544234119, 68.005495222401237 ], [ 15.46454904715976, 68.005532824517573 ] ], [ [ 15.46799119684699, 68.005403254664841 ], [ 15.467931930411822, 68.005418671131281 ], [ 15.468018419185913, 68.005436095567603 ], [ 15.46799119684699, 68.005403254664841 ] ], [ [ 15.472533364066745, 68.005339349105256 ], [ 15.472454998521657, 68.005344955463471 ], [ 15.472468453851445, 68.005359447550134 ], [ 15.472533364066745, 68.005339349105256 ] ], [ [ 15.466989187235706, 68.005322500436208 ], [ 15.466858627505736, 68.005314618301767 ], [ 15.466811926469108, 68.005336187753457 ], [ 15.466989187235706, 68.005322500436208 ] ], [ [ 15.470767307172851, 68.005220622838081 ], [ 15.470659090958863, 68.005240844245421 ], [ 15.470782743280683, 68.005273768110911 ], [ 15.470767307172851, 68.005220622838081 ] ], [ [ 15.471617365191484, 68.005159083592858 ], [ 15.471538077634625, 68.005178146462157 ], [ 15.471626767141313, 68.005197805099016 ], [ 15.471617365191484, 68.005159083592858 ] ], [ [ 15.471823998721923, 68.005166295743152 ], [ 15.471439605268628, 68.005089270920308 ], [ 15.471439817010825, 68.005099674979533 ], [ 15.471823998721923, 68.005166295743152 ] ], [ [ 15.471283512556365, 68.005108284235675 ], [ 15.471241983125493, 68.005113336216525 ], [ 15.471310337742221, 68.005121392757133 ], [ 15.471283512556365, 68.005108284235675 ] ], [ [ 15.469674223439469, 68.00404675838422 ], [ 15.469542218557438, 68.004014485363669 ], [ 15.469625563508215, 68.004077662550245 ], [ 15.469674223439469, 68.00404675838422 ] ], [ [ 15.469877780903991, 68.004044384309452 ], [ 15.469807255928419, 68.004023506928974 ], [ 15.469806146076046, 68.004039565565918 ], [ 15.469877780903991, 68.004044384309452 ] ], [ [ 15.470686290605542, 68.003906458029519 ], [ 15.47044720024379, 68.003855565771389 ], [ 15.469886775699459, 68.003945245267886 ], [ 15.470405714041622, 68.004039380334703 ], [ 15.470686290605542, 68.003906458029519 ] ], [ [ 15.474754497011768, 68.002607929897763 ], [ 15.474672605488513, 68.002639469475355 ], [ 15.47476472163914, 68.00266324253451 ], [ 15.474754497011768, 68.002607929897763 ] ], [ [ 15.474721566877941, 68.002460296351984 ], [ 15.474485277821429, 68.00251084743492 ], [ 15.4747019574702, 68.002542424164176 ], [ 15.474721566877941, 68.002460296351984 ] ], [ [ 15.509459025156808, 67.996280496315947 ], [ 15.508946888046939, 67.996419223878632 ], [ 15.509458942495444, 67.996494331472562 ], [ 15.509459025156808, 67.996280496315947 ] ], [ [ 15.517243690856144, 67.990224997860238 ], [ 15.513239695879546, 67.988430057248991 ], [ 15.516186078311824, 67.991427012089801 ], [ 15.517243690856144, 67.990224997860238 ] ], [ [ 15.518646029486099, 67.990200945524563 ], [ 15.517880581211697, 67.989995438221143 ], [ 15.517797590687364, 67.990069518898679 ], [ 15.518646029486099, 67.990200945524563 ] ], [ [ 15.517398067684502, 67.989920981836278 ], [ 15.517263223252801, 67.989760849448842 ], [ 15.51663985771367, 67.989148836474456 ], [ 15.516853658754693, 67.989729934062666 ], [ 15.517398067684502, 67.989920981836278 ] ], [ [ 15.522651921640396, 67.989523637601081 ], [ 15.522227262616807, 67.989565796040495 ], [ 15.522255843658948, 67.989698814374748 ], [ 15.522651921640396, 67.989523637601081 ] ], [ [ 15.521823977547246, 67.988847352861541 ], [ 15.524281129096741, 67.988569386477266 ], [ 15.523391870248306, 67.988016008877764 ], [ 15.521823977547246, 67.988847352861541 ] ], [ [ 15.522386324355422, 67.989345446702288 ], [ 15.521585591613579, 67.989144732659341 ], [ 15.522227897079198, 67.989498432294226 ], [ 15.522386324355422, 67.989345446702288 ] ], [ [ 15.516477075525641, 67.988979193597785 ], [ 15.515920538753033, 67.988682339544013 ], [ 15.515803382999554, 67.988843621031847 ], [ 15.516477075525641, 67.988979193597785 ] ], [ [ 15.515352728656064, 67.988695149471567 ], [ 15.514843135225902, 67.988530177451807 ], [ 15.51448814589115, 67.988479352554023 ], [ 15.515352728656064, 67.988695149471567 ] ], [ [ 15.518345456845079, 67.98848959461013 ], [ 15.518267036975946, 67.988404181645166 ], [ 15.51828036860098, 67.988594115877831 ], [ 15.518345456845079, 67.98848959461013 ] ], [ [ 15.519488560515306, 67.987880904278995 ], [ 15.521469230136622, 67.988351111583214 ], [ 15.519983369639528, 67.98788687756975 ], [ 15.519488560515306, 67.987880904278995 ] ], [ [ 15.513779934267117, 67.98831697078586 ], [ 15.513783500288486, 67.988359206469852 ], [ 15.513993538433713, 67.988385908518083 ], [ 15.513779934267117, 67.98831697078586 ] ], [ [ 15.518171503569375, 67.988055833730513 ], [ 15.518106576327328, 67.988124745107854 ], [ 15.518359853093466, 67.988117579891608 ], [ 15.518171503569375, 67.988055833730513 ] ], [ [ 15.518921737464536, 67.988065042880535 ], [ 15.518731929931826, 67.988098469440231 ], [ 15.518936450941816, 67.988102848256602 ], [ 15.518921737464536, 67.988065042880535 ] ], [ [ 15.52376065665351, 67.987766827047466 ], [ 15.522470247267389, 67.987552335588092 ], [ 15.524277937572831, 67.9879630510883 ], [ 15.52376065665351, 67.987766827047466 ] ], [ [ 15.522114174944036, 67.987580911572664 ], [ 15.521867026652032, 67.987552005345023 ], [ 15.521937937120342, 67.987600754733663 ], [ 15.522114174944036, 67.987580911572664 ] ], [ [ 15.521249421126317, 67.986794862994287 ], [ 15.52336653661164, 67.986957316770642 ], [ 15.523392987959356, 67.986921713073301 ], [ 15.521249421126317, 67.986794862994287 ] ], [ [ 15.464032787073933, 68.010720639452018 ], [ 15.464099884012596, 68.010796601859823 ], [ 15.464173623513954, 68.010726342269436 ], [ 15.464032787073933, 68.010720639452018 ] ], [ [ 15.470963508978958, 68.011516675670066 ], [ 15.47103152385491, 68.011542403312063 ], [ 15.471087460728601, 68.011527354070083 ], [ 15.470963508978958, 68.011516675670066 ] ], [ [ 15.508741799841705, 68.009509340146337 ], [ 15.509581420625825, 68.009351394019092 ], [ 15.508704846212101, 68.009406752605159 ], [ 15.508741799841705, 68.009509340146337 ] ], [ [ 15.392227188573377, 67.986754722886147 ], [ 15.387253677725177, 67.982214205019289 ], [ 15.381302163842143, 67.982971930985627 ], [ 15.382442625962458, 67.987263786844281 ], [ 15.392227188573377, 67.986754722886147 ] ], [ [ 15.501770608087599, 67.987149911593832 ], [ 15.501583454124686, 67.987174161291406 ], [ 15.501642933725998, 67.987204925241485 ], [ 15.501770608087599, 67.987149911593832 ] ], [ [ 15.398465112143056, 67.989258385677502 ], [ 15.398190542432124, 67.989253578180055 ], [ 15.398445555596828, 67.989303011362026 ], [ 15.398465112143056, 67.989258385677502 ] ], [ [ 15.44497426170814, 67.990540365577971 ], [ 15.444828587497328, 67.990462813755926 ], [ 15.444808028801628, 67.990525386893523 ], [ 15.44497426170814, 67.990540365577971 ] ], [ [ 15.482914925582021, 67.990772210089119 ], [ 15.482752757467921, 67.990804437626764 ], [ 15.482960336918842, 67.990828585229877 ], [ 15.482914925582021, 67.990772210089119 ] ], [ [ 15.447059559418376, 67.990799680015499 ], [ 15.446306995504314, 67.990945502054473 ], [ 15.447337070902137, 67.99100495688117 ], [ 15.447059559418376, 67.990799680015499 ] ], [ [ 15.477735502862556, 67.991299562492301 ], [ 15.47633357667846, 67.990569014938416 ], [ 15.475079144283292, 67.991127493979846 ], [ 15.477735502862556, 67.991299562492301 ] ], [ [ 15.43702529264951, 67.991778718403154 ], [ 15.436646964921389, 67.991827977553797 ], [ 15.437111119736763, 67.99187912875712 ], [ 15.43702529264951, 67.991778718403154 ] ], [ [ 15.439802043308369, 67.989623845441969 ], [ 15.433871016177839, 67.990478222847074 ], [ 15.438692550010401, 67.992300080855642 ], [ 15.444220958323559, 67.991346606537476 ], [ 15.441754734002094, 67.989092647630244 ], [ 15.437105003717667, 67.989132676761358 ], [ 15.439802043308369, 67.989623845441969 ] ], [ [ 15.43688139196629, 67.992073390075191 ], [ 15.429604902827169, 67.990873477525568 ], [ 15.427125505077065, 67.991276466530664 ], [ 15.430168668954913, 67.992248289119232 ], [ 15.43688139196629, 67.992073390075191 ] ], [ [ 15.488328566013523, 67.992271033188558 ], [ 15.488259268556972, 67.992216703592845 ], [ 15.488228259307325, 67.992254467675124 ], [ 15.488328566013523, 67.992271033188558 ] ], [ [ 15.441307458006616, 67.992349964230399 ], [ 15.440817121254248, 67.992369126245961 ], [ 15.441011901732008, 67.992413452608218 ], [ 15.441307458006616, 67.992349964230399 ] ], [ [ 15.460550013278617, 67.992300437663971 ], [ 15.460425839295956, 67.992393529796203 ], [ 15.460655267955552, 67.992338353658411 ], [ 15.460550013278617, 67.992300437663971 ] ], [ [ 15.460432639506397, 67.992519174080613 ], [ 15.460277713812946, 67.992508843515182 ], [ 15.46032354196802, 67.992540647049836 ], [ 15.460432639506397, 67.992519174080613 ] ], [ [ 15.439288414062773, 67.992600048568221 ], [ 15.439165283395242, 67.992538218024222 ], [ 15.439122634231943, 67.992571698328319 ], [ 15.439288414062773, 67.992600048568221 ] ], [ [ 15.417723067068808, 67.990948252422484 ], [ 15.417020146026504, 67.992242359601846 ], [ 15.423163959793882, 67.992637856536462 ], [ 15.422676976035728, 67.991753546872076 ], [ 15.417723067068808, 67.990948252422484 ] ], [ [ 15.439924266015241, 67.992675131114851 ], [ 15.439524965086115, 67.992791634580769 ], [ 15.440103375973179, 67.992813501004605 ], [ 15.439924266015241, 67.992675131114851 ] ], [ [ 15.385264590085384, 67.993154914715205 ], [ 15.385534107718778, 67.993083425391205 ], [ 15.385319059812977, 67.993036569602509 ], [ 15.385264590085384, 67.993154914715205 ] ], [ [ 15.440607503613839, 67.993028677926901 ], [ 15.452125899116629, 67.991739674497154 ], [ 15.451466168715777, 67.991004098143776 ], [ 15.444508722273543, 67.991202138517195 ], [ 15.443804282512417, 67.991727319955658 ], [ 15.44195202012089, 67.99211682270284 ], [ 15.440607503613839, 67.993028677926901 ] ], [ [ 15.493101178493296, 67.99300102363982 ], [ 15.489234520997282, 67.992061327811626 ], [ 15.487747280458743, 67.993148364255177 ], [ 15.493101178493296, 67.99300102363982 ] ], [ [ 15.484933691073618, 67.993258922456974 ], [ 15.484457863412409, 67.993616862404437 ], [ 15.485782273237296, 67.993400653282009 ], [ 15.484933691073618, 67.993258922456974 ] ], [ [ 15.478918356314606, 67.994177150625674 ], [ 15.478640649151078, 67.994105214478722 ], [ 15.478636144858333, 67.994188195968462 ], [ 15.478918356314606, 67.994177150625674 ] ], [ [ 15.439310147231968, 67.9943523662443 ], [ 15.440031280492621, 67.993487663569084 ], [ 15.437366824192932, 67.994265777942076 ], [ 15.439310147231968, 67.9943523662443 ] ], [ [ 15.480444569319362, 67.994658767779427 ], [ 15.481390485816984, 67.993947142598586 ], [ 15.478871985824579, 67.994409866024142 ], [ 15.480444569319362, 67.994658767779427 ] ], [ [ 15.479818410203208, 67.994772173680801 ], [ 15.479588090551671, 67.994725484957868 ], [ 15.479586978620613, 67.994741095224441 ], [ 15.479818410203208, 67.994772173680801 ] ], [ [ 15.469203020272158, 67.999138981263812 ], [ 15.469108251483547, 67.999124989485949 ], [ 15.469143526015463, 67.999154129780095 ], [ 15.469203020272158, 67.999138981263812 ] ], [ [ 15.472346971782475, 67.999272705385295 ], [ 15.472001033637365, 67.999282127934563 ], [ 15.472052480414098, 67.999318217540008 ], [ 15.472346971782475, 67.999272705385295 ] ], [ [ 15.472111506771752, 67.999468019252262 ], [ 15.472197746505403, 67.999403729616489 ], [ 15.471974883379726, 67.999454507797054 ], [ 15.472111506771752, 67.999468019252262 ] ], [ [ 15.437404715155706, 68.001405591615949 ], [ 15.437260846817054, 68.001413328378007 ], [ 15.437343000902416, 68.00145661252742 ], [ 15.437404715155706, 68.001405591615949 ] ], [ [ 15.434610932295929, 68.002777783108783 ], [ 15.434425926038884, 68.002773875789813 ], [ 15.434578512308347, 68.002822267660193 ], [ 15.434610932295929, 68.002777783108783 ] ], [ [ 15.434168586503844, 68.002778321073322 ], [ 15.434030190158447, 68.002657238444186 ], [ 15.433622007401135, 68.002834025497378 ], [ 15.434168586503844, 68.002778321073322 ] ], [ [ 15.463094565233376, 68.003847236901009 ], [ 15.462945687887224, 68.003856086482969 ], [ 15.462960597976275, 68.003907798804718 ], [ 15.463094565233376, 68.003847236901009 ] ], [ [ 15.461753480944141, 68.004047521808019 ], [ 15.461831672691888, 68.004021291098226 ], [ 15.461570897380884, 68.003961836017396 ], [ 15.461753480944141, 68.004047521808019 ] ], [ [ 15.462472169502496, 68.00400998751573 ], [ 15.462717361673313, 68.00412760748992 ], [ 15.462845641902604, 68.004081682096697 ], [ 15.462472169502496, 68.00400998751573 ] ], [ [ 15.460056044885427, 68.004689732799662 ], [ 15.46013976053403, 68.004555942835694 ], [ 15.459742198127145, 68.004367436365001 ], [ 15.460056044885427, 68.004689732799662 ] ], [ [ 15.504238599599702, 68.004263241128527 ], [ 15.504591291269159, 68.004066714831069 ], [ 15.503768999589839, 68.004013080607805 ], [ 15.504238599599702, 68.004263241128527 ] ], [ [ 15.505316086632135, 68.004312144255636 ], [ 15.505340988479187, 68.004093658829149 ], [ 15.505311293380485, 68.004092404433379 ], [ 15.505316086632135, 68.004312144255636 ] ], [ [ 15.501639068738642, 68.005169385672204 ], [ 15.501706866180973, 68.005173305328739 ], [ 15.501648148974025, 68.005157787295715 ], [ 15.501639068738642, 68.005169385672204 ] ], [ [ 15.499546194663798, 68.005856980170535 ], [ 15.49954951644987, 68.005877869189163 ], [ 15.499573609994568, 68.005874477430993 ], [ 15.499546194663798, 68.005856980170535 ] ], [ [ 15.500258321875691, 68.00631343434641 ], [ 15.500305712413001, 68.006325130342731 ], [ 15.500294950431648, 68.006314309832803 ], [ 15.500258321875691, 68.00631343434641 ] ], [ [ 15.499785353082935, 68.005740727215496 ], [ 15.503491381966102, 68.006045805441644 ], [ 15.5010771999561, 68.005309943565649 ], [ 15.499785353082935, 68.005740727215496 ] ], [ [ 15.471517620975865, 68.012083760169418 ], [ 15.470983192548273, 68.012096140832526 ], [ 15.47121975171407, 68.012218347471801 ], [ 15.471517620975865, 68.012083760169418 ] ], [ [ 15.462937826598102, 68.010430503937755 ], [ 15.462827747136366, 68.010550645856043 ], [ 15.462906718822362, 68.010550424138302 ], [ 15.462937826598102, 68.010430503937755 ] ], [ [ 15.466469754582644, 68.011050209305779 ], [ 15.465660376245935, 68.011218074805612 ], [ 15.466061120575446, 68.011354265899826 ], [ 15.466469754582644, 68.011050209305779 ] ], [ [ 15.463211364047897, 68.010418254625222 ], [ 15.46314493932206, 68.01044750250442 ], [ 15.46322081151734, 68.010459846677961 ], [ 15.463211364047897, 68.010418254625222 ] ], [ [ 15.46366788250779, 68.010544517985437 ], [ 15.465051535792014, 68.009717038774923 ], [ 15.46274974969849, 68.009677412438975 ], [ 15.46366788250779, 68.010544517985437 ] ], [ [ 15.471470920215891, 68.015773330097957 ], [ 15.470935654554655, 68.015995868795002 ], [ 15.471626625424472, 68.016201807608937 ], [ 15.471470920215891, 68.015773330097957 ] ], [ [ 15.47093607199051, 68.011615060104518 ], [ 15.471073100436508, 68.011644985655707 ], [ 15.471041361343316, 68.011614221151149 ], [ 15.47093607199051, 68.011615060104518 ] ], [ [ 15.447477056366246, 68.010605403365659 ], [ 15.449273922181929, 68.011298165177692 ], [ 15.448250283470884, 68.010443555854863 ], [ 15.447477056366246, 68.010605403365659 ] ], [ [ 15.508407312950792, 68.00945807942567 ], [ 15.508021409972892, 68.009310194829268 ], [ 15.508199801152946, 68.00948948486797 ], [ 15.508407312950792, 68.00945807942567 ] ], [ [ 15.512123595171733, 68.00595229942455 ], [ 15.511932517910152, 68.005946165781694 ], [ 15.512014120210026, 68.006000716443836 ], [ 15.512123595171733, 68.00595229942455 ] ], [ [ 15.471996876170596, 68.015235537374821 ], [ 15.472296758547451, 68.01530356468065 ], [ 15.472163991023194, 68.015166800821518 ], [ 15.471996876170596, 68.015235537374821 ] ], [ [ 15.471483613711989, 68.0124823736775 ], [ 15.47170607171136, 68.012522997222632 ], [ 15.471634527309437, 68.012441668858912 ], [ 15.471483613711989, 68.0124823736775 ] ], [ [ 15.470904295514353, 68.016348909201952 ], [ 15.470192265165169, 68.016331746233419 ], [ 15.470284880697021, 68.016695824234233 ], [ 15.470904295514353, 68.016348909201952 ] ], [ [ 15.462689935328312, 68.009330728760759 ], [ 15.462705216108191, 68.009197219324989 ], [ 15.462582123686706, 68.009216759549972 ], [ 15.462689935328312, 68.009330728760759 ] ], [ [ 15.468337476614455, 68.013405873424574 ], [ 15.469182565963429, 68.013166675297697 ], [ 15.468647347317209, 68.013153128640113 ], [ 15.468337476614455, 68.013405873424574 ] ], [ [ 15.508481332916917, 68.00917800056223 ], [ 15.508242454851901, 68.009055854080714 ], [ 15.508181539766282, 68.009191661761378 ], [ 15.508481332916917, 68.00917800056223 ] ], [ [ 15.470129427875865, 68.01528850046617 ], [ 15.470854306307466, 68.013926292972542 ], [ 15.468310523449649, 68.014120552141208 ], [ 15.470129427875865, 68.01528850046617 ] ], [ [ 15.470737215874252, 68.011851975131123 ], [ 15.470848345690406, 68.011832283613529 ], [ 15.470817853435944, 68.011827527145144 ], [ 15.470737215874252, 68.011851975131123 ] ], [ [ 15.461952676673505, 68.009141386636045 ], [ 15.462201675682255, 68.008943538535775 ], [ 15.461596692642516, 68.00901456803922 ], [ 15.461952676673505, 68.009141386636045 ] ], [ [ 15.464077955701976, 68.009475452352532 ], [ 15.463975453080998, 68.00943573677641 ], [ 15.463966865557214, 68.009496843423719 ], [ 15.464077955701976, 68.009475452352532 ] ], [ [ 15.52352536626913, 67.98660089794565 ], [ 15.522802530799797, 67.986723296783353 ], [ 15.524291201291959, 67.986857952968421 ], [ 15.52352536626913, 67.98660089794565 ] ], [ [ 15.517628591758193, 67.990639440173496 ], [ 15.51808801019671, 67.990567853768709 ], [ 15.517576357275718, 67.990613233664305 ], [ 15.517628591758193, 67.990639440173496 ] ], [ [ 15.517273678145076, 67.983456800019269 ], [ 15.510771581511168, 67.982778450376074 ], [ 15.508649017760344, 67.984089737057047 ], [ 15.50957554540606, 67.984425654845296 ], [ 15.517273678145076, 67.983456800019269 ] ], [ [ 15.51819222550459, 67.983078086038006 ], [ 15.519422126081801, 67.982727805507423 ], [ 15.518131563391201, 67.9829735118646 ], [ 15.51819222550459, 67.983078086038006 ] ], [ [ 15.485638877714001, 67.978475168547632 ], [ 15.485465566390994, 67.978416031858188 ], [ 15.485481934780166, 67.978501553404016 ], [ 15.485638877714001, 67.978475168547632 ] ], [ [ 15.49790685749214, 67.976307715092702 ], [ 15.492888364027623, 67.978235489017607 ], [ 15.500721804271334, 67.978616474362667 ], [ 15.49790685749214, 67.976307715092702 ] ], [ [ 15.486700762768949, 67.978534372099233 ], [ 15.487285511698973, 67.978349304533737 ], [ 15.486913054900612, 67.978184648375176 ], [ 15.486700762768949, 67.978534372099233 ] ], [ [ 15.495859591702024, 67.981594829013915 ], [ 15.495498790715553, 67.98155591057521 ], [ 15.495426462947394, 67.981683496304541 ], [ 15.495859591702024, 67.981594829013915 ] ], [ [ 15.495771460938951, 67.979630126593833 ], [ 15.496738857300311, 67.979168416818098 ], [ 15.495058440136136, 67.97910037497968 ], [ 15.495771460938951, 67.979630126593833 ] ], [ [ 15.501910322684267, 67.979798547047139 ], [ 15.502188451157279, 67.980700309496655 ], [ 15.511409613665792, 67.981631500716333 ], [ 15.511400092774757, 67.980625230480413 ], [ 15.501910322684267, 67.979798547047139 ] ], [ [ 15.492086169923507, 67.981517975953309 ], [ 15.49221415383575, 67.981455434278004 ], [ 15.492085076799837, 67.981455192131946 ], [ 15.492086169923507, 67.981517975953309 ] ], [ [ 15.501165948113176, 67.980777782245767 ], [ 15.501537968310934, 67.980705610526186 ], [ 15.501362215286546, 67.980613579465597 ], [ 15.501165948113176, 67.980777782245767 ] ], [ [ 15.496894695160591, 67.974103893346197 ], [ 15.496528793017291, 67.974111545017905 ], [ 15.49691520979853, 67.974202676387634 ], [ 15.496894695160591, 67.974103893346197 ] ], [ [ 15.499272553644252, 67.98107038079057 ], [ 15.499425713781568, 67.981068032780954 ], [ 15.499342379373486, 67.980983074356857 ], [ 15.499272553644252, 67.98107038079057 ] ], [ [ 15.485240257654176, 67.97688801014607 ], [ 15.482807783524624, 67.975707767247826 ], [ 15.482608244733274, 67.976109561573153 ], [ 15.485240257654176, 67.97688801014607 ] ], [ [ 15.499037729416855, 67.974222537737191 ], [ 15.497636558536016, 67.974323650303049 ], [ 15.4998126922038, 67.974446938509118 ], [ 15.499037729416855, 67.974222537737191 ] ], [ [ 15.501584478353781, 67.978534916525376 ], [ 15.502077316062415, 67.978282624698565 ], [ 15.501650649220061, 67.978268317939381 ], [ 15.501584478353781, 67.978534916525376 ] ], [ [ 15.494906104803199, 67.978535928115676 ], [ 15.494919614049312, 67.978463413227885 ], [ 15.494807727385194, 67.978461596761008 ], [ 15.494906104803199, 67.978535928115676 ] ], [ [ 15.496185493213027, 67.978874088592036 ], [ 15.496146667481828, 67.978924883761408 ], [ 15.496271307920011, 67.97891948521702 ], [ 15.496185493213027, 67.978874088592036 ] ], [ [ 15.498778946028569, 67.981213237235394 ], [ 15.498998091813881, 67.98114494266585 ], [ 15.498849185606884, 67.98107839093278 ], [ 15.498778946028569, 67.981213237235394 ] ], [ [ 15.492244093478025, 67.980591215014442 ], [ 15.492122366116165, 67.980678045610645 ], [ 15.492264676685815, 67.980727670573813 ], [ 15.492244093478025, 67.980591215014442 ] ], [ [ 15.49307289021468, 67.98092374968266 ], [ 15.493187455785632, 67.980927353251772 ], [ 15.493137332808569, 67.98088570507808 ], [ 15.49307289021468, 67.98092374968266 ] ], [ [ 15.496741598010177, 67.979006238344283 ], [ 15.496541858402439, 67.978830498573757 ], [ 15.496426846908777, 67.97899543732035 ], [ 15.496741598010177, 67.979006238344283 ] ], [ [ 15.51148297332065, 67.978184074393482 ], [ 15.503295983944222, 67.977481327786251 ], [ 15.510665753620072, 67.978830090225287 ], [ 15.508714951186466, 67.979609128590269 ], [ 15.512434645264845, 67.980911015281805 ], [ 15.513289932201161, 67.98059082773581 ], [ 15.515514367380407, 67.980555625329274 ], [ 15.51370343851144, 67.979059054341803 ], [ 15.516015084343277, 67.979179823314183 ], [ 15.517831742870751, 67.980647558809594 ], [ 15.519187011405739, 67.980682130182302 ], [ 15.519467390616626, 67.978804623581823 ], [ 15.513791826486635, 67.978334303321617 ], [ 15.512397713602764, 67.979520661971051 ], [ 15.51148297332065, 67.978184074393482 ] ], [ [ 15.524527640725802, 67.980072763478631 ], [ 15.525575101121373, 67.980141539617392 ], [ 15.524716183885738, 67.979712032669141 ], [ 15.524527640725802, 67.980072763478631 ] ], [ [ 15.518870788956079, 67.981867743293321 ], [ 15.512310742050866, 67.981144879570635 ], [ 15.511618368040379, 67.982101308012076 ], [ 15.518870788956079, 67.981867743293321 ] ], [ [ 15.517341367882947, 67.977222349528489 ], [ 15.518541887760941, 67.97712116336001 ], [ 15.517668961089198, 67.976973938019057 ], [ 15.517341367882947, 67.977222349528489 ] ], [ [ 15.510183425681104, 67.976611876887162 ], [ 15.510096962364587, 67.97670085417316 ], [ 15.510221120297148, 67.976663335331267 ], [ 15.510183425681104, 67.976611876887162 ] ], [ [ 15.507700279221739, 67.976667270189651 ], [ 15.507904460617731, 67.976606275072001 ], [ 15.50769336649784, 67.976613473876228 ], [ 15.507700279221739, 67.976667270189651 ] ], [ [ 15.503160214052613, 67.974637482330309 ], [ 15.502950961839852, 67.974618657623878 ], [ 15.503137253457943, 67.974658541364107 ], [ 15.503160214052613, 67.974637482330309 ] ], [ [ 15.503017787854002, 67.975022713435649 ], [ 15.502915697956475, 67.975009122409858 ], [ 15.502950307772332, 67.975029377689026 ], [ 15.503017787854002, 67.975022713435649 ] ], [ [ 15.515140978028159, 67.977217408087256 ], [ 15.515546876039958, 67.977061142873751 ], [ 15.514450665638467, 67.976973978283368 ], [ 15.515140978028159, 67.977217408087256 ] ], [ [ 15.502183172871085, 67.976305940607148 ], [ 15.502842015766992, 67.976162838122534 ], [ 15.502122290176949, 67.976054529010938 ], [ 15.502183172871085, 67.976305940607148 ] ], [ [ 15.481835524223614, 67.986249955197493 ], [ 15.496103900496854, 67.983853173308802 ], [ 15.495834129357736, 67.981980239142942 ], [ 15.491943052582029, 67.981712236219678 ], [ 15.489725149604931, 67.981033390827847 ], [ 15.490431185322317, 67.982015701465599 ], [ 15.47781323810209, 67.97961809185999 ], [ 15.473928919115915, 67.980422853983598 ], [ 15.482562795849621, 67.982391089730669 ], [ 15.476769998710427, 67.982467070297815 ], [ 15.47213808792011, 67.980790637447427 ], [ 15.471548395195171, 67.978707710046123 ], [ 15.477286866305008, 67.976803082519908 ], [ 15.47448953717422, 67.977146629002348 ], [ 15.470317567225445, 67.975666061590616 ], [ 15.470483122092855, 67.977961439406343 ], [ 15.455749998120325, 67.978464268497092 ], [ 15.456959447827453, 67.980122167801426 ], [ 15.455566092431118, 67.981049891907375 ], [ 15.45566582332409, 67.979751273459172 ], [ 15.453108638692951, 67.980566575314214 ], [ 15.447681164738837, 67.979229618682851 ], [ 15.447829801017456, 67.977990699600923 ], [ 15.436698973320013, 67.980486319628525 ], [ 15.432652315731344, 67.979475819310437 ], [ 15.437915626686339, 67.984415152974961 ], [ 15.446677707801232, 67.985874019505815 ], [ 15.443448848490966, 67.986585058329169 ], [ 15.447401121874252, 67.986790805895154 ], [ 15.448210002445562, 67.989330573494172 ], [ 15.455371278716958, 67.989521538666452 ], [ 15.452716474133901, 67.98999751405222 ], [ 15.458887131345007, 67.992013029347262 ], [ 15.462256207913029, 67.990153014421907 ], [ 15.465199004567253, 67.990334616220295 ], [ 15.46422692724925, 67.992419997387785 ], [ 15.468120468453977, 67.990949455500115 ], [ 15.471041673226821, 67.991673313801229 ], [ 15.470773138845313, 67.99030774927823 ], [ 15.4685778123727, 67.989205999190176 ], [ 15.468796365671313, 67.989005715128556 ], [ 15.468565091407871, 67.988966996773769 ], [ 15.468625689386347, 67.988913096774539 ], [ 15.479957762198241, 67.988635960086825 ], [ 15.479794506415054, 67.987921920127079 ], [ 15.48317773595139, 67.98697587739602 ], [ 15.484969673204748, 67.986840732031453 ], [ 15.481835524223614, 67.986249955197493 ] ], [ [ 15.484770751811658, 67.986943211894086 ], [ 15.484782201436598, 67.986907658696992 ], [ 15.484752487334719, 67.986938691163147 ], [ 15.484770751811658, 67.986943211894086 ] ], [ [ 15.48442440390177, 67.986935440631584 ], [ 15.484577269662401, 67.986928532916352 ], [ 15.484545163058787, 67.986913737875838 ], [ 15.48442440390177, 67.986935440631584 ] ], [ [ 15.484424836412433, 67.987299424528231 ], [ 15.484500167366567, 67.987151653544615 ], [ 15.484336499807545, 67.987168010993955 ], [ 15.484424836412433, 67.987299424528231 ] ], [ [ 15.484253314120272, 67.987317509209248 ], [ 15.484202296999367, 67.987278731245354 ], [ 15.484135373825898, 67.987291126564457 ], [ 15.484253314120272, 67.987317509209248 ] ], [ [ 15.481927212618388, 67.988142265810978 ], [ 15.482123125025952, 67.988181427725436 ], [ 15.482138287359074, 67.988128731989562 ], [ 15.481927212618388, 67.988142265810978 ] ], [ [ 15.482204061945001, 67.976680044965207 ], [ 15.482353393277736, 67.976621305319696 ], [ 15.482109239529475, 67.976590447431605 ], [ 15.482204061945001, 67.976680044965207 ] ], [ [ 15.478611538983868, 67.976353359892741 ], [ 15.478523184046271, 67.976391199212657 ], [ 15.478655727847332, 67.976410277952638 ], [ 15.478611538983868, 67.976353359892741 ] ], [ [ 15.479068333055395, 67.977956240226078 ], [ 15.479346058330261, 67.977945834569383 ], [ 15.47906672516787, 67.977901530493938 ], [ 15.479068333055395, 67.977956240226078 ] ], [ [ 15.455334911252065, 67.979306312323757 ], [ 15.455191809740333, 67.979418917031481 ], [ 15.455407941160603, 67.979398407071599 ], [ 15.455334911252065, 67.979306312323757 ] ], [ [ 15.479276897456806, 67.976726801379868 ], [ 15.479394655713588, 67.97671255573897 ], [ 15.479326478309224, 67.976697595629943 ], [ 15.479276897456806, 67.976726801379868 ] ], [ [ 15.452696682488435, 67.97907777641656 ], [ 15.452274254973732, 67.979145132403403 ], [ 15.452791982828623, 67.979197168206042 ], [ 15.452696682488435, 67.97907777641656 ] ], [ [ 15.478563328283046, 67.976321568324849 ], [ 15.479272535292324, 67.97624963257131 ], [ 15.478283369360422, 67.976129984334705 ], [ 15.478563328283046, 67.976321568324849 ] ], [ [ 15.451311205871509, 67.979027941358893 ], [ 15.451540295008471, 67.97903466839044 ], [ 15.451436036508147, 67.97898266176162 ], [ 15.451311205871509, 67.979027941358893 ] ], [ [ 15.479609355545003, 67.975619435946086 ], [ 15.4800479855587, 67.975637532011802 ], [ 15.479639469769575, 67.975515659899017 ], [ 15.479609355545003, 67.975619435946086 ] ], [ [ 15.434652686750356, 67.978898654212898 ], [ 15.434615921400869, 67.97899006110903 ], [ 15.434973824205933, 67.978996829940272 ], [ 15.434652686750356, 67.978898654212898 ] ], [ [ 15.478493655578191, 67.976952332016737 ], [ 15.478506202331339, 67.976865470061327 ], [ 15.478434388189378, 67.976871150176464 ], [ 15.478493655578191, 67.976952332016737 ] ], [ [ 15.449161677810956, 67.978707147397216 ], [ 15.449051570524484, 67.978710676722471 ], [ 15.449025319464438, 67.978786720368589 ], [ 15.449161677810956, 67.978707147397216 ] ], [ [ 15.479456191451114, 67.977030527467093 ], [ 15.479214290018705, 67.977050875010789 ], [ 15.479453478476852, 67.977084263130976 ], [ 15.479456191451114, 67.977030527467093 ] ], [ [ 15.481730842113755, 67.977943270398569 ], [ 15.481848143079251, 67.977860765865302 ], [ 15.481664633049112, 67.977816185765164 ], [ 15.481730842113755, 67.977943270398569 ] ], [ [ 15.450088164105061, 67.978370053584982 ], [ 15.450167445578314, 67.978440696304844 ], [ 15.450182436738821, 67.978351139228408 ], [ 15.450088164105061, 67.978370053584982 ] ], [ [ 15.477951491544237, 67.978011240070373 ], [ 15.478196257273066, 67.977839479674202 ], [ 15.477874139092378, 67.977829471903576 ], [ 15.477951491544237, 67.978011240070373 ] ], [ [ 15.478661005232743, 67.977777853853766 ], [ 15.478460280129735, 67.977778885679996 ], [ 15.478773140011032, 67.977861393389588 ], [ 15.478661005232743, 67.977777853853766 ] ], [ [ 15.4823390101042, 67.977607552705237 ], [ 15.481843210824859, 67.977508275871102 ], [ 15.481782893968045, 67.977676362863463 ], [ 15.4823390101042, 67.977607552705237 ] ], [ [ 15.4832689333152, 67.976772269748096 ], [ 15.483371959083417, 67.976727747312282 ], [ 15.483222723998729, 67.976733656773163 ], [ 15.4832689333152, 67.976772269748096 ] ], [ [ 15.437702709624471, 67.979682675400255 ], [ 15.43783120067233, 67.979652465279472 ], [ 15.437675127273415, 67.979626868497803 ], [ 15.437702709624471, 67.979682675400255 ] ], [ [ 15.476049676068262, 67.976557399491341 ], [ 15.476623217002878, 67.976557893037992 ], [ 15.476245920204775, 67.976396814810798 ], [ 15.476049676068262, 67.976557399491341 ] ], [ [ 15.428540181804514, 67.960296421865934 ], [ 15.429415027308309, 67.960199153842083 ], [ 15.428348862811614, 67.960061379589646 ], [ 15.428540181804514, 67.960296421865934 ] ], [ [ 15.435648251756756, 67.962961897537426 ], [ 15.435554738701473, 67.962916759104075 ], [ 15.435422413467226, 67.962928769660834 ], [ 15.435648251756756, 67.962961897537426 ] ], [ [ 15.435598462611864, 67.963044997684534 ], [ 15.436093635130371, 67.963074451933778 ], [ 15.435599352077498, 67.963028760440054 ], [ 15.435598462611864, 67.963044997684534 ] ], [ [ 15.43314546991898, 67.963405589584283 ], [ 15.436302768481529, 67.963260643754793 ], [ 15.432085938615119, 67.962966086120375 ], [ 15.43314546991898, 67.963405589584283 ] ], [ [ 15.431922279068361, 67.964464609740716 ], [ 15.432060131522976, 67.964441016797267 ], [ 15.43188760071471, 67.964397967304123 ], [ 15.431922279068361, 67.964464609740716 ] ], [ [ 15.433349542338409, 67.964639531506236 ], [ 15.433543888995853, 67.964571568689763 ], [ 15.433306726922853, 67.964559456460705 ], [ 15.433349542338409, 67.964639531506236 ] ], [ [ 15.432572126306514, 67.964705350003456 ], [ 15.432026649086524, 67.964695301675775 ], [ 15.432677081546004, 67.9647492043092 ], [ 15.432572126306514, 67.964705350003456 ] ], [ [ 15.435036191150532, 67.96561590239466 ], [ 15.435340744736408, 67.965654652880062 ], [ 15.43540798133821, 67.965609986067122 ], [ 15.435036191150532, 67.96561590239466 ] ], [ [ 15.434579192287647, 67.965714518926191 ], [ 15.434926306332354, 67.965883036873464 ], [ 15.434857514704378, 67.965691808454508 ], [ 15.434579192287647, 67.965714518926191 ] ], [ [ 15.454602111628873, 67.966488236656801 ], [ 15.455400771364275, 67.965922560792023 ], [ 15.454672391599548, 67.965942244459654 ], [ 15.454602111628873, 67.966488236656801 ] ], [ [ 15.456172285354826, 67.965982942293834 ], [ 15.456433171132751, 67.965936833051344 ], [ 15.456147400153064, 67.965919955200121 ], [ 15.456172285354826, 67.965982942293834 ] ], [ [ 15.45691806909792, 67.966010114518511 ], [ 15.456747472110891, 67.966056153402832 ], [ 15.45693207276681, 67.96605411622366 ], [ 15.45691806909792, 67.966010114518511 ] ], [ [ 15.442879560535042, 67.972688555581385 ], [ 15.442716465920185, 67.972743618774174 ], [ 15.442897997991123, 67.972740708754984 ], [ 15.442879560535042, 67.972688555581385 ] ], [ [ 15.432970997463237, 67.970364622600172 ], [ 15.430564108477373, 67.973163601124995 ], [ 15.43479332931266, 67.972274727425017 ], [ 15.437689553324676, 67.9727540097836 ], [ 15.440054197806731, 67.972108536597148 ], [ 15.433581905600674, 67.971631756501779 ], [ 15.432970997463237, 67.970364622600172 ] ], [ [ 15.440682741880364, 67.969425498514923 ], [ 15.440786373930525, 67.969410331608685 ], [ 15.440684041065657, 67.969405851722442 ], [ 15.440682741880364, 67.969425498514923 ] ], [ [ 15.437338459287167, 67.971227339685527 ], [ 15.437222651081283, 67.97131958512422 ], [ 15.437540205661614, 67.971321432328381 ], [ 15.437338459287167, 67.971227339685527 ] ], [ [ 15.436297521153215, 67.971215481274854 ], [ 15.436772042007195, 67.971344281430035 ], [ 15.436771680772583, 67.971274319940491 ], [ 15.436297521153215, 67.971215481274854 ] ], [ [ 15.438099096414316, 67.97128693808591 ], [ 15.438209740760687, 67.971351583124772 ], [ 15.438248680733192, 67.971300801536955 ], [ 15.438099096414316, 67.97128693808591 ] ], [ [ 15.438837153607745, 67.969912362585532 ], [ 15.439017190818831, 67.96981895804042 ], [ 15.438711246545921, 67.969785689372102 ], [ 15.438837153607745, 67.969912362585532 ] ], [ [ 15.44344300329182, 67.971240699072922 ], [ 15.443862851277178, 67.969870634690196 ], [ 15.447766209978157, 67.969285922694795 ], [ 15.440615565566878, 67.96988859679162 ], [ 15.44344300329182, 67.971240699072922 ] ], [ [ 15.441881331543009, 67.969089066727236 ], [ 15.440916325391276, 67.969271583437006 ], [ 15.441505795193789, 67.96940320137027 ], [ 15.441881331543009, 67.969089066727236 ] ], [ [ 15.44232086748319, 67.969125199634362 ], [ 15.442623493271961, 67.969097387862419 ], [ 15.442370494321599, 67.969059229771119 ], [ 15.44232086748319, 67.969125199634362 ] ], [ [ 15.438055038942782, 67.971762710317677 ], [ 15.437972351961255, 67.971812262807518 ], [ 15.438077270285733, 67.971826604020507 ], [ 15.438055038942782, 67.971762710317677 ] ], [ [ 15.403756585832276, 67.96146539541769 ], [ 15.40384552204884, 67.961512177528661 ], [ 15.403845545806226, 67.961458629387124 ], [ 15.403756585832276, 67.96146539541769 ] ], [ [ 15.401210887668281, 67.961593248017451 ], [ 15.401209605481171, 67.961560512373353 ], [ 15.401138360863564, 67.96156983495996 ], [ 15.401210887668281, 67.961593248017451 ] ], [ [ 15.401379730805292, 67.961634723998245 ], [ 15.401365810281337, 67.961672160872055 ], [ 15.401414371674212, 67.961676885976658 ], [ 15.401379730805292, 67.961634723998245 ] ], [ [ 15.379843182951182, 67.984320007493267 ], [ 15.379860673434985, 67.984351629437896 ], [ 15.37987959490034, 67.984324677344958 ], [ 15.379843182951182, 67.984320007493267 ] ], [ [ 15.422192512013016, 67.985727545239968 ], [ 15.422256690053564, 67.985681008329308 ], [ 15.422136901759314, 67.985680059634589 ], [ 15.422192512013016, 67.985727545239968 ] ], [ [ 15.393108421224083, 67.96230192956277 ], [ 15.394012300614081, 67.96208710077542 ], [ 15.392325621871629, 67.961938110215073 ], [ 15.393108421224083, 67.96230192956277 ] ], [ [ 15.434303468311775, 68.010968557653783 ], [ 15.434009457159629, 68.010923856532898 ], [ 15.433953139455751, 68.011021951706084 ], [ 15.434303468311775, 68.010968557653783 ] ], [ [ 15.432853960225367, 68.009436612079242 ], [ 15.433347618539429, 68.0097287972212 ], [ 15.433607774443892, 68.009589444705938 ], [ 15.432853960225367, 68.009436612079242 ] ], [ [ 15.43957263147469, 68.011040969435541 ], [ 15.439361335031712, 68.011092927915584 ], [ 15.439559438078424, 68.011178058625319 ], [ 15.43957263147469, 68.011040969435541 ] ], [ [ 15.421980253166186, 67.996736907382939 ], [ 15.422087479278714, 67.996754123293968 ], [ 15.422066831549495, 67.996736685647804 ], [ 15.421980253166186, 67.996736907382939 ] ], [ [ 15.42293983367342, 67.999082663377735 ], [ 15.422987637046054, 67.99897580360475 ], [ 15.422958932622668, 67.998975787583859 ], [ 15.42293983367342, 67.999082663377735 ] ], [ [ 15.425985886724622, 67.999098497223784 ], [ 15.426041971725406, 67.999013500720025 ], [ 15.425997904669021, 67.999010565007396 ], [ 15.425985886724622, 67.999098497223784 ] ], [ [ 15.403292161075017, 67.999104380190261 ], [ 15.402964200803041, 67.998952252706161 ], [ 15.402919468462152, 67.999117221240539 ], [ 15.403292161075017, 67.999104380190261 ] ], [ [ 15.401611105494261, 67.999438831637889 ], [ 15.401560997700988, 67.999114796552149 ], [ 15.40059617421541, 67.999301467614899 ], [ 15.401611105494261, 67.999438831637889 ] ], [ [ 15.402116962409602, 67.997808739407944 ], [ 15.401416270151579, 67.998258114799256 ], [ 15.403082668730823, 67.998144619453683 ], [ 15.402116962409602, 67.997808739407944 ] ], [ [ 15.403176639508958, 68.002376999965719 ], [ 15.403176288421989, 68.002301836557237 ], [ 15.403039394658011, 68.00232638897613 ], [ 15.403176639508958, 68.002376999965719 ] ], [ [ 15.438471770062355, 68.011043003938795 ], [ 15.43815407328437, 68.010961239440505 ], [ 15.438167517035932, 68.01105197507637 ], [ 15.438471770062355, 68.011043003938795 ] ], [ [ 15.435217239069118, 68.011886867132787 ], [ 15.435061662359825, 68.011886380787175 ], [ 15.435241355222564, 68.011922053602206 ], [ 15.435217239069118, 68.011886867132787 ] ], [ [ 15.433939073452885, 68.012008274757832 ], [ 15.434043605507796, 68.01197965598864 ], [ 15.433955271739499, 68.011940333025819 ], [ 15.433939073452885, 68.012008274757832 ] ], [ [ 15.41784061233056, 68.008226974317111 ], [ 15.417950929796469, 68.008160768923503 ], [ 15.41764614245573, 68.008191499467699 ], [ 15.41784061233056, 68.008226974317111 ] ], [ [ 15.43518982927227, 68.011638215275539 ], [ 15.435089289321557, 68.011713555334254 ], [ 15.43519533548946, 68.011701973880463 ], [ 15.43518982927227, 68.011638215275539 ] ], [ [ 15.432126075320825, 68.011916973200385 ], [ 15.432015981472446, 68.011955471768786 ], [ 15.432128815036693, 68.011948359256621 ], [ 15.432126075320825, 68.011916973200385 ] ], [ [ 15.43564494655628, 68.010602829966217 ], [ 15.435514947067416, 68.010574829807453 ], [ 15.435494371919997, 68.010600626625106 ], [ 15.43564494655628, 68.010602829966217 ] ], [ [ 15.436087844491402, 68.01056013025466 ], [ 15.436005568224454, 68.010575506321501 ], [ 15.436071985249576, 68.010582147481216 ], [ 15.436087844491402, 68.01056013025466 ] ], [ [ 15.417208181267004, 68.008295040000277 ], [ 15.417457596852557, 68.008272253953365 ], [ 15.417230090741558, 68.008275879541145 ], [ 15.417208181267004, 68.008295040000277 ] ], [ [ 15.397108608575445, 68.036076448330178 ], [ 15.401086450383069, 68.036948255162059 ], [ 15.401293723235337, 68.035996900478864 ], [ 15.397108608575445, 68.036076448330178 ] ], [ [ 15.403218213407648, 68.036912833152684 ], [ 15.402742634425744, 68.036968618417163 ], [ 15.402822623033593, 68.037255445415283 ], [ 15.403218213407648, 68.036912833152684 ] ], [ [ 15.406324121688543, 68.037380147182688 ], [ 15.407727090856628, 68.03881413051819 ], [ 15.410141976795023, 68.037575026837175 ], [ 15.406324121688543, 68.037380147182688 ] ], [ [ 15.461492899212811, 68.046506402050255 ], [ 15.46161538137885, 68.046578353641692 ], [ 15.461739182353691, 68.046476293454731 ], [ 15.461492899212811, 68.046506402050255 ] ], [ [ 15.417509280365168, 68.037486590657252 ], [ 15.417784388920177, 68.037568861887394 ], [ 15.417711047333164, 68.037328755807451 ], [ 15.417509280365168, 68.037486590657252 ] ], [ [ 15.511979276311811, 68.056225906733644 ], [ 15.512073134659778, 68.056219516440763 ], [ 15.511956153460995, 68.056210461147003 ], [ 15.511979276311811, 68.056225906733644 ] ], [ [ 15.51567580234115, 68.056390297338254 ], [ 15.516729550764254, 68.056168595467099 ], [ 15.515745028581879, 68.056193558839198 ], [ 15.51567580234115, 68.056390297338254 ] ], [ [ 15.432901844692424, 68.035872698612906 ], [ 15.433093503243056, 68.035872285402434 ], [ 15.432906477326091, 68.035838602470548 ], [ 15.432901844692424, 68.035872698612906 ] ], [ [ 15.434128295915013, 68.035720942147847 ], [ 15.434187264159304, 68.035888516127727 ], [ 15.434414110333405, 68.035975730231669 ], [ 15.434128295915013, 68.035720942147847 ] ], [ [ 15.405177740662804, 68.034787117937626 ], [ 15.404470521525349, 68.035691000061718 ], [ 15.405435874370614, 68.035203742669438 ], [ 15.405177740662804, 68.034787117937626 ] ], [ [ 15.525378012291144, 68.058709912722307 ], [ 15.526393833221402, 68.058885979079932 ], [ 15.526630922423037, 68.058766018122697 ], [ 15.525378012291144, 68.058709912722307 ] ], [ [ 15.542607927283644, 68.064872072481606 ], [ 15.542566440847343, 68.065005406485085 ], [ 15.543001276487169, 68.064940742401177 ], [ 15.542607927283644, 68.064872072481606 ] ], [ [ 15.537672685694579, 68.06396282247367 ], [ 15.537632375628368, 68.063818095601462 ], [ 15.537449109752453, 68.063931439108998 ], [ 15.537672685694579, 68.06396282247367 ] ], [ [ 15.534447840377668, 68.054998454070486 ], [ 15.537898854801499, 68.055875951676867 ], [ 15.537280737201227, 68.054765201648664 ], [ 15.534447840377668, 68.054998454070486 ] ], [ [ 15.553222019948965, 68.059787632818157 ], [ 15.553604878305599, 68.059510894680088 ], [ 15.55293224226155, 68.059614862815025 ], [ 15.553222019948965, 68.059787632818157 ] ], [ [ 15.538211626750716, 68.062045531966874 ], [ 15.536471043427678, 68.059992953615847 ], [ 15.533030228180722, 68.059301151355925 ], [ 15.534587710983562, 68.061116396001736 ], [ 15.538211626750716, 68.062045531966874 ] ], [ [ 15.542483657136431, 68.058202814391194 ], [ 15.542028220400809, 68.058201798315281 ], [ 15.541891001304762, 68.058373746433858 ], [ 15.542483657136431, 68.058202814391194 ] ], [ [ 15.543728987065231, 68.067198135741762 ], [ 15.543820290899745, 68.067193798915469 ], [ 15.543732058343174, 68.067185927054467 ], [ 15.543728987065231, 68.067198135741762 ] ], [ [ 15.540640607878466, 68.065414722193466 ], [ 15.539996888909609, 68.065349376751058 ], [ 15.540536320767792, 68.06550978183175 ], [ 15.540640607878466, 68.065414722193466 ] ], [ [ 15.54748416575781, 68.065522420691607 ], [ 15.547059519789107, 68.06530828925716 ], [ 15.5468830648586, 68.065464674582643 ], [ 15.54748416575781, 68.065522420691607 ] ], [ [ 15.547559072584196, 68.063946581257738 ], [ 15.547536572142468, 68.064039670083957 ], [ 15.547626889995747, 68.063974072351101 ], [ 15.547559072584196, 68.063946581257738 ] ], [ [ 15.542388916538496, 68.064759954868379 ], [ 15.542154681519314, 68.064704305370327 ], [ 15.54184098959777, 68.065024560687078 ], [ 15.542388916538496, 68.064759954868379 ] ], [ [ 15.537803236620066, 68.063656267057297 ], [ 15.537721860712935, 68.063571321346245 ], [ 15.537566332199901, 68.063649862575218 ], [ 15.537803236620066, 68.063656267057297 ] ], [ [ 15.549086992657008, 68.064557986674728 ], [ 15.549422102704657, 68.064819859684746 ], [ 15.549761332992937, 68.064468470019747 ], [ 15.549086992657008, 68.064557986674728 ] ], [ [ 15.546142585772131, 68.061663586755714 ], [ 15.546058430267859, 68.061624398971446 ], [ 15.546057957872222, 68.061675437282787 ], [ 15.546142585772131, 68.061663586755714 ] ], [ [ 15.55119263667501, 68.059761320399247 ], [ 15.551221778006198, 68.059796563205339 ], [ 15.551257333098055, 68.059758862081111 ], [ 15.55119263667501, 68.059761320399247 ] ], [ [ 15.539856141179715, 68.058979397135488 ], [ 15.539495731314986, 68.0589916970941 ], [ 15.53956921640366, 68.059088328143972 ], [ 15.539856141179715, 68.058979397135488 ] ], [ [ 15.560037701938237, 68.062224386565816 ], [ 15.559414634643419, 68.062544917550611 ], [ 15.560490753132667, 68.062262136522705 ], [ 15.560037701938237, 68.062224386565816 ] ], [ [ 15.563931607366319, 68.059415681030671 ], [ 15.563825134352943, 68.059072240789575 ], [ 15.56354083204779, 68.058969522864473 ], [ 15.563931607366319, 68.059415681030671 ] ], [ [ 15.545758660932178, 68.061626376403296 ], [ 15.545833307516718, 68.061537241479996 ], [ 15.545692703109866, 68.06160614375321 ], [ 15.545758660932178, 68.061626376403296 ] ], [ [ 15.550969491861352, 68.059928091502044 ], [ 15.551025044169062, 68.060004775290835 ], [ 15.551100921716609, 68.059938147384614 ], [ 15.550969491861352, 68.059928091502044 ] ], [ [ 15.550733566254031, 68.059860709733584 ], [ 15.550974132706747, 68.05989139052393 ], [ 15.55102153558056, 68.05985768622898 ], [ 15.550733566254031, 68.059860709733584 ] ], [ [ 15.551645903290908, 68.059760524625631 ], [ 15.55165753275044, 68.059845786295497 ], [ 15.551818882266222, 68.059752950509363 ], [ 15.551645903290908, 68.059760524625631 ] ], [ [ 15.542312470132483, 68.059491852592942 ], [ 15.54082892139022, 68.059770288574356 ], [ 15.542156659226556, 68.05990397678049 ], [ 15.542312470132483, 68.059491852592942 ] ], [ [ 15.542784322434169, 68.060118978310058 ], [ 15.542156320898316, 68.060073502374649 ], [ 15.542575898599761, 68.060363814283704 ], [ 15.542784322434169, 68.060118978310058 ] ], [ [ 15.543174539320971, 68.059802864213808 ], [ 15.543533866392199, 68.059682925207568 ], [ 15.542522068336853, 68.059848690485921 ], [ 15.543174539320971, 68.059802864213808 ] ], [ [ 15.530024031376534, 68.058759827625991 ], [ 15.529926866408839, 68.058820952895445 ], [ 15.530088070378918, 68.058812362976198 ], [ 15.530024031376534, 68.058759827625991 ] ], [ [ 15.54126844009307, 68.056347413681976 ], [ 15.54049527607439, 68.05640654392613 ], [ 15.540801052077224, 68.056510396901388 ], [ 15.54126844009307, 68.056347413681976 ] ], [ [ 15.530159578690354, 68.05824983308483 ], [ 15.530066390056035, 68.058285561888212 ], [ 15.530170050592996, 68.058277694732837 ], [ 15.530159578690354, 68.05824983308483 ] ], [ [ 15.561657462778749, 68.058367084073254 ], [ 15.562289015501428, 68.058598143911041 ], [ 15.563223724586695, 68.058062166158351 ], [ 15.561657462778749, 68.058367084073254 ] ], [ [ 15.539883504247472, 68.059657674581032 ], [ 15.539776811525583, 68.059761711279521 ], [ 15.53991589502888, 68.059719817354178 ], [ 15.539883504247472, 68.059657674581032 ] ], [ [ 15.568780339681767, 68.069655940421185 ], [ 15.568807002088194, 68.069735049915977 ], [ 15.568935623631013, 68.069706442607114 ], [ 15.568780339681767, 68.069655940421185 ] ], [ [ 15.568088414992259, 68.069716623194637 ], [ 15.567603159912601, 68.069683219990367 ], [ 15.567670987147181, 68.069758241621116 ], [ 15.568088414992259, 68.069716623194637 ] ], [ [ 15.537974450490429, 68.058803365829462 ], [ 15.537988497550035, 68.058932840318235 ], [ 15.538065939070718, 68.058798044839563 ], [ 15.537974450490429, 68.058803365829462 ] ], [ [ 15.562049562859842, 68.058721752448889 ], [ 15.562114918700964, 68.058835264192794 ], [ 15.56225076970351, 68.058682139626882 ], [ 15.562049562859842, 68.058721752448889 ] ], [ [ 15.536806529860979, 68.057297322484473 ], [ 15.53664281057412, 68.057062852459836 ], [ 15.536635388646413, 68.057311153626998 ], [ 15.536806529860979, 68.057297322484473 ] ], [ [ 15.530891398242821, 68.058568860778053 ], [ 15.530948475548499, 68.058412338220862 ], [ 15.530732434858987, 68.058580942406806 ], [ 15.530891398242821, 68.058568860778053 ] ], [ [ 15.566362689677904, 68.060439580887589 ], [ 15.56598772645885, 68.060582675240724 ], [ 15.566324046098183, 68.060692745112021 ], [ 15.566362689677904, 68.060439580887589 ] ], [ [ 15.537446177746762, 68.059187278133862 ], [ 15.538454930126784, 68.059158070385607 ], [ 15.538051061146476, 68.059013900592731 ], [ 15.537446177746762, 68.059187278133862 ] ], [ [ 15.563473221315858, 68.060484535022866 ], [ 15.563363954635898, 68.060380501946909 ], [ 15.563217622584892, 68.060379296800363 ], [ 15.563473221315858, 68.060484535022866 ] ], [ [ 15.539234735083879, 68.062019771146893 ], [ 15.539809494692346, 68.062073773997994 ], [ 15.539396773961329, 68.061912594178878 ], [ 15.539234735083879, 68.062019771146893 ] ], [ [ 15.537357599719572, 68.063483080421989 ], [ 15.537265452216179, 68.063502126505469 ], [ 15.537342226785961, 68.063544033611365 ], [ 15.537357599719572, 68.063483080421989 ] ], [ [ 15.568820089127776, 68.069798778487907 ], [ 15.568392409401506, 68.069852812034426 ], [ 15.568855506973852, 68.069892388530519 ], [ 15.568820089127776, 68.069798778487907 ] ], [ [ 15.536625819280284, 68.058127772188939 ], [ 15.538241178146533, 68.058753792126794 ], [ 15.539225289167376, 68.057710831890546 ], [ 15.536625819280284, 68.058127772188939 ] ], [ [ 15.521013066691028, 68.084156530872875 ], [ 15.520017743679826, 68.083989423846418 ], [ 15.52103281164313, 68.084435509811257 ], [ 15.521440221013089, 68.084253938216577 ], [ 15.521107734875494, 68.08422359342147 ], [ 15.521013066691028, 68.084156530872875 ] ], [ [ 15.516284659408811, 68.093119241162881 ], [ 15.515899330855929, 68.092557339432432 ], [ 15.515812451150921, 68.092731977285297 ], [ 15.516284659408811, 68.093119241162881 ] ], [ [ 15.515891134407246, 68.093006915663096 ], [ 15.515925877414031, 68.0930354199281 ], [ 15.515911623779624, 68.092999496759802 ], [ 15.515891134407246, 68.093006915663096 ] ], [ [ 15.520158069866493, 68.096123631010244 ], [ 15.520517357774354, 68.09618447971809 ], [ 15.520616659627056, 68.096082273762235 ], [ 15.520158069866493, 68.096123631010244 ] ], [ [ 15.519275579345528, 68.100669447857612 ], [ 15.519683091099006, 68.100606996139291 ], [ 15.519754088301672, 68.10058040278183 ], [ 15.519275579345528, 68.100669447857612 ] ], [ [ 15.520169625425298, 68.096497442880164 ], [ 15.520052067628246, 68.096535932911507 ], [ 15.520150532701052, 68.096534905691044 ], [ 15.520169625425298, 68.096497442880164 ] ], [ [ 15.525056825450196, 68.090042529175847 ], [ 15.523681501471421, 68.090233008008994 ], [ 15.523982594390166, 68.090505444372099 ], [ 15.525056825450196, 68.090042529175847 ] ], [ [ 15.524584255655657, 68.094457918125457 ], [ 15.524993592466275, 68.094723730630591 ], [ 15.525111289582151, 68.094396777663775 ], [ 15.524584255655657, 68.094457918125457 ] ], [ [ 15.522877266582032, 68.093952422021815 ], [ 15.523223031762633, 68.093926572560989 ], [ 15.52300587137457, 68.09386169253797 ], [ 15.522877266582032, 68.093952422021815 ] ], [ [ 15.53403495023314, 68.088713016229093 ], [ 15.53461385150892, 68.088751777207577 ], [ 15.534473252900209, 68.0885704198122 ], [ 15.53403495023314, 68.088713016229093 ] ], [ [ 15.573697964747783, 68.079587085770655 ], [ 15.574366614622384, 68.079602254093743 ], [ 15.573946438767235, 68.07939535079295 ], [ 15.573697964747783, 68.079587085770655 ] ], [ [ 15.520950396999613, 68.074352161087688 ], [ 15.521222641299971, 68.07425039558521 ], [ 15.520884991145367, 68.07428258447132 ], [ 15.520950396999613, 68.074352161087688 ] ], [ [ 15.525404629582427, 68.074441836072921 ], [ 15.526263482544421, 68.074334159755068 ], [ 15.525361574944382, 68.07428993966198 ], [ 15.525404629582427, 68.074441836072921 ] ], [ [ 15.533175586538624, 68.088830599506935 ], [ 15.533835525189479, 68.088676974971293 ], [ 15.533771239845276, 68.088565870915559 ], [ 15.533175586538624, 68.088830599506935 ] ], [ [ 15.525674906326346, 68.074022638248991 ], [ 15.526119743983221, 68.073881925928092 ], [ 15.525408958334371, 68.073893964248782 ], [ 15.525674906326346, 68.074022638248991 ] ], [ [ 15.522883031732542, 68.083528501749655 ], [ 15.523201338474381, 68.083537361027055 ], [ 15.522902782983326, 68.083478389440742 ], [ 15.522883031732542, 68.083528501749655 ] ], [ [ 15.572962626890863, 68.077204898809512 ], [ 15.573909631544181, 68.077007959920962 ], [ 15.573439680173404, 68.07683387748591 ], [ 15.572962626890863, 68.077204898809512 ] ], [ [ 15.521301575501758, 68.084195714963158 ], [ 15.521427069352146, 68.084213796335519 ], [ 15.52149983218753, 68.084172038010379 ], [ 15.521301575501758, 68.084195714963158 ] ], [ [ 15.566880381196498, 68.051902172610411 ], [ 15.547586582157606, 68.048159437484131 ], [ 15.547436629217749, 68.049176097085052 ], [ 15.555579962763554, 68.049711106741 ], [ 15.560338292437915, 68.051043422512208 ], [ 15.558955494236374, 68.052284207046156 ], [ 15.570217745971647, 68.054185908361177 ], [ 15.566880381196498, 68.051902172610411 ] ], [ [ 15.570888283656572, 68.045892818471657 ], [ 15.570729859931946, 68.042369121566352 ], [ 15.567696244242155, 68.042834431703483 ], [ 15.562197927347857, 68.040574436803496 ], [ 15.557965311930536, 68.041261967939207 ], [ 15.566560672321577, 68.04521787692174 ], [ 15.567657498464095, 68.04418466842354 ], [ 15.570888283656572, 68.045892818471657 ] ], [ [ 15.545502636999679, 68.049048224292477 ], [ 15.545790451153419, 68.049044313089951 ], [ 15.545507594470667, 68.049004346739636 ], [ 15.545502636999679, 68.049048224292477 ] ], [ [ 15.557810067276829, 68.046250298950525 ], [ 15.557589541434355, 68.046210232387196 ], [ 15.557530727087325, 68.046276088370391 ], [ 15.557810067276829, 68.046250298950525 ] ], [ [ 15.557082191349316, 68.046402548899863 ], [ 15.556905355195928, 68.0463552480103 ], [ 15.556897327401392, 68.046370254291489 ], [ 15.557082191349316, 68.046402548899863 ] ], [ [ 15.556616233577445, 68.050991880090692 ], [ 15.556494084806285, 68.051036691237911 ], [ 15.556657274067893, 68.051033539945223 ], [ 15.556616233577445, 68.050991880090692 ] ], [ [ 15.559686002352445, 68.046966897712508 ], [ 15.560787557957559, 68.046982085175927 ], [ 15.560253673336261, 68.046761631667707 ], [ 15.559686002352445, 68.046966897712508 ] ], [ [ 15.558576631533375, 68.046588550990208 ], [ 15.558485926087906, 68.04649512575638 ], [ 15.55822624435312, 68.046471517139381 ], [ 15.558576631533375, 68.046588550990208 ] ], [ [ 15.575674045801128, 68.045252093248948 ], [ 15.575260436998651, 68.045274793124847 ], [ 15.575312773164775, 68.045326365330808 ], [ 15.575674045801128, 68.045252093248948 ] ], [ [ 15.557796900003011, 68.046439691301501 ], [ 15.557643915216138, 68.046347821481447 ], [ 15.557524241610027, 68.046345086351309 ], [ 15.557796900003011, 68.046439691301501 ] ], [ [ 15.518366177785785, 68.092697262429397 ], [ 15.518404987417158, 68.093536953980944 ], [ 15.520735133555442, 68.093116856653026 ], [ 15.518366177785785, 68.092697262429397 ] ], [ [ 15.52111449811243, 68.093228497756883 ], [ 15.52144550948897, 68.093368454685006 ], [ 15.521511668014536, 68.093224554793522 ], [ 15.52111449811243, 68.093228497756883 ] ], [ [ 15.519644396879176, 68.095959220657917 ], [ 15.519674225989936, 68.095737311514554 ], [ 15.519452523606411, 68.095780344020355 ], [ 15.519644396879176, 68.095959220657917 ] ], [ [ 15.523811846375649, 68.094851526153235 ], [ 15.524277416083203, 68.094854445848171 ], [ 15.524131153383134, 68.094770685949214 ], [ 15.523811846375649, 68.094851526153235 ] ], [ [ 15.524714869221405, 68.094835657579807 ], [ 15.525034829268447, 68.094878592561017 ], [ 15.525145364962984, 68.094796170715881 ], [ 15.524714869221405, 68.094835657579807 ] ], [ [ 15.53287726912952, 68.090314041458313 ], [ 15.531928326204609, 68.090080302106841 ], [ 15.532226311208611, 68.09048449575775 ], [ 15.53287726912952, 68.090314041458313 ] ], [ [ 15.529898534632634, 68.090830391644744 ], [ 15.530036722167605, 68.090970500836292 ], [ 15.530236385449214, 68.090191038675414 ], [ 15.529898534632634, 68.090830391644744 ] ], [ [ 15.522924874669279, 68.092270491495597 ], [ 15.523426646900083, 68.092188268145449 ], [ 15.522883191059353, 68.092201020038189 ], [ 15.522924874669279, 68.092270491495597 ] ], [ [ 15.533050947551535, 68.09066948134145 ], [ 15.532860518834127, 68.090555733946488 ], [ 15.53278439742882, 68.090753577469854 ], [ 15.533050947551535, 68.09066948134145 ] ], [ [ 15.570721627348018, 68.081233975882839 ], [ 15.570513046927728, 68.081186619134229 ], [ 15.570570768955792, 68.081268670729443 ], [ 15.570721627348018, 68.081233975882839 ] ], [ [ 15.573264815906466, 68.079263531776391 ], [ 15.574135691785287, 68.07927405284309 ], [ 15.574221226462509, 68.079036151942319 ], [ 15.573264815906466, 68.079263531776391 ] ], [ [ 15.570884578387298, 68.080979754046737 ], [ 15.570744432965872, 68.081001047414901 ], [ 15.570833891343577, 68.081026839897163 ], [ 15.570884578387298, 68.080979754046737 ] ], [ [ 15.572794787480753, 68.080906142653518 ], [ 15.574049660057009, 68.080698269766884 ], [ 15.572643544713472, 68.08085742383102 ], [ 15.572794787480753, 68.080906142653518 ] ], [ [ 15.555673627503653, 68.050715294179241 ], [ 15.556030365789244, 68.050625832540149 ], [ 15.555870823926384, 68.050581163109499 ], [ 15.555673627503653, 68.050715294179241 ] ], [ [ 15.553830623360597, 68.050590082485058 ], [ 15.553844195468566, 68.050356110510833 ], [ 15.553459532493074, 68.050501003288119 ], [ 15.553830623360597, 68.050590082485058 ] ], [ [ 15.555784496698189, 68.050869377066221 ], [ 15.555767702313853, 68.050828980820725 ], [ 15.555672739110456, 68.050857823700028 ], [ 15.555784496698189, 68.050869377066221 ] ], [ [ 15.580827563801892, 68.050854663832354 ], [ 15.581612817899382, 68.051249163185361 ], [ 15.582174822132858, 68.050850995098969 ], [ 15.580827563801892, 68.050854663832354 ] ], [ [ 15.578972454535501, 68.050855259655577 ], [ 15.579185514796061, 68.050852449368747 ], [ 15.578979181911988, 68.050817563744573 ], [ 15.578972454535501, 68.050855259655577 ] ], [ [ 15.580393927709956, 68.05206932729574 ], [ 15.580016831348011, 68.05207083181439 ], [ 15.580036489598653, 68.052147183746357 ], [ 15.580393927709956, 68.05206932729574 ] ], [ [ 15.576663715913746, 68.048625245372989 ], [ 15.578907750475571, 68.047429905945435 ], [ 15.575748189966269, 68.047478448448743 ], [ 15.576663715913746, 68.048625245372989 ] ], [ [ 15.57568131248763, 68.045842267715884 ], [ 15.577784991978243, 68.045551388719531 ], [ 15.575678005954744, 68.045565118551764 ], [ 15.57568131248763, 68.045842267715884 ] ], [ [ 15.558020570318259, 68.047046803871595 ], [ 15.558794145053062, 68.047098722220795 ], [ 15.558275231468238, 68.046872202066979 ], [ 15.558020570318259, 68.047046803871595 ] ], [ [ 15.557981251785332, 68.046232229729171 ], [ 15.558085179184941, 68.046257890194468 ], [ 15.558118230499733, 68.046227012787625 ], [ 15.557981251785332, 68.046232229729171 ] ], [ [ 15.555020453939088, 68.046088113712315 ], [ 15.555304564229999, 68.045941581964428 ], [ 15.554926423223902, 68.046045196469606 ], [ 15.555020453939088, 68.046088113712315 ] ], [ [ 15.5612042711212, 68.044518428128754 ], [ 15.560207417078953, 68.044526568174547 ], [ 15.560511223249176, 68.044700264363712 ], [ 15.5612042711212, 68.044518428128754 ] ], [ [ 15.560044155534399, 68.04740384716699 ], [ 15.560349138982529, 68.047476273115649 ], [ 15.560210391677249, 68.047389021492819 ], [ 15.560044155534399, 68.04740384716699 ] ], [ [ 15.555715918318654, 68.046162822631018 ], [ 15.556909809895389, 68.046112336747441 ], [ 15.556370132138451, 68.046037197557951 ], [ 15.555715918318654, 68.046162822631018 ] ], [ [ 15.574461747343701, 68.070897495546859 ], [ 15.575497421010441, 68.070321901643027 ], [ 15.573741626418126, 68.070654859320101 ], [ 15.574461747343701, 68.070897495546859 ] ], [ [ 15.554762058647682, 68.050232657247491 ], [ 15.554595673914676, 68.050292236033044 ], [ 15.554717373611709, 68.050298644059168 ], [ 15.554762058647682, 68.050232657247491 ] ], [ [ 15.573242815608479, 68.049277947075296 ], [ 15.569163114246017, 68.048993464554769 ], [ 15.571956956147023, 68.04980219477639 ], [ 15.573242815608479, 68.049277947075296 ] ], [ [ 15.57965292855522, 68.060139722308705 ], [ 15.579438880561806, 68.060106568351756 ], [ 15.579376379571112, 68.060148675602733 ], [ 15.57965292855522, 68.060139722308705 ] ], [ [ 15.560118628680321, 68.047776639430978 ], [ 15.562664997814789, 68.047882252745396 ], [ 15.562465031046067, 68.047565052086725 ], [ 15.560118628680321, 68.047776639430978 ] ], [ [ 15.586094495286412, 68.053616449667473 ], [ 15.585728152689427, 68.053626988285799 ], [ 15.58601996274313, 68.053665150070714 ], [ 15.586094495286412, 68.053616449667473 ] ], [ [ 15.576069605831297, 68.071097569781202 ], [ 15.576228528636902, 68.071129395775728 ], [ 15.576221561502097, 68.071080984369445 ], [ 15.576069605831297, 68.071097569781202 ] ], [ [ 15.560140919543334, 68.04368132065099 ], [ 15.559791126818956, 68.043221111784504 ], [ 15.559467653722727, 68.043640011839642 ], [ 15.560140919543334, 68.04368132065099 ] ], [ [ 15.574861058314571, 68.047286630648415 ], [ 15.57188627011201, 68.047933714413261 ], [ 15.573038191239419, 68.048450494705691 ], [ 15.574861058314571, 68.047286630648415 ] ], [ [ 15.521293709519105, 68.083953832316581 ], [ 15.521393660554248, 68.083957194582084 ], [ 15.521408114128562, 68.083948717661187 ], [ 15.521293709519105, 68.083953832316581 ] ], [ [ 15.571044442913356, 68.060587244682551 ], [ 15.57057371012875, 68.060347679548912 ], [ 15.570538623408886, 68.06075268759318 ], [ 15.571044442913356, 68.060587244682551 ] ], [ [ 15.55821995946077, 68.046568589263174 ], [ 15.558149142663234, 68.046603899780536 ], [ 15.558244668705136, 68.046609137909698 ], [ 15.55821995946077, 68.046568589263174 ] ], [ [ 15.500766119754868, 68.050978323087421 ], [ 15.498372578432569, 68.049201080264993 ], [ 15.496368332366414, 68.049171060852458 ], [ 15.49643180937511, 68.049749134566639 ], [ 15.500766119754868, 68.050978323087421 ] ], [ [ 15.635309438831804, 68.045728224706707 ], [ 15.634621019571471, 68.045875643279928 ], [ 15.635325478230039, 68.046006581616126 ], [ 15.635309438831804, 68.045728224706707 ] ], [ [ 15.631773691021694, 68.047514739259029 ], [ 15.632378480297572, 68.04762876020024 ], [ 15.632431257884027, 68.047525137755684 ], [ 15.631773691021694, 68.047514739259029 ] ], [ [ 15.670387765574743, 68.047050210150303 ], [ 15.670317148583395, 68.047119653424232 ], [ 15.670488701871102, 68.047092226976034 ], [ 15.670387765574743, 68.047050210150303 ] ], [ [ 15.631328663985615, 68.045473958900274 ], [ 15.631260644178679, 68.045668950525879 ], [ 15.631654612937277, 68.045560704403101 ], [ 15.631328663985615, 68.045473958900274 ] ], [ [ 15.629356848240674, 68.044412214605671 ], [ 15.629646104349451, 68.0447805720612 ], [ 15.630001850491752, 68.044668439293105 ], [ 15.629356848240674, 68.044412214605671 ] ], [ [ 15.633008495874638, 68.046090289853154 ], [ 15.633153622714161, 68.046068116369057 ], [ 15.63309482311986, 68.04604789104161 ], [ 15.633008495874638, 68.046090289853154 ] ], [ [ 15.471233708699861, 68.019019720491897 ], [ 15.47111708049809, 68.019206171311126 ], [ 15.471006492628295, 68.019371885190608 ], [ 15.471170809454877, 68.019305220738332 ], [ 15.471233708699861, 68.019019720491897 ] ], [ [ 15.472373205733685, 68.018862722871347 ], [ 15.471493633251418, 68.019074857701597 ], [ 15.472342602850818, 68.019204997877225 ], [ 15.472373205733685, 68.018862722871347 ] ], [ [ 15.471450794510575, 68.018605425608527 ], [ 15.471616056339794, 68.018796990584732 ], [ 15.471860326112843, 68.018718436378165 ], [ 15.471450794510575, 68.018605425608527 ] ], [ [ 15.470373901839286, 68.018638369214713 ], [ 15.469893932179669, 68.018817154665044 ], [ 15.470420360002549, 68.018780403634651 ], [ 15.470373901839286, 68.018638369214713 ] ], [ [ 15.472719852755429, 67.969896319974069 ], [ 15.473363249793845, 67.970155575607237 ], [ 15.473554011177384, 67.969845128024744 ], [ 15.472719852755429, 67.969896319974069 ] ], [ [ 15.558440275064264, 68.04109298907025 ], [ 15.558330527116318, 68.04104366885656 ], [ 15.558331760172088, 68.041104657879998 ], [ 15.558440275064264, 68.04109298907025 ] ], [ [ 15.557764540992851, 68.041552095108599 ], [ 15.557865533209243, 68.041586107300944 ], [ 15.557838015596916, 68.041518300539238 ], [ 15.557764540992851, 68.041552095108599 ] ], [ [ 15.557748810911445, 68.041406661574953 ], [ 15.557846333895238, 68.041336638296926 ], [ 15.557713848737595, 68.041348118624114 ], [ 15.557748810911445, 68.041406661574953 ] ], [ [ 15.536016795869381, 68.067538079670555 ], [ 15.536018392813142, 68.067513856745464 ], [ 15.535940406922656, 68.067492582874422 ], [ 15.536016795869381, 68.067538079670555 ] ], [ [ 15.534811523379981, 68.067602619891716 ], [ 15.534916489101311, 68.067607930864028 ], [ 15.534848187014971, 68.067590392328171 ], [ 15.534811523379981, 68.067602619891716 ] ], [ [ 15.535750334814162, 68.067707122771324 ], [ 15.536096768302659, 68.067892924049801 ], [ 15.535544910845248, 68.067528846612348 ], [ 15.535750334814162, 68.067707122771324 ] ], [ [ 15.537242051509599, 68.068270857369313 ], [ 15.537446190745873, 68.068279701113354 ], [ 15.537283765131745, 68.068228206119116 ], [ 15.537242051509599, 68.068270857369313 ] ], [ [ 15.537136079181858, 68.068408077049114 ], [ 15.537220152576786, 68.0684536380097 ], [ 15.537208864210529, 68.06840156171792 ], [ 15.537136079181858, 68.068408077049114 ] ], [ [ 15.539656555927811, 68.068504089203373 ], [ 15.540166326255276, 68.068562698561053 ], [ 15.540126823330436, 68.068422723529707 ], [ 15.539656555927811, 68.068504089203373 ] ], [ [ 15.536800800242949, 68.069136237216227 ], [ 15.536435207900395, 68.068953011053708 ], [ 15.536594252039158, 68.069147940711559 ], [ 15.536800800242949, 68.069136237216227 ] ], [ [ 15.543285137916779, 68.069175765404196 ], [ 15.542827891664098, 68.069362130580558 ], [ 15.543468464331154, 68.069196958443854 ], [ 15.543285137916779, 68.069175765404196 ] ], [ [ 15.541085264222646, 68.069260033060658 ], [ 15.541200623761112, 68.069217049907209 ], [ 15.541086813925546, 68.069234016324586 ], [ 15.541085264222646, 68.069260033060658 ] ], [ [ 15.543353330363447, 68.069677566326547 ], [ 15.543352170849452, 68.069709860484281 ], [ 15.543434428283058, 68.069697929541604 ], [ 15.543353330363447, 68.069677566326547 ] ], [ [ 15.543712279592706, 68.06970831702084 ], [ 15.543827053422879, 68.069711885872096 ], [ 15.543843352448548, 68.06968061822036 ], [ 15.543712279592706, 68.06970831702084 ] ], [ [ 15.532566721882461, 68.069800948359159 ], [ 15.532655651345387, 68.069797163563422 ], [ 15.532621214416736, 68.069770904168237 ], [ 15.532566721882461, 68.069800948359159 ] ], [ [ 15.54338528172323, 68.069801599679934 ], [ 15.543442212958313, 68.069814597653547 ], [ 15.543444537434029, 68.069770639261222 ], [ 15.54338528172323, 68.069801599679934 ] ], [ [ 15.543668888883975, 68.069872961179058 ], [ 15.543588686474154, 68.069849904268864 ], [ 15.543577574428264, 68.069877297925956 ], [ 15.543668888883975, 68.069872961179058 ] ], [ [ 15.544287605867334, 68.070001699978278 ], [ 15.544071119934312, 68.069968597843683 ], [ 15.54401778795687, 68.070098203927472 ], [ 15.544287605867334, 68.070001699978278 ] ], [ [ 15.544354120331432, 68.070299000509891 ], [ 15.544484204622357, 68.070290319893374 ], [ 15.544394045798002, 68.070272498513475 ], [ 15.544354120331432, 68.070299000509891 ] ], [ [ 15.533201901533175, 68.071268736325422 ], [ 15.533451904803659, 68.071350628403565 ], [ 15.533237357302042, 68.071245480521654 ], [ 15.533201901533175, 68.071268736325422 ] ], [ [ 15.533584658633814, 68.071540084648817 ], [ 15.53456139493683, 68.071493335616779 ], [ 15.5337913340576, 68.071366843369645 ], [ 15.533584658633814, 68.071540084648817 ] ], [ [ 15.53378102508074, 68.071792749859981 ], [ 15.533857622496738, 68.07183645307866 ], [ 15.533881607733793, 68.071794487886436 ], [ 15.53378102508074, 68.071792749859981 ] ], [ [ 15.533714133948614, 68.071950919319619 ], [ 15.533814877592622, 68.072073745489703 ], [ 15.533884988490234, 68.071940680264689 ], [ 15.533714133948614, 68.071950919319619 ] ], [ [ 15.5354159882784, 68.072832948271838 ], [ 15.535273592742023, 68.072890993984245 ], [ 15.535441717660989, 68.072886951154658 ], [ 15.5354159882784, 68.072832948271838 ] ], [ [ 15.533599873239774, 68.073080820853491 ], [ 15.533833310586251, 68.073109576597432 ], [ 15.533755629773152, 68.073039954931488 ], [ 15.533599873239774, 68.073080820853491 ] ], [ [ 15.534963467540489, 68.073964305293316 ], [ 15.535133490786277, 68.074010755089105 ], [ 15.535166721369844, 68.073974231191656 ], [ 15.534963467540489, 68.073964305293316 ] ], [ [ 15.533652018498563, 68.074111609727069 ], [ 15.534024484691876, 68.07414332459831 ], [ 15.534100039974509, 68.074079396776568 ], [ 15.533652018498563, 68.074111609727069 ] ], [ [ 15.534031745924967, 68.07438458136194 ], [ 15.533747812885769, 68.074237950028603 ], [ 15.533632195468794, 68.074406412330745 ], [ 15.534031745924967, 68.07438458136194 ] ], [ [ 15.484331343196892, 68.025290943662725 ], [ 15.482708405897903, 68.023751686372336 ], [ 15.475932790400982, 68.02461827838016 ], [ 15.479211346109752, 68.027706231399563 ], [ 15.484331343196892, 68.025290943662725 ] ], [ [ 15.506961047761326, 68.027228089014145 ], [ 15.507873433322203, 68.027627656561762 ], [ 15.507952107241909, 68.027153014860232 ], [ 15.506961047761326, 68.027228089014145 ] ], [ [ 15.512013469765595, 68.028430819090246 ], [ 15.509718217140415, 68.028091522775895 ], [ 15.509593383694753, 68.028295786314814 ], [ 15.512013469765595, 68.028430819090246 ] ], [ [ 15.482877918087642, 68.028168861457829 ], [ 15.482158157915888, 68.028430813768821 ], [ 15.482617749225504, 68.028510105908026 ], [ 15.482877918087642, 68.028168861457829 ] ], [ [ 15.470631526266024, 68.02829511407873 ], [ 15.469828498795534, 68.02827318533474 ], [ 15.470315322576944, 68.028492627555067 ], [ 15.470631526266024, 68.02829511407873 ] ], [ [ 15.508770576074664, 68.028160374250689 ], [ 15.50774245486819, 68.028294676604091 ], [ 15.509251376248889, 68.02832877402065 ], [ 15.508770576074664, 68.028160374250689 ] ], [ [ 15.503087377617085, 68.028458281151302 ], [ 15.50305381311064, 68.027850876303191 ], [ 15.502147357936339, 68.028162549031194 ], [ 15.503087377617085, 68.028458281151302 ] ], [ [ 15.483603630805298, 68.028009141095026 ], [ 15.484424883320372, 68.028249267535543 ], [ 15.484391685112305, 68.02788762404262 ], [ 15.483603630805298, 68.028009141095026 ] ], [ [ 15.522889823619071, 68.028497073409298 ], [ 15.523139060255312, 68.02833411353069 ], [ 15.522673752065943, 68.028272891172406 ], [ 15.522889823619071, 68.028497073409298 ] ], [ [ 15.521029506758108, 68.029228596849649 ], [ 15.513189207646823, 68.029272815280279 ], [ 15.510257326571852, 68.030132581463974 ], [ 15.50721025217439, 68.028894672261643 ], [ 15.501993286916223, 68.029373637027831 ], [ 15.503840052166725, 68.032160225666289 ], [ 15.507011339491259, 68.032037046298186 ], [ 15.506363048012281, 68.034506468356668 ], [ 15.50119744329027, 68.034042727991348 ], [ 15.498935138247585, 68.035549110621929 ], [ 15.487554003752594, 68.034579261281948 ], [ 15.48699604958739, 68.036786962375814 ], [ 15.492947980120785, 68.037672341899679 ], [ 15.49678962217677, 68.036650225170291 ], [ 15.500879591347147, 68.036556418370935 ], [ 15.503414778470553, 68.037175943470828 ], [ 15.502501317867431, 68.035318176987346 ], [ 15.507040411627727, 68.034434425900088 ], [ 15.509097366322246, 68.031310906512232 ], [ 15.513399374417249, 68.029407332543272 ], [ 15.521029506758108, 68.029228596849649 ] ], [ [ 15.52104426627927, 68.028894882568522 ], [ 15.52143602732707, 68.028753091753472 ], [ 15.5212788327821, 68.028579668730899 ], [ 15.52104426627927, 68.028894882568522 ] ], [ [ 15.479163750451756, 68.029039330091351 ], [ 15.476864440334239, 68.029632778148212 ], [ 15.479980950373054, 68.029696483357768 ], [ 15.479163750451756, 68.029039330091351 ] ], [ [ 15.482014500840215, 68.029525246230975 ], [ 15.481551239687091, 68.02943161185415 ], [ 15.481634703054016, 68.029632554580672 ], [ 15.482014500840215, 68.029525246230975 ] ], [ [ 15.484051640683568, 68.029149199193313 ], [ 15.482162389774562, 68.029737212358285 ], [ 15.484101977987844, 68.029620399980928 ], [ 15.484051640683568, 68.029149199193313 ] ], [ [ 15.481189413141138, 68.029631432179031 ], [ 15.48117595641668, 68.02953720176113 ], [ 15.481054699249707, 68.029603391660075 ], [ 15.481189413141138, 68.029631432179031 ] ], [ [ 15.465833590251597, 68.029607247542529 ], [ 15.465881416916019, 68.029995940602305 ], [ 15.466116183668538, 68.029878763597708 ], [ 15.465833590251597, 68.029607247542529 ] ], [ [ 15.47515603839941, 68.02996365955569 ], [ 15.475951396145756, 68.030075369494284 ], [ 15.476257320708518, 68.030008112236374 ], [ 15.47515603839941, 68.02996365955569 ] ], [ [ 15.475449916311804, 68.031070099488488 ], [ 15.476895334690816, 68.030225215116246 ], [ 15.475020990870386, 68.030525719448349 ], [ 15.475449916311804, 68.031070099488488 ] ], [ [ 15.515050129756453, 68.031849529779407 ], [ 15.515421489679445, 68.031766567777524 ], [ 15.514992827877592, 68.031685834936013 ], [ 15.515050129756453, 68.031849529779407 ] ], [ [ 15.517871540845476, 68.031906175852427 ], [ 15.517691189186564, 68.030890401564989 ], [ 15.515586966598617, 68.030431740027865 ], [ 15.515110720137283, 68.031192679707402 ], [ 15.517871540845476, 68.031906175852427 ] ], [ [ 15.509303429267943, 68.032793384937037 ], [ 15.509053897325161, 68.03291685836048 ], [ 15.509405785782674, 68.03292698426371 ], [ 15.509303429267943, 68.032793384937037 ] ], [ [ 15.504214461613261, 68.033347097471903 ], [ 15.504188086270956, 68.033389962770769 ], [ 15.504287187650586, 68.033375488047341 ], [ 15.504214461613261, 68.033347097471903 ] ], [ [ 15.480130729837979, 68.033682101230085 ], [ 15.48036813038062, 68.033716481069803 ], [ 15.480254911772095, 68.033651781651898 ], [ 15.480130729837979, 68.033682101230085 ] ], [ [ 15.498937832777534, 68.034541196137326 ], [ 15.498826925934265, 68.034519645792216 ], [ 15.498910977195681, 68.034595632707394 ], [ 15.498937832777534, 68.034541196137326 ] ], [ [ 15.485397863407799, 68.036359968185593 ], [ 15.485196763144106, 68.036241713485978 ], [ 15.48520584893469, 68.036366452760532 ], [ 15.485397863407799, 68.036359968185593 ] ], [ [ 15.48534319914919, 68.036038482061016 ], [ 15.486795311664951, 68.036344998595766 ], [ 15.485470824250136, 68.035909394057995 ], [ 15.48534319914919, 68.036038482061016 ] ], [ [ 15.506103861182533, 68.03787998923373 ], [ 15.505738845531736, 68.037853661474756 ], [ 15.506079314978075, 68.037886074099092 ], [ 15.506103861182533, 68.03787998923373 ] ], [ [ 15.504110639572163, 68.038673973828452 ], [ 15.504108478951006, 68.038596842440811 ], [ 15.503957167083859, 68.038602506900077 ], [ 15.504110639572163, 68.038673973828452 ] ], [ [ 15.50484175730306, 68.038950960515564 ], [ 15.50573794347488, 68.038667021714531 ], [ 15.504643886919546, 68.038656916501381 ], [ 15.50484175730306, 68.038950960515564 ] ], [ [ 15.510945775172482, 68.040318507296249 ], [ 15.511052432867935, 68.040297816212799 ], [ 15.510953868173097, 68.04029435418289 ], [ 15.510945775172482, 68.040318507296249 ] ], [ [ 15.510506913817082, 68.040607159659373 ], [ 15.510602944967509, 68.04060435112109 ], [ 15.510540014702773, 68.040576022669185 ], [ 15.510506913817082, 68.040607159659373 ] ], [ [ 15.511969812770806, 68.040907233737457 ], [ 15.512216017989067, 68.043205003588298 ], [ 15.515696699695459, 68.044347827716862 ], [ 15.515671953545445, 68.045086546515122 ], [ 15.516784778490392, 68.046404817538445 ], [ 15.520634703759965, 68.048648470013944 ], [ 15.521169728323091, 68.048636736005278 ], [ 15.511969812770806, 68.040907233737457 ] ], [ [ 15.504030961979851, 68.041570478991346 ], [ 15.503497692639865, 68.041710685866818 ], [ 15.504485736914178, 68.041655197060038 ], [ 15.504030961979851, 68.041570478991346 ] ], [ [ 15.494029212648902, 68.041986049980963 ], [ 15.494319132900248, 68.04190508413096 ], [ 15.493995705478518, 68.041864702970415 ], [ 15.494029212648902, 68.041986049980963 ] ], [ [ 15.505745143802969, 68.042469364058874 ], [ 15.505487253670168, 68.042457327629847 ], [ 15.505714502712902, 68.042503811246533 ], [ 15.505745143802969, 68.042469364058874 ] ], [ [ 15.475755053034572, 68.042808960355785 ], [ 15.475629285067322, 68.042788154792859 ], [ 15.475676930376414, 68.042832506218673 ], [ 15.475755053034572, 68.042808960355785 ] ], [ [ 15.504668035270647, 68.04289261428778 ], [ 15.504467996790328, 68.042950989557255 ], [ 15.504639335268504, 68.042972172065731 ], [ 15.504668035270647, 68.04289261428778 ] ], [ [ 15.506347622342945, 68.042851951014995 ], [ 15.506518576524357, 68.042833666817046 ], [ 15.506448045317294, 68.042775670986686 ], [ 15.506347622342945, 68.042851951014995 ] ], [ [ 15.504810116124757, 68.042759251382336 ], [ 15.505402409131884, 68.042632403596471 ], [ 15.50488714777098, 68.042555407443459 ], [ 15.504810116124757, 68.042759251382336 ] ], [ [ 15.504999179313558, 68.043043365914457 ], [ 15.504734014448802, 68.043071623737305 ], [ 15.504980164605012, 68.043083517885947 ], [ 15.504999179313558, 68.043043365914457 ] ], [ [ 15.506752225253226, 68.042778235500791 ], [ 15.507192779110154, 68.043185444510669 ], [ 15.507307041389282, 68.042877079643901 ], [ 15.506752225253226, 68.042778235500791 ] ], [ [ 15.505330708948255, 68.04318963093975 ], [ 15.505415050690251, 68.043221663012304 ], [ 15.505477424694313, 68.043180660649597 ], [ 15.505330708948255, 68.04318963093975 ] ], [ [ 15.507114072063375, 68.043257442593713 ], [ 15.507163511693282, 68.043315233865499 ], [ 15.507252734493136, 68.043263743670579 ], [ 15.507114072063375, 68.043257442593713 ] ], [ [ 15.476680731792202, 68.042559448911277 ], [ 15.480532406802761, 68.043088334312955 ], [ 15.479192081933935, 68.042283091885395 ], [ 15.476680731792202, 68.042559448911277 ] ], [ [ 15.490270452723699, 68.043483237395392 ], [ 15.490417002886947, 68.043432213979003 ], [ 15.490236635931783, 68.043369066219071 ], [ 15.490270452723699, 68.043483237395392 ] ], [ [ 15.49046854691159, 68.043297428408025 ], [ 15.491774554094592, 68.043572225369203 ], [ 15.491682242818474, 68.043277313596604 ], [ 15.49046854691159, 68.043297428408025 ] ], [ [ 15.509207931166223, 68.042982627887696 ], [ 15.508762336488527, 68.043382428617477 ], [ 15.510932307289279, 68.043721591162296 ], [ 15.509207931166223, 68.042982627887696 ] ], [ [ 15.519593182903995, 68.044545226609742 ], [ 15.519493584303598, 68.044571282679826 ], [ 15.519615954905365, 68.044566681829508 ], [ 15.519593182903995, 68.044545226609742 ] ], [ [ 15.514200799829464, 68.045000543448523 ], [ 15.514055094138845, 68.04495830227043 ], [ 15.514025566028305, 68.045010058753306 ], [ 15.514200799829464, 68.045000543448523 ] ], [ [ 15.474243534129407, 68.045191931570798 ], [ 15.474355361588822, 68.04516353573031 ], [ 15.474263179431102, 68.045144785267311 ], [ 15.474243534129407, 68.045191931570798 ] ], [ [ 15.472379799830284, 68.045533093383654 ], [ 15.472600579313818, 68.045604934972275 ], [ 15.47252847604811, 68.045454543554214 ], [ 15.472379799830284, 68.045533093383654 ] ], [ [ 15.473963147671517, 68.04566148278397 ], [ 15.475219098210538, 68.04569644075616 ], [ 15.47496838761791, 68.045054856560597 ], [ 15.473963147671517, 68.04566148278397 ] ], [ [ 15.470588342916123, 68.045906946021276 ], [ 15.470930575762766, 68.045951983554204 ], [ 15.470837640969034, 68.045825689097683 ], [ 15.470588342916123, 68.045906946021276 ] ], [ [ 15.471119399295729, 68.046314081396659 ], [ 15.472121715875696, 68.046146089440768 ], [ 15.471885033904691, 68.045706363998875 ], [ 15.471119399295729, 68.046314081396659 ] ], [ [ 15.47042292117453, 68.046376252908573 ], [ 15.470925014500217, 68.046396706901348 ], [ 15.470523102722344, 68.046305108399125 ], [ 15.47042292117453, 68.046376252908573 ] ], [ [ 15.52528230955909, 68.046526622320258 ], [ 15.524256088702034, 68.045603420191512 ], [ 15.522724297565388, 68.045573476058138 ], [ 15.522826292590121, 68.045992479255901 ], [ 15.52528230955909, 68.046526622320258 ] ], [ [ 15.495217360473138, 68.046997436764471 ], [ 15.495396915004315, 68.047076637030244 ], [ 15.495317378279058, 68.046966819735658 ], [ 15.495217360473138, 68.046997436764471 ] ], [ [ 15.492982861030328, 68.047131402130717 ], [ 15.493847557624575, 68.045789489693163 ], [ 15.488161617278678, 68.04593305160158 ], [ 15.489988789129312, 68.046827638944094 ], [ 15.492982861030328, 68.047131402130717 ] ], [ [ 15.475459299887472, 68.047329722398828 ], [ 15.475877817122866, 68.047178187732669 ], [ 15.475756705807786, 68.047128576711842 ], [ 15.475459299887472, 68.047329722398828 ] ], [ [ 15.474412309919591, 68.047483063248549 ], [ 15.474658274785785, 68.047379386419166 ], [ 15.474360381473801, 68.047393876296724 ], [ 15.474412309919591, 68.047483063248549 ] ], [ [ 15.493638917191845, 68.04745664952749 ], [ 15.49346236273152, 68.047562748539434 ], [ 15.493633543131232, 68.047586633847217 ], [ 15.493638917191845, 68.04745664952749 ] ], [ [ 15.493203146146183, 68.047569532740965 ], [ 15.492886774090293, 68.047571374568307 ], [ 15.49294129039847, 68.047621171979159 ], [ 15.493203146146183, 68.047569532740965 ] ], [ [ 15.475617168453452, 68.047651272565147 ], [ 15.475547200058717, 68.047734083188899 ], [ 15.475677156743053, 68.047689220085772 ], [ 15.475617168453452, 68.047651272565147 ] ], [ [ 15.493369035710092, 68.047761074327909 ], [ 15.49323282154112, 68.047713315069188 ], [ 15.493294184299755, 68.047769370568972 ], [ 15.493369035710092, 68.047761074327909 ] ], [ [ 15.493673404638217, 68.047758280830735 ], [ 15.493963110748352, 68.047686286001252 ], [ 15.493778678267066, 68.047603152186525 ], [ 15.493673404638217, 68.047758280830735 ] ], [ [ 15.523616296686455, 68.047632029742275 ], [ 15.523506784947404, 68.047940480858827 ], [ 15.523802997295368, 68.047672966449056 ], [ 15.523616296686455, 68.047632029742275 ] ], [ [ 15.485283071610024, 68.048153419079114 ], [ 15.484157991978677, 68.048605735775752 ], [ 15.485197383341454, 68.048616317976283 ], [ 15.485283071610024, 68.048153419079114 ] ], [ [ 15.487785319676881, 68.048387234759758 ], [ 15.48765899392299, 68.048376037295881 ], [ 15.487743501718704, 68.048404848850183 ], [ 15.487785319676881, 68.048387234759758 ] ], [ [ 15.481945031921361, 68.048185083133305 ], [ 15.482123187926545, 68.048762109142032 ], [ 15.483441641498526, 68.04816644579887 ], [ 15.481945031921361, 68.048185083133305 ] ], [ [ 15.484616001142598, 68.048795890858671 ], [ 15.484448506893498, 68.048753418516739 ], [ 15.48451455499656, 68.048850902583169 ], [ 15.484616001142598, 68.048795890858671 ] ], [ [ 15.476671039864922, 68.048168732882885 ], [ 15.480088243805991, 68.04903999447626 ], [ 15.481045752212166, 68.048547831388078 ], [ 15.476671039864922, 68.048168732882885 ] ], [ [ 15.485735031262868, 68.049549987180924 ], [ 15.485913189129471, 68.049654585509913 ], [ 15.486472029205796, 68.049451305343453 ], [ 15.485735031262868, 68.049549987180924 ] ], [ [ 15.529368108255897, 68.050438824495558 ], [ 15.528679529011779, 68.050488748834255 ], [ 15.528951064232304, 68.050558290055505 ], [ 15.529368108255897, 68.050438824495558 ] ], [ [ 15.528470157481941, 68.050380349463751 ], [ 15.528262107160396, 68.050413574723464 ], [ 15.528497886250115, 68.050439728791318 ], [ 15.528470157481941, 68.050380349463751 ] ], [ [ 15.529641748158863, 68.05057921725404 ], [ 15.529382739714105, 68.050512417556831 ], [ 15.529271460049115, 68.050573408455747 ], [ 15.529641748158863, 68.05057921725404 ] ], [ [ 15.490694010581345, 68.050419806042981 ], [ 15.491350989655114, 68.050097730411451 ], [ 15.490853455550514, 68.05008216828918 ], [ 15.490694010581345, 68.050419806042981 ] ], [ [ 15.503626518152139, 68.050914460188139 ], [ 15.503735407159942, 68.050817615972548 ], [ 15.503569367298574, 68.050866199101435 ], [ 15.503626518152139, 68.050914460188139 ] ], [ [ 15.528137792397692, 68.051058254829044 ], [ 15.528785480805599, 68.050603488798913 ], [ 15.527690316951569, 68.050601700674491 ], [ 15.528137792397692, 68.051058254829044 ] ], [ [ 15.506559775242325, 68.051681529786379 ], [ 15.503993536667711, 68.051067257214513 ], [ 15.50476382894084, 68.051572220141537 ], [ 15.506559775242325, 68.051681529786379 ] ], [ [ 15.506092899629605, 68.051152145222559 ], [ 15.505889676764255, 68.050903863796691 ], [ 15.506075737017179, 68.051200453856168 ], [ 15.506092899629605, 68.051152145222559 ] ], [ [ 15.50201169485935, 68.051502576069183 ], [ 15.501775245097257, 68.051566081440527 ], [ 15.502005061697584, 68.051572468776868 ], [ 15.50201169485935, 68.051502576069183 ] ], [ [ 15.52369301641966, 68.051928106885015 ], [ 15.524513366437878, 68.051914021887256 ], [ 15.523747747702096, 68.051814737700838 ], [ 15.52369301641966, 68.051928106885015 ] ], [ [ 15.51892427838426, 68.052148744991911 ], [ 15.51867650178448, 68.052122435538678 ], [ 15.518654765479903, 68.052168786610764 ], [ 15.51892427838426, 68.052148744991911 ] ], [ [ 15.50276541750562, 68.05196355826584 ], [ 15.503832679835027, 68.052112428042108 ], [ 15.503511992118936, 68.051742965182086 ], [ 15.50276541750562, 68.05196355826584 ] ], [ [ 15.518403006117419, 68.052210747404871 ], [ 15.518508961236252, 68.052242077157544 ], [ 15.518458996319795, 68.052195054311738 ], [ 15.518403006117419, 68.052210747404871 ] ], [ [ 15.519082399910708, 68.052271668748844 ], [ 15.519553612109421, 68.052169189729284 ], [ 15.519526101620132, 68.052107924678566 ], [ 15.519082399910708, 68.052271668748844 ] ], [ [ 15.475943978042201, 68.052533412815947 ], [ 15.476086013625043, 68.052561526321725 ], [ 15.476023830292258, 68.052522419234379 ], [ 15.475943978042201, 68.052533412815947 ] ], [ [ 15.490169423289133, 68.052633065039046 ], [ 15.489596472852023, 68.052670373854696 ], [ 15.490379332265812, 68.05276303775139 ], [ 15.490169423289133, 68.052633065039046 ] ], [ [ 15.531120562256028, 68.052712178769156 ], [ 15.531297160548077, 68.052686764977807 ], [ 15.531086994721425, 68.052670398962718 ], [ 15.531120562256028, 68.052712178769156 ] ], [ [ 15.478453747798691, 68.052927006022813 ], [ 15.478248902668092, 68.052980609166653 ], [ 15.478464879363532, 68.052978279267393 ], [ 15.478453747798691, 68.052927006022813 ] ], [ [ 15.479439937102288, 68.053183812299608 ], [ 15.479286272209364, 68.053150264027096 ], [ 15.479238453865518, 68.05322610534607 ], [ 15.479439937102288, 68.053183812299608 ] ], [ [ 15.4780336180314, 68.053120708185062 ], [ 15.477981098417876, 68.053166514941367 ], [ 15.478086524112193, 68.053128358467831 ], [ 15.4780336180314, 68.053120708185062 ] ], [ [ 15.507174409620493, 68.053108936191492 ], [ 15.507076524400739, 68.053062415926135 ], [ 15.507055048608905, 68.053099884777652 ], [ 15.507174409620493, 68.053108936191492 ] ], [ [ 15.478860461726992, 68.052977132512268 ], [ 15.479123099094087, 68.053074407193279 ], [ 15.479012137498703, 68.052926373708573 ], [ 15.478860461726992, 68.052977132512268 ] ], [ [ 15.48988305549128, 68.053521985482305 ], [ 15.489409045956767, 68.053431902164519 ], [ 15.489691854383176, 68.053550896257207 ], [ 15.48988305549128, 68.053521985482305 ] ], [ [ 15.488973111822428, 68.053464048760546 ], [ 15.489194875294148, 68.053485725965857 ], [ 15.48919043235796, 68.053400439157656 ], [ 15.488973111822428, 68.053464048760546 ] ], [ [ 15.517567297008201, 68.055018769256691 ], [ 15.517659597217399, 68.055082253286983 ], [ 15.517768876038231, 68.055058051730029 ], [ 15.517567297008201, 68.055018769256691 ] ], [ [ 15.516393583525415, 68.055084333597264 ], [ 15.516521958729456, 68.055184928979244 ], [ 15.51655594477276, 68.055042655650141 ], [ 15.516393583525415, 68.055084333597264 ] ], [ [ 15.517734158807546, 68.055359985237189 ], [ 15.517474393696626, 68.05529236196287 ], [ 15.517587043699134, 68.055375784311622 ], [ 15.517734158807546, 68.055359985237189 ] ], [ [ 15.516836871427818, 68.055370509832542 ], [ 15.516889868716671, 68.055327828388073 ], [ 15.516778329468647, 68.05534755166677 ], [ 15.516836871427818, 68.055370509832542 ] ], [ [ 15.519758556543565, 68.054896090001094 ], [ 15.521826553484434, 68.054667571894967 ], [ 15.521723098895043, 68.05382377592629 ], [ 15.519758556543565, 68.054896090001094 ] ], [ [ 15.526801046784058, 68.055520207611977 ], [ 15.526842511352081, 68.055466796271361 ], [ 15.526727392504773, 68.055507974906817 ], [ 15.526801046784058, 68.055520207611977 ] ], [ [ 15.520845997202423, 68.055844061880123 ], [ 15.520632742156444, 68.055840518682118 ], [ 15.520660486793403, 68.055858639356074 ], [ 15.520845997202423, 68.055844061880123 ] ], [ [ 15.50677877825022, 68.05587392876653 ], [ 15.507037380685968, 68.055878785743516 ], [ 15.506862863910992, 68.055749981051264 ], [ 15.50677877825022, 68.05587392876653 ] ], [ [ 15.53144462893423, 68.055846350548251 ], [ 15.53085565501901, 68.056115806393095 ], [ 15.531367953371522, 68.0561721019819 ], [ 15.53144462893423, 68.055846350548251 ] ], [ [ 15.52751163506808, 68.056070462764112 ], [ 15.527398453271653, 68.055671321036357 ], [ 15.526914407499602, 68.055748927936548 ], [ 15.52751163506808, 68.056070462764112 ] ], [ [ 15.514741331924018, 68.056100626850892 ], [ 15.514870792045203, 68.056099326312292 ], [ 15.514807814285323, 68.056070999565236 ], [ 15.514741331924018, 68.056100626850892 ] ], [ [ 15.505385321905912, 68.056081089667387 ], [ 15.506309316616573, 68.055985693871264 ], [ 15.505376271685618, 68.055875625757054 ], [ 15.505385321905912, 68.056081089667387 ] ], [ [ 15.507177620139014, 68.056139188659472 ], [ 15.507190207300422, 68.056210098883369 ], [ 15.507286537685465, 68.05616334089305 ], [ 15.507177620139014, 68.056139188659472 ] ], [ [ 15.511972246392629, 68.05617919731796 ], [ 15.512017200162701, 68.056151790594626 ], [ 15.51195635471487, 68.056165433521684 ], [ 15.511972246392629, 68.05617919731796 ] ], [ [ 15.5151889615271, 68.056312705659963 ], [ 15.515377374946882, 68.056245205089255 ], [ 15.515173649594683, 68.056206733638902 ], [ 15.5151889615271, 68.056312705659963 ] ], [ [ 15.515124506425826, 68.056422514328972 ], [ 15.515141813932656, 68.056381379914697 ], [ 15.515072259481718, 68.056380789614764 ], [ 15.515124506425826, 68.056422514328972 ] ], [ [ 15.50662837916523, 68.056254428687083 ], [ 15.507760873726863, 68.056448010713382 ], [ 15.507814201374709, 68.056354025579452 ], [ 15.50662837916523, 68.056254428687083 ] ], [ [ 15.514661867901619, 68.056548633202524 ], [ 15.514740037049433, 68.056483808990123 ], [ 15.514635586109812, 68.056466823349396 ], [ 15.514661867901619, 68.056548633202524 ] ], [ [ 15.526693660432827, 68.056647482831522 ], [ 15.527443122145655, 68.057029345790298 ], [ 15.52769136427141, 68.056558818063536 ], [ 15.526693660432827, 68.056647482831522 ] ], [ [ 15.510493674405248, 68.057015159524738 ], [ 15.510818539970613, 68.057077121000049 ], [ 15.510930914447046, 68.056921062493615 ], [ 15.510493674405248, 68.057015159524738 ] ], [ [ 15.501913278158392, 68.057248207855423 ], [ 15.502094461993044, 68.057298334831074 ], [ 15.502179158882099, 68.057234214381751 ], [ 15.501913278158392, 68.057248207855423 ] ], [ [ 15.501765788883006, 68.05739136096291 ], [ 15.501469760440756, 68.057408584641948 ], [ 15.501717024315656, 68.057442725024828 ], [ 15.501765788883006, 68.05739136096291 ] ], [ [ 15.500559982670715, 68.036966309122988 ], [ 15.500926694299483, 68.036928062509645 ], [ 15.500679615536933, 68.036814809585209 ], [ 15.500559982670715, 68.036966309122988 ] ], [ [ 15.501318806443606, 68.030954326989459 ], [ 15.50117516391291, 68.030913682904028 ], [ 15.501258550947023, 68.030959263923592 ], [ 15.501318806443606, 68.030954326989459 ] ], [ [ 15.471639704970114, 68.015833302033982 ], [ 15.471754792614306, 68.015830730435539 ], [ 15.471665937983854, 68.015793222908457 ], [ 15.471639704970114, 68.015833302033982 ] ], [ [ 15.401097396498425, 67.961963338200562 ], [ 15.398719080282671, 67.961926512111276 ], [ 15.400887399564553, 67.962857932097975 ], [ 15.401097396498425, 67.961963338200562 ] ], [ [ 15.395881465313707, 67.962362374564677 ], [ 15.394643601698945, 67.962345793949424 ], [ 15.395772817145184, 67.962615486664333 ], [ 15.395881465313707, 67.962362374564677 ] ], [ [ 15.394038551869729, 67.962944254892236 ], [ 15.394007568320548, 67.962990253006083 ], [ 15.394067700693773, 67.962987149097643 ], [ 15.394038551869729, 67.962944254892236 ] ], [ [ 15.397526431291011, 67.964339956111189 ], [ 15.397581322491504, 67.96437928941441 ], [ 15.397589780717025, 67.964371106719355 ], [ 15.397526431291011, 67.964339956111189 ] ], [ [ 15.399020358677056, 67.964601659553566 ], [ 15.398778494490829, 67.96459282773192 ], [ 15.399042974440555, 67.964625104869441 ], [ 15.399020358677056, 67.964601659553566 ] ], [ [ 15.401796621065779, 67.966004017594017 ], [ 15.401616604141982, 67.966050291180636 ], [ 15.401925570184803, 67.966098510616149 ], [ 15.401796621065779, 67.966004017594017 ] ], [ [ 15.402303421996193, 67.96638631643944 ], [ 15.402104391720163, 67.966410661695249 ], [ 15.402294269578451, 67.966464642731708 ], [ 15.402303421996193, 67.96638631643944 ] ], [ [ 15.428461894940977, 67.967648244651031 ], [ 15.428210426663309, 67.967639122206336 ], [ 15.428304209340743, 67.967698615361329 ], [ 15.428461894940977, 67.967648244651031 ] ], [ [ 15.42706802192086, 67.967958804530838 ], [ 15.426998085806856, 67.967909922574762 ], [ 15.426946851336067, 67.967929698760813 ], [ 15.42706802192086, 67.967958804530838 ] ], [ [ 15.394409897407419, 67.96838212126012 ], [ 15.394291180909898, 67.968382674743452 ], [ 15.394418978613453, 67.968410443163421 ], [ 15.394409897407419, 67.96838212126012 ] ], [ [ 15.425731519715145, 67.968507883567582 ], [ 15.425426737499153, 67.968457814242811 ], [ 15.42538514542718, 67.968495504092047 ], [ 15.425731519715145, 67.968507883567582 ] ], [ [ 15.426714822621593, 67.968666161413736 ], [ 15.426491983358503, 67.968369578080143 ], [ 15.426337711070785, 67.968671264515649 ], [ 15.426714822621593, 67.968666161413736 ] ], [ [ 15.422902371459999, 67.969438141293452 ], [ 15.423417491861978, 67.96844631131178 ], [ 15.421104637253833, 67.969001628118974 ], [ 15.422902371459999, 67.969438141293452 ] ], [ [ 15.390521933666575, 67.968829910118359 ], [ 15.391041473821764, 67.968572059099046 ], [ 15.390602526479116, 67.968551215622909 ], [ 15.390521933666575, 67.968829910118359 ] ], [ [ 15.396546294984375, 67.968846273665008 ], [ 15.402409625096528, 67.968971072576522 ], [ 15.402139166151118, 67.966528974423881 ], [ 15.39656643434909, 67.964125299270648 ], [ 15.394679725229601, 67.962714623676263 ], [ 15.391145376541141, 67.966374371569927 ], [ 15.396546294984375, 67.968846273665008 ] ], [ [ 15.40612907959604, 67.969539575483495 ], [ 15.405934562031737, 67.969563734790071 ], [ 15.406147398260014, 67.969548858591281 ], [ 15.40612907959604, 67.969539575483495 ] ], [ [ 15.393804434180264, 67.969669709152058 ], [ 15.393705607315361, 67.96967425089916 ], [ 15.393718082788768, 67.969677360391628 ], [ 15.393804434180264, 67.969669709152058 ] ], [ [ 15.385185008547566, 67.969930216317266 ], [ 15.384471514283176, 67.970022924665585 ], [ 15.385156245178436, 67.970068413982816 ], [ 15.385185008547566, 67.969930216317266 ] ], [ [ 15.386046370947128, 67.969923355119818 ], [ 15.385859544647035, 67.969908634663199 ], [ 15.386005550160233, 67.969939595949825 ], [ 15.386046370947128, 67.969923355119818 ] ], [ [ 15.38654706182291, 67.970035375383489 ], [ 15.386525890581462, 67.970098211630955 ], [ 15.386663296964413, 67.970157805249642 ], [ 15.38654706182291, 67.970035375383489 ] ], [ [ 15.386135525619293, 67.970083969252528 ], [ 15.386015950387693, 67.970105238321011 ], [ 15.386147812059658, 67.970104480600085 ], [ 15.386135525619293, 67.970083969252528 ] ], [ [ 15.404882530424667, 67.970115619001987 ], [ 15.406357813066077, 67.970009641798597 ], [ 15.405549906765994, 67.969794392273855 ], [ 15.404882530424667, 67.970115619001987 ] ], [ [ 15.396391060892887, 67.970513183118527 ], [ 15.396171673605066, 67.970481062191979 ], [ 15.396333180589181, 67.970551353206048 ], [ 15.396391060892887, 67.970513183118527 ] ], [ [ 15.38393648539966, 67.970881568120134 ], [ 15.383751299537835, 67.970908639315439 ], [ 15.383847993833887, 67.970933618194138 ], [ 15.38393648539966, 67.970881568120134 ] ], [ [ 15.382215792412644, 67.971255115448443 ], [ 15.381887301813361, 67.971052897959623 ], [ 15.381788454902242, 67.971056715022243 ], [ 15.382215792412644, 67.971255115448443 ] ], [ [ 15.406763264906893, 67.97118373736528 ], [ 15.406670139501935, 67.971159390945417 ], [ 15.406713329385724, 67.971210858991256 ], [ 15.406763264906893, 67.97118373736528 ] ], [ [ 15.401705430817259, 67.9712653113437 ], [ 15.401347101438894, 67.97124017369417 ], [ 15.401776488829196, 67.971312496988034 ], [ 15.401705430817259, 67.9712653113437 ] ], [ [ 15.380792401826721, 67.971302543843052 ], [ 15.380466719929371, 67.971241766055485 ], [ 15.380666758466395, 67.971449754809697 ], [ 15.380792401826721, 67.971302543843052 ] ], [ [ 15.406342411084744, 67.971272050082334 ], [ 15.406335720689775, 67.971231075891396 ], [ 15.406209749488269, 67.97120017283298 ], [ 15.406342411084744, 67.971272050082334 ] ], [ [ 15.406758254527753, 67.97123864320622 ], [ 15.40664367159656, 67.971285029600878 ], [ 15.406861306382467, 67.971311310757415 ], [ 15.406758254527753, 67.97123864320622 ] ], [ [ 15.424222683804443, 67.97237468847068 ], [ 15.42294677325431, 67.971468012127147 ], [ 15.420302245988118, 67.971879669388045 ], [ 15.424222683804443, 67.97237468847068 ] ], [ [ 15.423946927688847, 67.971941273393298 ], [ 15.424488009930636, 67.971793406693664 ], [ 15.423752044477297, 67.971736193419616 ], [ 15.423946927688847, 67.971941273393298 ] ], [ [ 15.420447258175626, 67.972116274102333 ], [ 15.420314641930123, 67.972115536380628 ], [ 15.420408957282545, 67.972138616344949 ], [ 15.420447258175626, 67.972116274102333 ] ], [ [ 15.424203312788551, 67.972046991647304 ], [ 15.424769395126201, 67.972090110676461 ], [ 15.42424898507622, 67.971983728446745 ], [ 15.424203312788551, 67.972046991647304 ] ], [ [ 15.424942553115981, 67.972165007911229 ], [ 15.424805488230687, 67.9721562127082 ], [ 15.424849014081946, 67.972197629334488 ], [ 15.424942553115981, 67.972165007911229 ] ], [ [ 15.41984907782884, 67.972200230623812 ], [ 15.420106797757056, 67.972195805993067 ], [ 15.41999514314837, 67.972059574626456 ], [ 15.41984907782884, 67.972200230623812 ] ], [ [ 15.379712099579237, 67.972431069845001 ], [ 15.379482391887692, 67.972468822883229 ], [ 15.379585839945735, 67.972526796447625 ], [ 15.379712099579237, 67.972431069845001 ] ], [ [ 15.410045496203509, 67.972293915020686 ], [ 15.41000144825607, 67.972329633720037 ], [ 15.410032966091171, 67.972328478884677 ], [ 15.410045496203509, 67.972293915020686 ] ], [ [ 15.417652635113258, 67.972345921267546 ], [ 15.417480448035942, 67.972350304574249 ], [ 15.417684046231829, 67.972405219852305 ], [ 15.417652635113258, 67.972345921267546 ] ], [ [ 15.410578559572654, 67.972308552258198 ], [ 15.411116431278499, 67.971947263082683 ], [ 15.410315339738192, 67.972015636030946 ], [ 15.410578559572654, 67.972308552258198 ] ], [ [ 15.416582587268529, 67.972604532879487 ], [ 15.416375824443067, 67.972546305521249 ], [ 15.416448105575144, 67.972633127108253 ], [ 15.416582587268529, 67.972604532879487 ] ], [ [ 15.41029119990834, 67.972650200140521 ], [ 15.410899013428226, 67.972567958615016 ], [ 15.410253082944067, 67.972359234161459 ], [ 15.41029119990834, 67.972650200140521 ] ], [ [ 15.417140068588715, 67.972780628283857 ], [ 15.41751361539637, 67.97271967528836 ], [ 15.417130292801799, 67.972675440505114 ], [ 15.417140068588715, 67.972780628283857 ] ], [ [ 15.41636075244015, 67.972891401302135 ], [ 15.416923441103158, 67.972825127678618 ], [ 15.416737169290792, 67.972723974542959 ], [ 15.41636075244015, 67.972891401302135 ] ], [ [ 15.378611707434425, 67.973315933400798 ], [ 15.378504478701347, 67.973333849853859 ], [ 15.37858755168306, 67.973343794384206 ], [ 15.378611707434425, 67.973315933400798 ] ], [ [ 15.378630479914742, 67.973382802669789 ], [ 15.378547347046004, 67.97341313133434 ], [ 15.378632665820207, 67.973428900851147 ], [ 15.378630479914742, 67.973382802669789 ] ], [ [ 15.416811745314122, 67.973497048587333 ], [ 15.417004743256991, 67.972895242861199 ], [ 15.415930429450489, 67.973184267643234 ], [ 15.416811745314122, 67.973497048587333 ] ], [ [ 15.378643787687684, 67.973715091878361 ], [ 15.378525951164201, 67.973756622508589 ], [ 15.378600055687027, 67.973787935052457 ], [ 15.378643787687684, 67.973715091878361 ] ], [ [ 15.418323106816848, 67.973779612485529 ], [ 15.418085351766084, 67.973620020648724 ], [ 15.418237078991412, 67.973779113475601 ], [ 15.418323106816848, 67.973779612485529 ] ], [ [ 15.401538930846311, 67.973945090804577 ], [ 15.401540317469726, 67.973541997510949 ], [ 15.400704441769484, 67.973731676146485 ], [ 15.401538930846311, 67.973945090804577 ] ], [ [ 15.412924318349219, 67.973878451363746 ], [ 15.412578025286999, 67.974009108459896 ], [ 15.4127828318698, 67.974051200350047 ], [ 15.412924318349219, 67.973878451363746 ] ], [ [ 15.425521231090025, 67.974106314134389 ], [ 15.42527317547504, 67.974104622952595 ], [ 15.425418581154714, 67.97417672113383 ], [ 15.425521231090025, 67.974106314134389 ] ], [ [ 15.410818591802547, 67.974206262880884 ], [ 15.410745990445738, 67.974181419054034 ], [ 15.410712274542044, 67.974220520572146 ], [ 15.410818591802547, 67.974206262880884 ] ], [ [ 15.413133252887011, 67.974353670672102 ], [ 15.413060021619778, 67.974307033503138 ], [ 15.412854523674415, 67.974387377653429 ], [ 15.413133252887011, 67.974353670672102 ] ], [ [ 15.410878432491536, 67.974360568691083 ], [ 15.410768946686922, 67.974425332719505 ], [ 15.410876585263621, 67.974445155871337 ], [ 15.410878432491536, 67.974360568691083 ] ], [ [ 15.386536688058525, 67.974432339803727 ], [ 15.386433569690238, 67.974395717207372 ], [ 15.386402142116147, 67.97443122049188 ], [ 15.386536688058525, 67.974432339803727 ] ], [ [ 15.411352185416366, 67.974383065304451 ], [ 15.41117965723766, 67.974382599297712 ], [ 15.411346340007599, 67.974417253779663 ], [ 15.411352185416366, 67.974383065304451 ] ], [ [ 15.411903420251853, 67.974382135680514 ], [ 15.411766338749191, 67.974413244014883 ], [ 15.411896639179188, 67.974390494298675 ], [ 15.411903420251853, 67.974382135680514 ] ], [ [ 15.412190037988033, 67.974456134507747 ], [ 15.412115078603442, 67.974473543625948 ], [ 15.412142594726546, 67.974489081717394 ], [ 15.412190037988033, 67.974456134507747 ] ], [ [ 15.411073502344989, 67.97450045476873 ], [ 15.41093434929665, 67.974509143779045 ], [ 15.410904199180884, 67.974560704067173 ], [ 15.411073502344989, 67.97450045476873 ] ], [ [ 15.412033597680269, 67.974621565247489 ], [ 15.411884163600845, 67.974616467726094 ], [ 15.411910698430244, 67.974644027467932 ], [ 15.412033597680269, 67.974621565247489 ] ], [ [ 15.420940693775197, 67.974898258036262 ], [ 15.420891526348617, 67.974861877751152 ], [ 15.420863218330224, 67.974908412262366 ], [ 15.420940693775197, 67.974898258036262 ] ], [ [ 15.380137861682698, 67.974968275482738 ], [ 15.394358295582046, 67.973245961980055 ], [ 15.397400589794962, 67.9710378875385 ], [ 15.390124749610999, 67.969105229172044 ], [ 15.38914737102688, 67.972320688898179 ], [ 15.385203126644059, 67.973050933031701 ], [ 15.384113759839616, 67.971112657457539 ], [ 15.381080358964129, 67.971742907845709 ], [ 15.380337472134553, 67.971358668190931 ], [ 15.380137861682698, 67.974968275482738 ] ], [ [ 15.420873086859755, 67.975017725574233 ], [ 15.420754674001287, 67.97505004942046 ], [ 15.420897227376527, 67.975057578262366 ], [ 15.420873086859755, 67.975017725574233 ] ], [ [ 15.42109194864867, 67.97506927894598 ], [ 15.420910182919084, 67.97508678580256 ], [ 15.421159421066349, 67.975100410025689 ], [ 15.42109194864867, 67.97506927894598 ] ], [ [ 15.380209316732262, 67.975377029775615 ], [ 15.380085050070429, 67.97536188914377 ], [ 15.380100754770378, 67.975401587752444 ], [ 15.380209316732262, 67.975377029775615 ] ], [ [ 15.414248405860826, 67.975477081950416 ], [ 15.414180679568725, 67.974989579444269 ], [ 15.413813894701363, 67.9752446082109 ], [ 15.414248405860826, 67.975477081950416 ] ], [ [ 15.3798552571361, 67.975410765003829 ], [ 15.379529532623678, 67.975409184046825 ], [ 15.380001309439029, 67.975472138124672 ], [ 15.3798552571361, 67.975410765003829 ] ], [ [ 15.384222537428963, 67.975705236075797 ], [ 15.384119086608857, 67.975720815282216 ], [ 15.384177545183444, 67.975730007175116 ], [ 15.384222537428963, 67.975705236075797 ] ], [ [ 15.401980242031087, 67.975999018833349 ], [ 15.401889244440682, 67.975946589930871 ], [ 15.401759616915353, 67.976023057412021 ], [ 15.401980242031087, 67.975999018833349 ] ], [ [ 15.40384736582438, 67.975963594944531 ], [ 15.403945881654701, 67.97606327366023 ], [ 15.404001768821514, 67.976061522035195 ], [ 15.40384736582438, 67.975963594944531 ] ], [ [ 15.401935392285278, 67.976141295063044 ], [ 15.401823183125831, 67.976161122460312 ], [ 15.401921725082996, 67.976193800061125 ], [ 15.401935392285278, 67.976141295063044 ] ], [ [ 15.41308555845816, 67.976157291831157 ], [ 15.412837256049787, 67.976169754329746 ], [ 15.413095409801132, 67.976227408759243 ], [ 15.41308555845816, 67.976157291831157 ] ], [ [ 15.402409052264705, 67.976170634515469 ], [ 15.402343444369542, 67.97619061745894 ], [ 15.402379546883058, 67.976191695275858 ], [ 15.402409052264705, 67.976170634515469 ] ], [ [ 15.402106975969907, 67.976279544773391 ], [ 15.401907885158945, 67.976291511811937 ], [ 15.401953317184571, 67.976320731213576 ], [ 15.402106975969907, 67.976279544773391 ] ], [ [ 15.401769942213003, 67.976301894299525 ], [ 15.401567054966435, 67.976246419471664 ], [ 15.401646459231614, 67.97631932731376 ], [ 15.401769942213003, 67.976301894299525 ] ], [ [ 15.387140254054701, 67.976650962655356 ], [ 15.387072845217414, 67.976578199102832 ], [ 15.386661503154654, 67.976530640543587 ], [ 15.387140254054701, 67.976650962655356 ] ], [ [ 15.386633212630274, 67.976582460978435 ], [ 15.386455572673453, 67.976577316897192 ], [ 15.386534373154303, 67.976616777119759 ], [ 15.386633212630274, 67.976582460978435 ] ], [ [ 15.387651145691175, 67.976592176521308 ], [ 15.387523588932607, 67.97659534700675 ], [ 15.387587070031486, 67.976618877073363 ], [ 15.387651145691175, 67.976592176521308 ] ], [ [ 15.387414452950066, 67.976628342485711 ], [ 15.387349049173135, 67.97658983781271 ], [ 15.387391251314799, 67.976627051647313 ], [ 15.387414452950066, 67.976628342485711 ] ], [ [ 15.411352359107187, 67.97654911398844 ], [ 15.411291035269729, 67.976567744379793 ], [ 15.411370984418339, 67.976575258450211 ], [ 15.411352359107187, 67.97654911398844 ] ], [ [ 15.411213718712949, 67.976627853858659 ], [ 15.410851602930981, 67.976583102931428 ], [ 15.410802136920079, 67.97661013489882 ], [ 15.411213718712949, 67.976627853858659 ] ], [ [ 15.41134457683529, 67.976608870417266 ], [ 15.411291274103363, 67.976621650584093 ], [ 15.411357663166353, 67.976632606947476 ], [ 15.41134457683529, 67.976608870417266 ] ], [ [ 15.387409910205562, 67.976699750384185 ], [ 15.387595024232773, 67.976694471226651 ], [ 15.387542330559613, 67.976644366057826 ], [ 15.387409910205562, 67.976699750384185 ] ], [ [ 15.402958266504873, 67.9767250422979 ], [ 15.402873005979874, 67.97675556786821 ], [ 15.402935785582699, 67.976792817116959 ], [ 15.402958266504873, 67.9767250422979 ] ], [ [ 15.401863999479382, 67.976834363980473 ], [ 15.401815500736836, 67.976821297155297 ], [ 15.401797851565215, 67.976892289044144 ], [ 15.401863999479382, 67.976834363980473 ] ], [ [ 15.401352507182441, 67.976953381143019 ], [ 15.40126385488476, 67.976939963545149 ], [ 15.401293540619569, 67.976956843575266 ], [ 15.401352507182441, 67.976953381143019 ] ], [ [ 15.411789106772536, 67.976934518870266 ], [ 15.411724454472578, 67.976940690115072 ], [ 15.411727438238632, 67.976947230402345 ], [ 15.411789106772536, 67.976934518870266 ] ], [ [ 15.411392859330359, 67.976959816710007 ], [ 15.411309475898394, 67.976947377991706 ], [ 15.411352617689293, 67.976967989808841 ], [ 15.411392859330359, 67.976959816710007 ] ], [ [ 15.388284799116633, 67.977229042808375 ], [ 15.388224985067799, 67.97709634556071 ], [ 15.388022961742584, 67.97724813718051 ], [ 15.388284799116633, 67.977229042808375 ] ], [ [ 15.39501651051779, 67.977130332982128 ], [ 15.395822517728277, 67.977043007798557 ], [ 15.395384654860212, 67.976871127700093 ], [ 15.39501651051779, 67.977130332982128 ] ], [ [ 15.388101589354395, 67.977305536064236 ], [ 15.388006401864279, 67.977315357745951 ], [ 15.388055080325055, 67.977325288875917 ], [ 15.388101589354395, 67.977305536064236 ] ], [ [ 15.395990424825056, 67.977499600365306 ], [ 15.396227133209837, 67.977590519911857 ], [ 15.396419376530449, 67.9775406352516 ], [ 15.395990424825056, 67.977499600365306 ] ], [ [ 15.3956935809653, 67.97784797191845 ], [ 15.396087249562198, 67.977669788080163 ], [ 15.395731507895274, 67.977731725701361 ], [ 15.3956935809653, 67.97784797191845 ] ], [ [ 15.390132478627619, 67.977863483393719 ], [ 15.38990355360569, 67.977907348278606 ], [ 15.390012384714334, 67.977941354042812 ], [ 15.390132478627619, 67.977863483393719 ] ], [ [ 15.398565160410209, 67.977887598375517 ], [ 15.398452277093984, 67.977896661672958 ], [ 15.398543567839708, 67.977910522876726 ], [ 15.398565160410209, 67.977887598375517 ] ], [ [ 15.413678320271341, 67.978094116741175 ], [ 15.413164209395637, 67.978332651191351 ], [ 15.413372561402685, 67.978504432732421 ], [ 15.413678320271341, 67.978094116741175 ] ], [ [ 15.397076995228035, 67.978933629367305 ], [ 15.395571724773703, 67.978255838928717 ], [ 15.393170308989673, 67.976545275732406 ], [ 15.397214292083317, 67.974948864271909 ], [ 15.395104074303047, 67.974147582820322 ], [ 15.39143515094694, 67.975723677283924 ], [ 15.384391918194853, 67.975572899435036 ], [ 15.387938335896646, 67.976117551809097 ], [ 15.388500772421075, 67.977054166338363 ], [ 15.392851646663862, 67.976326731950181 ], [ 15.390367492287618, 67.978252471804026 ], [ 15.397076995228035, 67.978933629367305 ] ], [ [ 15.405861360556678, 67.978340855913075 ], [ 15.405699699781133, 67.978348519574496 ], [ 15.405837019580364, 67.978383879862335 ], [ 15.405861360556678, 67.978340855913075 ] ], [ [ 15.399945140686917, 67.978475073934732 ], [ 15.399798359826601, 67.978444934035167 ], [ 15.399817000977649, 67.978528125796203 ], [ 15.399945140686917, 67.978475073934732 ] ], [ [ 15.400584570778605, 67.978538189850369 ], [ 15.400479399034275, 67.978551092660609 ], [ 15.400542858349372, 67.978572285745258 ], [ 15.400584570778605, 67.978538189850369 ] ], [ [ 15.386121634101544, 67.978724949342237 ], [ 15.386513143018536, 67.978670034525493 ], [ 15.386680276349276, 67.978674754771376 ], [ 15.38610146778576, 67.978618977187537 ], [ 15.386121634101544, 67.978724949342237 ] ], [ [ 15.400294898852323, 67.978689581958548 ], [ 15.400547754440096, 67.978662058599724 ], [ 15.400364689478895, 67.978606803139556 ], [ 15.400294898852323, 67.978689581958548 ] ], [ [ 15.400510753801901, 67.978719912217343 ], [ 15.400442466981275, 67.978723666087632 ], [ 15.400502075637524, 67.978729441000539 ], [ 15.400510753801901, 67.978719912217343 ] ], [ [ 15.388700231026853, 67.978803285988604 ], [ 15.388523159853468, 67.978790339299593 ], [ 15.388651370254092, 67.978825466275509 ], [ 15.388700231026853, 67.978803285988604 ] ], [ [ 15.400028688337001, 67.978871233487169 ], [ 15.399920458897244, 67.978914819074461 ], [ 15.400106023180447, 67.978920916063174 ], [ 15.400028688337001, 67.978871233487169 ] ], [ [ 15.417787307055388, 67.979121785751971 ], [ 15.417705370698719, 67.979137241788223 ], [ 15.417789012376291, 67.979136850219362 ], [ 15.417787307055388, 67.979121785751971 ] ], [ [ 15.384311036867741, 67.979518410521493 ], [ 15.384265164336554, 67.979533765705312 ], [ 15.384306643444136, 67.979541741456885 ], [ 15.384311036867741, 67.979518410521493 ] ], [ [ 15.416565043505774, 67.979465723817654 ], [ 15.416440490041625, 67.979463796454567 ], [ 15.416448101252827, 67.979514993158659 ], [ 15.416565043505774, 67.979465723817654 ] ], [ [ 15.415881986821834, 67.979519294039036 ], [ 15.415805765853094, 67.979533748043011 ], [ 15.41586916885443, 67.979537534530735 ], [ 15.415881986821834, 67.979519294039036 ] ], [ [ 15.416292207367183, 67.979777656030365 ], [ 15.416004807236771, 67.979837670800421 ], [ 15.416301800393214, 67.979846069203816 ], [ 15.416292207367183, 67.979777656030365 ] ], [ [ 15.4159843669272, 67.97988400514572 ], [ 15.415948832269452, 67.979914950042911 ], [ 15.415993396061275, 67.979921026446604 ], [ 15.4159843669272, 67.97988400514572 ] ], [ [ 15.384709200141957, 67.979460165791437 ], [ 15.388822742131094, 67.979681738396351 ], [ 15.388673535474778, 67.978893133667199 ], [ 15.384709200141957, 67.979460165791437 ] ], [ [ 15.415113135193939, 67.980201033600537 ], [ 15.414888762342761, 67.980190745900714 ], [ 15.415032743063023, 67.98024967161237 ], [ 15.415113135193939, 67.980201033600537 ] ], [ [ 15.413332944552446, 67.979540242258608 ], [ 15.414755236524238, 67.979460066611821 ], [ 15.414345283996983, 67.979375977873516 ], [ 15.413332944552446, 67.979540242258608 ] ], [ [ 15.414553554855441, 67.980331155720577 ], [ 15.414513657930643, 67.980358882255985 ], [ 15.414555203396196, 67.980369899880543 ], [ 15.414553554855441, 67.980331155720577 ] ], [ [ 15.415266591993097, 67.980442106107617 ], [ 15.415054746269259, 67.980477531574493 ], [ 15.415369736488925, 67.980489474122692 ], [ 15.415266591993097, 67.980442106107617 ] ], [ [ 15.414795167288439, 67.98043665672192 ], [ 15.414734896224866, 67.980447751325954 ], [ 15.414785655452294, 67.980452736113293 ], [ 15.414795167288439, 67.98043665672192 ] ], [ [ 15.415649725341272, 67.980708879640147 ], [ 15.415311795353738, 67.980603981587322 ], [ 15.415629584126895, 67.980771986174517 ], [ 15.415649725341272, 67.980708879640147 ] ], [ [ 15.416237391570826, 67.979906148391592 ], [ 15.419719203955328, 67.980856960228763 ], [ 15.42038641321126, 67.979729583561863 ], [ 15.416237391570826, 67.979906148391592 ] ], [ [ 15.382724319918591, 67.981271066845807 ], [ 15.382609862977159, 67.981273036994892 ], [ 15.382639417876888, 67.981282475989872 ], [ 15.382724319918591, 67.981271066845807 ] ], [ [ 15.419279213312342, 67.98149348172268 ], [ 15.419163364221006, 67.98151090839599 ], [ 15.419303351724706, 67.981559435926442 ], [ 15.419279213312342, 67.98149348172268 ] ], [ [ 15.414262747368157, 67.981619461410645 ], [ 15.413460221445849, 67.981625604080151 ], [ 15.414555778134599, 67.9817927326541 ], [ 15.414262747368157, 67.981619461410645 ] ], [ [ 15.412468112568442, 67.981696798245906 ], [ 15.412195282991178, 67.981623662221537 ], [ 15.412449678590132, 67.981708594474085 ], [ 15.412468112568442, 67.981696798245906 ] ], [ [ 15.41289383325973, 67.981751701256272 ], [ 15.412832916818214, 67.981793920982184 ], [ 15.412914138635255, 67.98180474986701 ], [ 15.41289383325973, 67.981751701256272 ] ], [ [ 15.377097224802007, 67.981923751194159 ], [ 15.377010941614261, 67.981909328470678 ], [ 15.377012048067776, 67.981947984419236 ], [ 15.377097224802007, 67.981923751194159 ] ], [ [ 15.376208693142051, 67.982007315857174 ], [ 15.37638773986713, 67.981919992461869 ], [ 15.376068256828836, 67.98195516510728 ], [ 15.376208693142051, 67.982007315857174 ] ], [ [ 15.376654825971354, 67.982146668603036 ], [ 15.376526354081221, 67.982139607386401 ], [ 15.376641337432732, 67.982155041071138 ], [ 15.376654825971354, 67.982146668603036 ] ], [ [ 15.420847509509725, 67.982881012847628 ], [ 15.420757677382092, 67.982896669937148 ], [ 15.42078242543035, 67.982903692631297 ], [ 15.420847509509725, 67.982881012847628 ] ], [ [ 15.423682133076444, 67.982993667815265 ], [ 15.423542663137203, 67.982948281978295 ], [ 15.423638514383851, 67.983000507156376 ], [ 15.423682133076444, 67.982993667815265 ] ], [ [ 15.422642180605109, 67.983471006723306 ], [ 15.421745502151445, 67.982838173589329 ], [ 15.421395196737532, 67.983239379866248 ], [ 15.422642180605109, 67.983471006723306 ] ], [ [ 15.410329669885529, 67.984187770596421 ], [ 15.410248336760139, 67.984184564784698 ], [ 15.410261478059166, 67.984197717229804 ], [ 15.410329669885529, 67.984187770596421 ] ], [ [ 15.420834625021355, 67.98442344403243 ], [ 15.420679865660233, 67.984444648650936 ], [ 15.420837330294312, 67.984480303857026 ], [ 15.420834625021355, 67.98442344403243 ] ], [ [ 15.421786324194414, 67.984977478532784 ], [ 15.420625159214469, 67.984578434163112 ], [ 15.419452244386033, 67.984505543191034 ], [ 15.421786324194414, 67.984977478532784 ] ], [ [ 15.421354479028823, 67.985247759001481 ], [ 15.421265042850834, 67.98525937904914 ], [ 15.421369826475166, 67.985276691278457 ], [ 15.421354479028823, 67.985247759001481 ] ], [ [ 15.422248209416498, 67.985517246693917 ], [ 15.421605974679387, 67.985510998633515 ], [ 15.421914593186987, 67.985641791212103 ], [ 15.422248209416498, 67.985517246693917 ] ], [ [ 15.422990935438394, 67.985567453940348 ], [ 15.422714848531148, 67.985582244842206 ], [ 15.423012577233809, 67.985613681072465 ], [ 15.422990935438394, 67.985567453940348 ] ], [ [ 15.42208792234066, 67.985707900957976 ], [ 15.421994148987071, 67.985691457925412 ], [ 15.422054223325617, 67.985721531278301 ], [ 15.42208792234066, 67.985707900957976 ] ], [ [ 15.634135252291587, 68.033226227676948 ], [ 15.633643827884285, 68.033249373793225 ], [ 15.633979962014836, 68.033320378243602 ], [ 15.634135252291587, 68.033226227676948 ] ], [ [ 15.888774246479855, 68.022965603804607 ], [ 15.888965441210237, 68.022918377478746 ], [ 15.888830685159936, 68.022882595541901 ], [ 15.888774246479855, 68.022965603804607 ] ], [ [ 15.828440001515974, 68.030726924052033 ], [ 15.828378895269084, 68.030686148438647 ], [ 15.828348380489908, 68.03073707166925 ], [ 15.828440001515974, 68.030726924052033 ] ], [ [ 15.828288490535696, 68.030790474568448 ], [ 15.82837106909651, 68.030768621732264 ], [ 15.828237721411561, 68.030750723400516 ], [ 15.828288490535696, 68.030790474568448 ] ], [ [ 15.779073087266955, 68.031309545170728 ], [ 15.779192264124532, 68.031320284414775 ], [ 15.77914115864694, 68.031289400258729 ], [ 15.779073087266955, 68.031309545170728 ] ], [ [ 15.778752589594086, 68.031302895703632 ], [ 15.778709446859239, 68.03135198523033 ], [ 15.778785391228352, 68.031316644195869 ], [ 15.778752589594086, 68.031302895703632 ] ] ] } },
{ "type": "Feature", "properties": { "naturvernId": "VV00003235", "navn": "Rødberget", "offisieltNavn": "Rødberget marine verneområde", "faktaark": "https://faktaark.naturbase.no/?id=VV00003235", "verneform": "MarintVerneomraade", "kommune": "Indre Fosen (5054)", "forvaltningsmyndighet": "Statsforvalteren i Trøndelag", "iucn": "IkkeVurdert", "majorEcosystemType": "Marin", "is_mpa": true, "area_m2": 14137587.875250001 }, "geometry": { "type": "Polygon", "coordinates": [ [ [ 9.950850690041614, 63.49551295725216 ], [ 9.950687108921128, 63.480303973565228 ], [ 9.986727907683477, 63.464964391843935 ], [ 10.00069139452428, 63.462813367917192 ], [ 10.048825011300952, 63.466814003490093 ], [ 10.049343143239071, 63.490438444927968 ], [ 10.032348364299239, 63.493860973478007 ], [ 10.018937812417086, 63.494436622652209 ], [ 10.001920919948285, 63.490356539003081 ], [ 9.999055967137942, 63.488432410515529 ], [ 10.000774766356672, 63.486313627752921 ], [ 9.993967919152507, 63.485461810045379 ], [ 9.986379073485162, 63.487447256554127 ], [ 9.986663681539872, 63.491080685048338 ], [ 9.989637479278297, 63.491774006707701 ], [ 9.985293228369041, 63.495825717026563 ], [ 9.987668648556225, 63.495745154403387 ], [ 9.98835786502325, 63.496465209685724 ], [ 9.965683076724499, 63.497503875738019 ], [ 9.950850690041614, 63.49551295725216 ] ] ] } },
{ "type": "Feature", "properties": { "naturvernId": "VV00003630", "navn": "Rystraumen", "offisieltNavn": "Rystraumen marine verneområde (Rávnnji mearrasuodjalanguovlu)", "faktaark": "https://faktaark.naturbase.no/?id=VV00003630", "verneform": "MarintVerneomraade", "kommune": "Tromsø (5501)", "forvaltningsmyndighet": "Statsforvalteren i Troms og Finnmark", "iucn": "IkkeVurdert", "majorEcosystemType": "Marin", "is_mpa": true, "area_m2": 17514499.1514 }, "geometry": { "type": "Polygon", "coordinates": [ [ [ 18.649773926530226, 69.571339597600314 ], [ 18.635943852041336, 69.534582844594482 ], [ 18.640838386438922, 69.533897288257407 ], [ 18.659848945077723, 69.534724742168223 ], [ 18.664071326396023, 69.53643838926476 ], [ 18.671599902731202, 69.535210918379335 ], [ 18.681772054938151, 69.537386120673958 ], [ 18.684255397985485, 69.539095125325474 ], [ 18.692214984207407, 69.538449024056405 ], [ 18.703286347326518, 69.540641112251976 ], [ 18.72428762286021, 69.541327753633524 ], [ 18.729455873804547, 69.542436011548872 ], [ 18.737977480290379, 69.543100409169895 ], [ 18.742343027257238, 69.544027703914338 ], [ 18.764655598746682, 69.543144404102136 ], [ 18.768854011902725, 69.545202847319885 ], [ 18.774583312912714, 69.542947187445023 ], [ 18.789527813659276, 69.546472248890993 ], [ 18.793616782326918, 69.545647239804069 ], [ 18.798105599851258, 69.552774975067805 ], [ 18.810016777512448, 69.553252815082359 ], [ 18.813347151171275, 69.554811117359094 ], [ 18.813244348830377, 69.560194454711848 ], [ 18.827741631764269, 69.562983290550477 ], [ 18.803407676089755, 69.591115993797729 ], [ 18.795930635800136, 69.581144481470858 ], [ 18.780041591774079, 69.571661487382784 ], [ 18.773022127304728, 69.570883307669192 ], [ 18.764716627441821, 69.564622177768911 ], [ 18.733836208725105, 69.557965382740377 ], [ 18.72322847218183, 69.557259466212372 ], [ 18.714379866997596, 69.560838886580456 ], [ 18.705462626732654, 69.561351951703315 ], [ 18.696449371268177, 69.559692630778628 ], [ 18.695517439052601, 69.558966139539308 ], [ 18.695094426440079, 69.559529892630508 ], [ 18.682195609041127, 69.558948619297126 ], [ 18.681130375346694, 69.559278691310155 ], [ 18.681510499730521, 69.559918170902932 ], [ 18.68040284901074, 69.560488403087319 ], [ 18.649773926530226, 69.571339597600314 ] ], [ [ 18.695980554899297, 69.55896945553738 ], [ 18.696047143089043, 69.559052745080052 ], [ 18.696177803657779, 69.558977766977307 ], [ 18.695980554899297, 69.55896945553738 ] ], [ [ 18.691983341657597, 69.559072929199459 ], [ 18.692021596342371, 69.559097988217388 ], [ 18.692047739039566, 69.559087196503526 ], [ 18.691983341657597, 69.559072929199459 ] ], [ [ 18.691894597124996, 69.558966933679585 ], [ 18.691808446206835, 69.559025968154145 ], [ 18.691854965314366, 69.559027499964202 ], [ 18.691894597124996, 69.558966933679585 ] ], [ [ 18.698678974509384, 69.547883656891841 ], [ 18.698832618860372, 69.547820224139201 ], [ 18.698745981568948, 69.547796012036258 ], [ 18.698678974509384, 69.547883656891841 ] ], [ [ 18.69890549413401, 69.547988886028975 ], [ 18.698808300206586, 69.548063877275069 ], [ 18.698933346545804, 69.548088892480635 ], [ 18.69890549413401, 69.547988886028975 ] ], [ [ 18.680696221619961, 69.560267291058082 ], [ 18.680617150603283, 69.560258807606701 ], [ 18.680635260835896, 69.560274413456298 ], [ 18.680696221619961, 69.560267291058082 ] ], [ [ 18.692899924037274, 69.558913889395555 ], [ 18.693019427169308, 69.558891693076177 ], [ 18.692860996402704, 69.55883890612553 ], [ 18.692899924037274, 69.558913889395555 ] ], [ [ 18.689213126089065, 69.55890583069521 ], [ 18.689300306955829, 69.558935964603293 ], [ 18.689307478979099, 69.558929885189016 ], [ 18.689213126089065, 69.55890583069521 ] ], [ [ 18.690768540238146, 69.558876120136077 ], [ 18.690964339904717, 69.558806236907984 ], [ 18.690597812955655, 69.558801226453582 ], [ 18.690768540238146, 69.558876120136077 ] ], [ [ 18.699888957503315, 69.559461110168371 ], [ 18.699963930934935, 69.559399972793457 ], [ 18.69986108286788, 69.559405564104054 ], [ 18.699888957503315, 69.559461110168371 ] ], [ [ 18.699794264319674, 69.559638261227022 ], [ 18.700016962222421, 69.559616928386987 ], [ 18.699852564286349, 69.559603973415733 ], [ 18.699794264319674, 69.559638261227022 ] ], [ [ 18.695922374556623, 69.559038588814929 ], [ 18.695990844758356, 69.559065971787021 ], [ 18.695952307200201, 69.559036338822608 ], [ 18.695922374556623, 69.559038588814929 ] ], [ [ 18.69661671332344, 69.559063866747834 ], [ 18.696738880138337, 69.559011073337501 ], [ 18.696691548911819, 69.558994470579435 ], [ 18.69661671332344, 69.559063866747834 ] ], [ [ 18.696992111041702, 69.559582885247252 ], [ 18.697035734278693, 69.559604775867371 ], [ 18.697038161639796, 69.559565384195793 ], [ 18.696992111041702, 69.559582885247252 ] ], [ [ 18.699187037725657, 69.54785870319499 ], [ 18.699474569146577, 69.547770517766622 ], [ 18.699280200072639, 69.547745624333828 ], [ 18.699187037725657, 69.54785870319499 ] ], [ [ 18.699022155398286, 69.547172212152645 ], [ 18.699211141699358, 69.547241679860406 ], [ 18.699191598662004, 69.547177783994002 ], [ 18.699022155398286, 69.547172212152645 ] ], [ [ 18.681030439512519, 69.537794442140765 ], [ 18.681338878683242, 69.537722191172719 ], [ 18.6809805355966, 69.537741694203788 ], [ 18.681030439512519, 69.537794442140765 ] ], [ [ 18.680313994884269, 69.537669435386078 ], [ 18.680825016407486, 69.537758356561028 ], [ 18.681080526176697, 69.53766943845649 ], [ 18.680313994884269, 69.537669435386078 ] ], [ [ 18.693444419983582, 69.539449991647629 ], [ 18.693699929924797, 69.539466680360391 ], [ 18.693597271191795, 69.539377777269877 ], [ 18.693444419983582, 69.539449991647629 ] ], [ [ 18.69221387424502, 69.53932504054174 ], [ 18.692674918206496, 69.539413907943981 ], [ 18.692572284104859, 69.539216683514326 ], [ 18.69221387424502, 69.53932504054174 ] ], [ [ 18.720819589777218, 69.544778938540162 ], [ 18.720907782740753, 69.544761879412775 ], [ 18.720836979511532, 69.544744615990595 ], [ 18.720819589777218, 69.544778938540162 ] ], [ [ 18.720829229832333, 69.544564512482339 ], [ 18.720923118483007, 69.544553619342977 ], [ 18.720820535534806, 69.544552931358069 ], [ 18.720829229832333, 69.544564512482339 ] ], [ [ 18.720753594732685, 69.544519507828028 ], [ 18.720781773116595, 69.544489625997414 ], [ 18.720675640538229, 69.54450688775195 ], [ 18.720753594732685, 69.544519507828028 ] ], [ [ 18.735946867565239, 69.543031689290601 ], [ 18.735829425245214, 69.542970968434972 ], [ 18.735799948004026, 69.542969802803441 ], [ 18.735946867565239, 69.543031689290601 ] ], [ [ 18.742440722485238, 69.545307813549883 ], [ 18.742454676780625, 69.545262873083431 ], [ 18.742360293757503, 69.545266512986615 ], [ 18.742440722485238, 69.545307813549883 ] ], [ [ 18.740609944077431, 69.545366718082676 ], [ 18.740525951283015, 69.545253725730404 ], [ 18.740383400119292, 69.545326930307183 ], [ 18.740609944077431, 69.545366718082676 ] ], [ [ 18.741567016084975, 69.545285670697524 ], [ 18.741581500189625, 69.545245210058667 ], [ 18.741532620323284, 69.545272575285196 ], [ 18.741567016084975, 69.545285670697524 ] ], [ [ 18.722473190075135, 69.546183415999707 ], [ 18.71785074760632, 69.543821741805374 ], [ 18.709849263731417, 69.544336677429342 ], [ 18.699017039129018, 69.548454925389933 ], [ 18.711927572255028, 69.551722172485356 ], [ 18.741888634222256, 69.553673321716175 ], [ 18.749395063115585, 69.552344467717177 ], [ 18.749534462054172, 69.54819986525041 ], [ 18.74474464441607, 69.546049204197558 ], [ 18.733919848324756, 69.544957703309464 ], [ 18.722473190075135, 69.546183415999707 ] ] ] } },
{ "type": "Feature", "properties": { "naturvernId": "VV00003708", "navn": "Rauerfjorden", "offisieltNavn": "Rauerfjorden marine verneområde", "faktaark": "https://faktaark.naturbase.no/?id=VV00003708", "verneform": "MarintVerneomraade", "kommune": "Fredrikstad (3107)", "forvaltningsmyndighet": "Ytre Hvaler nasjonalparkstyre", "iucn": "IkkeVurdert", "majorEcosystemType": "Marin", "is_mpa": true, "area_m2": 30813857.981249999 }, "geometry": { "type": "Polygon", "coordinates": [ [ [ 10.727137446787481, 59.253255687796262 ], [ 10.703971088308117, 59.254307053814564 ], [ 10.648711087450607, 59.254145234769268 ], [ 10.650404039526842, 59.241485189046848 ], [ 10.665528365069378, 59.230570331895912 ], [ 10.663717243945301, 59.227275045802998 ], [ 10.692474166590866, 59.202891519154015 ], [ 10.695976560718156, 59.203440057226153 ], [ 10.70844368384909, 59.199671921550888 ], [ 10.712760597159869, 59.195041078802561 ], [ 10.7138397721126, 59.190952558268428 ], [ 10.705576061280036, 59.18621858864541 ], [ 10.701330201513638, 59.164904137862912 ], [ 10.713810065572547, 59.148528263028439 ], [ 10.716696710104463, 59.148683446486515 ], [ 10.717535148120383, 59.151365055324554 ], [ 10.723849394297513, 59.151082620271112 ], [ 10.724100177454758, 59.136673845554327 ], [ 10.728735320936805, 59.127035360203742 ], [ 10.755873170696278, 59.127811566847804 ], [ 10.74490594312697, 59.131921329322978 ], [ 10.745317578622224, 59.133650825482093 ], [ 10.751943752756009, 59.136151689388974 ], [ 10.760891743893151, 59.132537046169993 ], [ 10.762433752687608, 59.133776039543982 ], [ 10.763544608108656, 59.13649397471417 ], [ 10.756722512422099, 59.144545086960569 ], [ 10.74213593268809, 59.153368658235379 ], [ 10.739637318147093, 59.153369327533611 ], [ 10.73621106378995, 59.149437442229285 ], [ 10.728890432861858, 59.156783689849611 ], [ 10.730909407469913, 59.160113823539454 ], [ 10.734625489379981, 59.155816027455863 ], [ 10.739582363758048, 59.156611291998296 ], [ 10.746461974191966, 59.17084037672641 ], [ 10.740368811382737, 59.175200676127439 ], [ 10.732206940746766, 59.177305413383763 ], [ 10.726281703773436, 59.17549490510681 ], [ 10.722858264180454, 59.176467100712117 ], [ 10.731421650972788, 59.185122904135625 ], [ 10.728600312853855, 59.188404416930972 ], [ 10.729095535246232, 59.195456360431201 ], [ 10.721651006131015, 59.207856782705633 ], [ 10.736004415707056, 59.212163309300571 ], [ 10.729660774689853, 59.22803115696501 ], [ 10.731853097217762, 59.246073836857676 ], [ 10.729182873755727, 59.246643054761464 ], [ 10.730318457140978, 59.248880060748505 ], [ 10.727137446787481, 59.253255687796262 ] ], [ [ 10.710452830001399, 59.171341745311253 ], [ 10.718980948981928, 59.17033656154446 ], [ 10.715407331378895, 59.167972377115547 ], [ 10.70715141353414, 59.170130697875351 ], [ 10.709173660018477, 59.17635901307041 ], [ 10.712536825360452, 59.176291070896596 ], [ 10.719246846159404, 59.172118805548244 ], [ 10.710452830001399, 59.171341745311253 ] ], [ [ 10.700717055721801, 59.251763111398432 ], [ 10.704158586363301, 59.254268291279715 ], [ 10.706151778060178, 59.249194950085688 ], [ 10.701552763748564, 59.246909063223825 ], [ 10.700149100742884, 59.240993899706289 ], [ 10.706263667227184, 59.234643777869344 ], [ 10.702383521104574, 59.230998969273585 ], [ 10.704107642087447, 59.228508107226887 ], [ 10.698820783510577, 59.225353743866961 ], [ 10.700752145952128, 59.219872888735893 ], [ 10.708937553587026, 59.215757356049089 ], [ 10.705131623456611, 59.212696486359143 ], [ 10.693343145905153, 59.217466740658097 ], [ 10.685434844536962, 59.223740562468308 ], [ 10.682898103834715, 59.228976939188399 ], [ 10.687871145449391, 59.244858404154883 ], [ 10.694279952132055, 59.247486620321745 ], [ 10.701580025845713, 59.248171328213878 ], [ 10.700717055721801, 59.251763111398432 ] ], [ [ 10.722961204599441, 59.181299457507947 ], [ 10.721492908734955, 59.182264034451947 ], [ 10.724308094514665, 59.185744232619584 ], [ 10.726082884633403, 59.183622787804879 ], [ 10.722961204599441, 59.181299457507947 ] ] ] } },
{ "type": "Feature", "properties": { "naturvernId": "VV00003082", "navn": "Framvaren", "offisieltNavn": "Framvaren marine verneområde", "faktaark": "https://faktaark.naturbase.no/?id=VV00003082", "verneform": "MarintVerneomraade", "kommune": "Farsund (4206)", "forvaltningsmyndighet": "Statsforvalteren i Agder", "iucn": "IkkeVurdert", "majorEcosystemType": "Marin", "is_mpa": true, "area_m2": 5572395.1234 }, "geometry": { "type": "MultiPolygon", "coordinates": [ [ [ [ 6.74819214324024, 58.192082453816397 ], [ 6.742741686069937, 58.189007379621756 ], [ 6.737496966749295, 58.180745352662704 ], [ 6.743028170948834, 58.171805201352505 ], [ 6.736691923801232, 58.167913835844132 ], [ 6.742162684909885, 58.162114027833638 ], [ 6.741451585364665, 58.144444257870546 ], [ 6.74421847400738, 58.141744405057018 ], [ 6.741358415048745, 58.141965132598664 ], [ 6.737471946666021, 58.138547958203993 ], [ 6.738324747711379, 58.136231319804814 ], [ 6.733224004190441, 58.136378953327643 ], [ 6.733694206518144, 58.138295800825055 ], [ 6.732194425925801, 58.13898660237377 ], [ 6.72539266037397, 58.13396409266597 ], [ 6.727010926843056, 58.130152983699141 ], [ 6.732617187957127, 58.130544061121036 ], [ 6.736166558123843, 58.132563583486245 ], [ 6.738658456985053, 58.13167974663321 ], [ 6.73901396149332, 58.132260873870699 ], [ 6.737955173006307, 58.130210822532824 ], [ 6.744764953663713, 58.126043840480285 ], [ 6.748331917213463, 58.118761576770993 ], [ 6.750057865700877, 58.125740751641302 ], [ 6.743509825049405, 58.130257669076251 ], [ 6.748472527341624, 58.137274212090993 ], [ 6.752995663523882, 58.139547926467948 ], [ 6.750240636284191, 58.141125714145531 ], [ 6.756675858962609, 58.145405375763495 ], [ 6.755326188248406, 58.159005944024017 ], [ 6.762187185134614, 58.162656685533058 ], [ 6.748195755028746, 58.167952023212109 ], [ 6.749262600605087, 58.170291937298565 ], [ 6.745178845958387, 58.173828820899985 ], [ 6.749807399482487, 58.176615940105663 ], [ 6.751147410391436, 58.18673120534644 ], [ 6.756252073595284, 58.18857478598359 ], [ 6.74819214324024, 58.192082453816397 ] ], [ [ 6.748948402127206, 58.187346555274587 ], [ 6.749119924617102, 58.187579521688789 ], [ 6.749419790105469, 58.187403762579677 ], [ 6.748948402127206, 58.187346555274587 ] ], [ [ 6.744688387190671, 58.187098021923738 ], [ 6.746808237555681, 58.186619354194647 ], [ 6.744572303868141, 58.186754326802777 ], [ 6.744688387190671, 58.187098021923738 ] ], [ [ 6.740569129346225, 58.140093941806803 ], [ 6.740854657760937, 58.14009369870972 ], [ 6.740775098872854, 58.13997165380426 ], [ 6.740569129346225, 58.140093941806803 ] ], [ [ 6.732867265498532, 58.137766006013813 ], [ 6.732902047376299, 58.137687873677507 ], [ 6.732858337529503, 58.137701895497422 ], [ 6.732867265498532, 58.137766006013813 ] ], [ [ 6.731860767635497, 58.137765193486551 ], [ 6.731914045477164, 58.137633403638333 ], [ 6.731821754113742, 58.137640644472633 ], [ 6.731860767635497, 58.137765193486551 ] ], [ [ 6.73142715547465, 58.138309362473812 ], [ 6.73145236864344, 58.138290524155735 ], [ 6.731398138814003, 58.138284547766709 ], [ 6.73142715547465, 58.138309362473812 ] ], [ [ 6.738394033354128, 58.132193457762547 ], [ 6.738350900401425, 58.132395303476201 ], [ 6.73854384498194, 58.132123820375348 ], [ 6.738394033354128, 58.132193457762547 ] ], [ [ 6.7386361264169, 58.132305351902872 ], [ 6.738613605793116, 58.132369756505085 ], [ 6.738673161541035, 58.132328702691325 ], [ 6.7386361264169, 58.132305351902872 ] ] ], [ [ [ 6.746718279388285, 58.113417367345946 ], [ 6.748400216786369, 58.11593855753835 ], [ 6.748910833738726, 58.11688204610725 ], [ 6.745262574601323, 58.11375551854934 ], [ 6.746718279388285, 58.113417367345946 ] ], [ [ 6.747194875915266, 58.114911166713227 ], [ 6.747144266810912, 58.114960115132355 ], [ 6.747200370897093, 58.114971080993051 ], [ 6.747194875915266, 58.114911166713227 ] ] ], [ [ [ 6.748809854814118, 58.118873210846061 ], [ 6.748859081770499, 58.119054454970446 ], [ 6.748723476846979, 58.119027481494243 ], [ 6.748809854814118, 58.118873210846061 ] ] ] ] } },
{ "type": "Feature", "properties": { "naturvernId": "VV00003632", "navn": "Ytre Karlsøy", "offisieltNavn": "Ytre Karlsøy marine verneområde (Olggut Gálssá mearrasuodjalanguovlu)", "faktaark": "https://faktaark.naturbase.no/?id=VV00003632", "verneform": "MarintVerneomraade", "kommune": "Karlsøy (5534)", "forvaltningsmyndighet": "Verneområdestyret for Nordkvaløy-Rebbenesøy landskapsvernområde", "iucn": "IkkeVurdert", "majorEcosystemType": "Marin", "is_mpa": true, "area_m2": 409484813.58221054 }, "geometry": { "type": "MultiPolygon", "coordinates": [ [ [ [ 19.209818893447949, 70.301137095180479 ], [ 19.161878596841245, 70.293458878771915 ], [ 19.140549732659743, 70.282982358997074 ], [ 19.132238943426589, 70.264755517893633 ], [ 18.999093022443525, 70.233859588428672 ], [ 19.000762327032898, 70.231503223742266 ], [ 18.996916965569064, 70.23326703187638 ], [ 18.947782190278222, 70.209113911416125 ], [ 18.866131667748036, 70.219325155939103 ], [ 18.725786091073687, 70.224945078157063 ], [ 18.72560181000145, 70.225439478142292 ], [ 18.724647208200771, 70.225469429855437 ], [ 18.399353296054691, 70.223858309365042 ], [ 18.267516805167126, 70.160256697697122 ], [ 18.453600852935431, 70.093059203138765 ], [ 18.584623775422806, 70.080089360574348 ], [ 18.619691629236822, 70.084826587797423 ], [ 18.634190001653991, 70.074747141259849 ], [ 18.670655695577878, 70.070747464945953 ], [ 18.677341427986391, 70.072682233662448 ], [ 18.684347803065474, 70.072646371701808 ], [ 18.68607183386391, 70.075248154591179 ], [ 18.708930496144241, 70.074614002465438 ], [ 18.715954857638287, 70.07670267084373 ], [ 18.719776502699681, 70.083675906115161 ], [ 18.701363837474403, 70.08661029277809 ], [ 18.704980381857641, 70.088900476810764 ], [ 18.714862422712748, 70.089890326104012 ], [ 18.718846994803656, 70.092714472617217 ], [ 18.70221618472258, 70.101072899893879 ], [ 18.697032064456703, 70.109874152078831 ], [ 18.712130206790402, 70.119765142821336 ], [ 18.729146331130394, 70.120226903905333 ], [ 18.73680969033266, 70.115608691802663 ], [ 18.752440185381943, 70.111632242031064 ], [ 18.759492622898989, 70.111342643541562 ], [ 18.767356757616959, 70.106888831240141 ], [ 18.778082840465689, 70.105581437689565 ], [ 18.78239291225383, 70.10887345753936 ], [ 18.789105519372825, 70.10148071577342 ], [ 18.78541012494679, 70.098268893650129 ], [ 18.792103493672201, 70.091227384749459 ], [ 18.797481078531618, 70.089933091783536 ], [ 18.797511781222369, 70.07650778996522 ], [ 18.790493109898257, 70.063895152773654 ], [ 18.79717523427216, 70.062518303368819 ], [ 18.800961618648991, 70.058746536801323 ], [ 18.796575430491487, 70.055019545114391 ], [ 18.811209831044927, 70.053970736334819 ], [ 18.816291519335753, 70.061812656322004 ], [ 18.814854352925288, 70.070329647391716 ], [ 18.822767076806286, 70.073846854039104 ], [ 18.829498894681507, 70.074339891928048 ], [ 18.833803169766213, 70.072747724125975 ], [ 18.832631264993687, 70.075264937454179 ], [ 18.841158299979821, 70.080240567914913 ], [ 18.844204578671494, 70.085392372062955 ], [ 18.856065704309017, 70.086407144024889 ], [ 18.868030512479805, 70.092594370830668 ], [ 18.8673399394882, 70.095995051591771 ], [ 18.877885785977746, 70.098934001323528 ], [ 18.884695794433728, 70.10897296914213 ], [ 18.896852134466627, 70.107858180872725 ], [ 18.90802514266241, 70.115088751820196 ], [ 18.91361962521712, 70.107102784446184 ], [ 18.909356141239321, 70.095176814809705 ], [ 18.912241693602606, 70.089796276714267 ], [ 18.923927510598425, 70.087878881189766 ], [ 18.927651098089552, 70.088775096917431 ], [ 18.921535958707828, 70.097293545760849 ], [ 18.931632575764073, 70.094815098179822 ], [ 18.936413825182829, 70.096172704840725 ], [ 18.940240375786633, 70.092610191982303 ], [ 18.94227122208386, 70.093223759040001 ], [ 18.9484924868487, 70.097624393498009 ], [ 18.953383589201799, 70.096528978049292 ], [ 18.954159562313119, 70.097862653798472 ], [ 18.961622928954966, 70.097830916246934 ], [ 18.970834219344106, 70.094991862652435 ], [ 18.972123594477235, 70.092635146516173 ], [ 18.963700138677854, 70.09121670776355 ], [ 18.983796255725359, 70.088401260407636 ], [ 18.977736596457831, 70.092916783256598 ], [ 18.982123662157232, 70.091914140235929 ], [ 18.986138835756044, 70.096528825012967 ], [ 18.975834192564999, 70.099799822558566 ], [ 18.983035052016511, 70.100641510586527 ], [ 18.971355725922351, 70.104403621989803 ], [ 18.965094744646013, 70.104544867226721 ], [ 18.960373725777163, 70.108957325696025 ], [ 18.96832064804163, 70.107730887910037 ], [ 18.968216360833047, 70.108795073567791 ], [ 18.966876006605016, 70.109974028212605 ], [ 18.964297510276996, 70.110856944128813 ], [ 18.964642017053251, 70.112342379977676 ], [ 18.957446300258486, 70.115143061175516 ], [ 18.961222377462999, 70.120353526739464 ], [ 18.959438781472542, 70.121833741720422 ], [ 18.955957551259718, 70.122012689404443 ], [ 18.958885900852746, 70.122570512693656 ], [ 18.958311719766922, 70.123811821135774 ], [ 18.95141378745658, 70.128125043272405 ], [ 18.955344473517499, 70.126633648396805 ], [ 18.959979464721993, 70.127080307761773 ], [ 18.953907663201196, 70.12958121396575 ], [ 18.971051948759118, 70.129031868711422 ], [ 18.978928736345079, 70.13033297361153 ], [ 18.997435821510486, 70.127829651815119 ], [ 19.010876355959955, 70.112725413205453 ], [ 19.016813807628743, 70.112054698518392 ], [ 19.014346046161418, 70.109792812738036 ], [ 19.02143992221227, 70.107465949363871 ], [ 19.020519692543775, 70.106249461273791 ], [ 19.020945378012083, 70.104729291406329 ], [ 19.026644132424462, 70.104481784675698 ], [ 19.024952951539113, 70.102708518074678 ], [ 19.041304988871442, 70.101382166575235 ], [ 19.046340236951753, 70.10770758083089 ], [ 19.048636552307197, 70.104333320918911 ], [ 19.111965282270923, 70.107523281535094 ], [ 19.114416493310117, 70.110206337724264 ], [ 19.096211582894412, 70.114530439574125 ], [ 19.095595320479035, 70.117203331501329 ], [ 19.075664945454342, 70.123930933388223 ], [ 19.076758086657165, 70.125993572846028 ], [ 19.050981222683259, 70.137380780771778 ], [ 19.032657463171976, 70.140819013934504 ], [ 19.028450244512531, 70.143163168957713 ], [ 19.012059028842224, 70.144547852774991 ], [ 19.006900793184268, 70.147939987979441 ], [ 18.994622958333196, 70.150564212728412 ], [ 18.981144391142813, 70.150789531488243 ], [ 18.978713637821429, 70.15567216022751 ], [ 18.98564218223575, 70.155391088928866 ], [ 18.988681082011201, 70.158088078887275 ], [ 19.004850094445647, 70.157110892029522 ], [ 19.006004563917291, 70.159957591433852 ], [ 19.008249442560217, 70.159249181808292 ], [ 19.010338970658267, 70.159385661823592 ], [ 19.004190282268862, 70.161317468539877 ], [ 19.014195149711909, 70.161566629885087 ], [ 19.01548697777984, 70.160548430907511 ], [ 19.025501934914299, 70.165156273802083 ], [ 19.034380954396347, 70.16528078588955 ], [ 19.043162681622245, 70.168882710580931 ], [ 19.040274700929938, 70.171399592586539 ], [ 19.043912039885466, 70.172435333589462 ], [ 19.046990030728224, 70.170130525776614 ], [ 19.061499169112437, 70.171493864984228 ], [ 19.07120943326764, 70.170553580064947 ], [ 19.084094790032285, 70.164159218346498 ], [ 19.080454506530739, 70.155295444922899 ], [ 19.095669090916168, 70.150135100608239 ], [ 19.108036893794431, 70.150114143691042 ], [ 19.099080414001119, 70.154771294059572 ], [ 19.104658165345043, 70.159064348249473 ], [ 19.107958145175846, 70.169227132936371 ], [ 19.1031377310598, 70.175788619146417 ], [ 19.088906249299509, 70.183690230363311 ], [ 19.090969391453442, 70.18931642325758 ], [ 19.105203760912737, 70.195447811809061 ], [ 19.127257359638175, 70.196818451653513 ], [ 19.127356668697853, 70.199335194446391 ], [ 19.132926813312686, 70.197461917214952 ], [ 19.133702639027106, 70.199847619346841 ], [ 19.137786708019664, 70.197368609283728 ], [ 19.148239017101687, 70.195893339086169 ], [ 19.160109558242088, 70.197811416157862 ], [ 19.163677085759343, 70.196828999458845 ], [ 19.165909406802463, 70.198670441251608 ], [ 19.161894622881317, 70.202715129858916 ], [ 19.155973616623037, 70.204788846074166 ], [ 19.122727203785448, 70.20786255234998 ], [ 19.100810629619271, 70.205579546647542 ], [ 19.097349491517537, 70.207111740684198 ], [ 19.095016616476936, 70.212710633418155 ], [ 19.105715217139011, 70.216330941378715 ], [ 19.120556309255338, 70.218078232002043 ], [ 19.121092844801126, 70.219657320008409 ], [ 19.116274658113394, 70.22082532039876 ], [ 19.119573523297714, 70.221489539902976 ], [ 19.11581170005681, 70.223881178184456 ], [ 19.088386315457541, 70.233215790427124 ], [ 19.08450601206286, 70.237807882551962 ], [ 19.082525726188891, 70.238396200447212 ], [ 19.084102147498477, 70.238838703017265 ], [ 19.085414382635332, 70.240914311848556 ], [ 19.091104321921634, 70.240898475056341 ], [ 19.100394027447674, 70.243831232445984 ], [ 19.108919904454069, 70.242851979546941 ], [ 19.110183090831583, 70.244329476727501 ], [ 19.120062708220907, 70.237740711260059 ], [ 19.12439307597311, 70.237492444750004 ], [ 19.128137179595718, 70.239010604506063 ], [ 19.126663871900121, 70.244692309842819 ], [ 19.132740937627489, 70.2463885282436 ], [ 19.142176829362011, 70.243435372645436 ], [ 19.149432602681717, 70.238198507332726 ], [ 19.153381200577467, 70.238410131913071 ], [ 19.158454837815135, 70.24042771622274 ], [ 19.150725217381538, 70.244344681665211 ], [ 19.161068770990088, 70.246314162244047 ], [ 19.156659043795639, 70.253037526746496 ], [ 19.164935153816522, 70.254583316634864 ], [ 19.162252919546386, 70.257775196628714 ], [ 19.168216348218944, 70.257524877901076 ], [ 19.172703416970801, 70.259315693641923 ], [ 19.177919149793752, 70.255256791835677 ], [ 19.193751089393562, 70.252057544594777 ], [ 19.194919871742453, 70.254813539042345 ], [ 19.190075546560248, 70.256004980823732 ], [ 19.194388351131867, 70.256186984093446 ], [ 19.192919019108249, 70.258337897169099 ], [ 19.199177061018556, 70.259114095595407 ], [ 19.19790633181367, 70.261765674669775 ], [ 19.200137014682305, 70.26256055608394 ], [ 19.209635813379307, 70.25282382202424 ], [ 19.218765666223742, 70.25051532641487 ], [ 19.216644066386927, 70.245571925734097 ], [ 19.226759952900011, 70.242674134817378 ], [ 19.225607807110002, 70.239880769744062 ], [ 19.232021463827156, 70.238573999237346 ], [ 19.232429436040213, 70.235765460399165 ], [ 19.244540114514432, 70.232519268311478 ], [ 19.297644616086369, 70.249156687644856 ], [ 19.299429363243913, 70.249784829772381 ], [ 19.297001790343572, 70.251391720128652 ], [ 19.300490482512139, 70.252012170782166 ], [ 19.300090717375586, 70.250023320887124 ], [ 19.302363901199726, 70.251836122039592 ], [ 19.303010891095681, 70.256506471317977 ], [ 19.302814461159368, 70.264111340471402 ], [ 19.300923130992587, 70.26414626170623 ], [ 19.302789285755946, 70.264186620932861 ], [ 19.302820697518602, 70.264755254700802 ], [ 19.281343834467055, 70.289478795009131 ], [ 19.209818893447949, 70.301137095180479 ] ], [ [ 19.209231029075074, 70.300308521780721 ], [ 19.211022527312299, 70.30067512532186 ], [ 19.209823944141824, 70.299973963342936 ], [ 19.209231029075074, 70.300308521780721 ] ], [ [ 19.184539637556256, 70.292592393594916 ], [ 19.183932486539653, 70.293040771616106 ], [ 19.18409361257455, 70.293385392034608 ], [ 19.184539637556256, 70.292592393594916 ] ], [ [ 19.186053463367188, 70.29261147061473 ], [ 19.186609757501206, 70.292352422453675 ], [ 19.185842780197987, 70.292338539495745 ], [ 19.186053463367188, 70.29261147061473 ] ], [ [ 19.169172833506074, 70.292858000838621 ], [ 19.169776821965058, 70.292549653451601 ], [ 19.169511975652632, 70.292518588630685 ], [ 19.169172833506074, 70.292858000838621 ] ], [ [ 19.168664484024632, 70.292713608503917 ], [ 19.167561965104923, 70.29278055748135 ], [ 19.168237524907035, 70.293228827613632 ], [ 19.168664484024632, 70.292713608503917 ] ], [ [ 19.182941821593186, 70.292130297377909 ], [ 19.183199200819747, 70.292127281810707 ], [ 19.18304006565462, 70.292084614912852 ], [ 19.182941821593186, 70.292130297377909 ] ], [ [ 19.175256564231255, 70.292283101683992 ], [ 19.175353167880242, 70.292075006587524 ], [ 19.175007838788162, 70.292090653425518 ], [ 19.175256564231255, 70.292283101683992 ] ], [ [ 19.182640761209502, 70.291803035048829 ], [ 19.183104999506558, 70.291909597483752 ], [ 19.183002375503577, 70.291747189513188 ], [ 19.182640761209502, 70.291803035048829 ] ], [ [ 19.239433158921504, 70.290262633008098 ], [ 19.240781219376039, 70.290214162871649 ], [ 19.239493410744693, 70.289867720033072 ], [ 19.239433158921504, 70.290262633008098 ] ], [ [ 19.238166896064353, 70.290083440684583 ], [ 19.238232117490451, 70.289914677013627 ], [ 19.238052305155865, 70.289990169261685 ], [ 19.238166896064353, 70.290083440684583 ] ], [ [ 19.177120255193149, 70.291645124840954 ], [ 19.176887657593102, 70.291407737299494 ], [ 19.176891733127036, 70.291653841863265 ], [ 19.177120255193149, 70.291645124840954 ] ], [ [ 19.176197847660802, 70.291588174045657 ], [ 19.175713696178153, 70.291561397324543 ], [ 19.176101583353301, 70.291673701601923 ], [ 19.176197847660802, 70.291588174045657 ] ], [ [ 19.164150181245223, 70.291936182878416 ], [ 19.163918288271056, 70.291915220046036 ], [ 19.163970157235443, 70.292013307349109 ], [ 19.164150181245223, 70.291936182878416 ] ], [ [ 19.23864459017447, 70.290208688234046 ], [ 19.239131011430764, 70.290061904840982 ], [ 19.238763665742141, 70.29002355972591 ], [ 19.23864459017447, 70.290208688234046 ] ], [ [ 19.16702901525197, 70.292237334514226 ], [ 19.166514815288533, 70.292331271856384 ], [ 19.166687357758512, 70.292416502159014 ], [ 19.16702901525197, 70.292237334514226 ] ], [ [ 19.182243216906784, 70.291808048428706 ], [ 19.182202430741295, 70.29184826227349 ], [ 19.182264366028505, 70.291819058407228 ], [ 19.182243216906784, 70.291808048428706 ] ], [ [ 19.1822302661983, 70.291717147328299 ], [ 19.182242968249021, 70.291788555850843 ], [ 19.182261351265808, 70.291718132359748 ], [ 19.1822302661983, 70.291717147328299 ] ], [ [ 19.164072145291403, 70.293052968376088 ], [ 19.16446192727139, 70.292971620833526 ], [ 19.164081551715661, 70.292875112296883 ], [ 19.164072145291403, 70.293052968376088 ] ], [ [ 19.170464798734876, 70.292935719654437 ], [ 19.170671058030337, 70.293026904470821 ], [ 19.170705818189663, 70.292949095031148 ], [ 19.170464798734876, 70.292935719654437 ] ], [ [ 19.182359240749523, 70.292547817905628 ], [ 19.182649536704851, 70.292631736183665 ], [ 19.182570969628024, 70.292528522062483 ], [ 19.182359240749523, 70.292547817905628 ] ], [ [ 19.158783867364761, 70.291562184913403 ], [ 19.158809073322885, 70.291601137519095 ], [ 19.158863194062214, 70.29156475501911 ], [ 19.158783867364761, 70.291562184913403 ] ], [ [ 19.167594992671738, 70.291308362258121 ], [ 19.167667120289806, 70.291377676144805 ], [ 19.167739293534499, 70.291303134482277 ], [ 19.167594992671738, 70.291308362258121 ] ], [ [ 19.185468831801558, 70.290094583005484 ], [ 19.185799304753484, 70.290791447443638 ], [ 19.18593357222467, 70.289932461025245 ], [ 19.185468831801558, 70.290094583005484 ] ], [ [ 19.172652676471028, 70.290329952680622 ], [ 19.172537284877478, 70.290171071252018 ], [ 19.172346405818509, 70.290325460952431 ], [ 19.172652676471028, 70.290329952680622 ] ], [ [ 19.182637073754407, 70.290254034167276 ], [ 19.181070003906477, 70.290422076849694 ], [ 19.182375999304334, 70.290608195579239 ], [ 19.182637073754407, 70.290254034167276 ] ], [ [ 19.182633339323978, 70.28954660886285 ], [ 19.18311453389742, 70.289611263567281 ], [ 19.182858880536639, 70.289468585830761 ], [ 19.182633339323978, 70.28954660886285 ] ], [ [ 19.239245005921486, 70.288039093691083 ], [ 19.238541403546144, 70.288301789643228 ], [ 19.239173309897495, 70.288180333884725 ], [ 19.239245005921486, 70.288039093691083 ] ], [ [ 19.181573701065194, 70.289782385988985 ], [ 19.180790976534773, 70.289590219502955 ], [ 19.181082681369443, 70.289834046875285 ], [ 19.181573701065194, 70.289782385988985 ] ], [ [ 19.181996207965295, 70.289766819516956 ], [ 19.182117344818366, 70.28982690296256 ], [ 19.182219981545323, 70.289762339169968 ], [ 19.181996207965295, 70.289766819516956 ] ], [ [ 19.182618907577861, 70.289665102507811 ], [ 19.182004004221358, 70.289568779524231 ], [ 19.182048899183108, 70.289740615851301 ], [ 19.182618907577861, 70.289665102507811 ] ], [ [ 19.238489558308636, 70.28813982627787 ], [ 19.238381008118246, 70.288174911644461 ], [ 19.238494185228241, 70.288157060141046 ], [ 19.238489558308636, 70.28813982627787 ] ], [ [ 19.214135647629639, 70.288028969183586 ], [ 19.213603306513292, 70.288184754728022 ], [ 19.213801934665526, 70.288253607499911 ], [ 19.214135647629639, 70.288028969183586 ] ], [ [ 19.2371813176294, 70.287586726304752 ], [ 19.237266922659774, 70.287680231079804 ], [ 19.237452066364195, 70.287586821618845 ], [ 19.2371813176294, 70.287586726304752 ] ], [ [ 19.231920087950584, 70.287707999824732 ], [ 19.231957053010419, 70.287669120429285 ], [ 19.231819247614279, 70.287706956319298 ], [ 19.231920087950584, 70.287707999824732 ] ], [ [ 19.213999833188478, 70.287839585561926 ], [ 19.21369588776901, 70.287852812109406 ], [ 19.213837947526546, 70.287892527634341 ], [ 19.213999833188478, 70.287839585561926 ] ], [ [ 19.235205944682786, 70.287302451633124 ], [ 19.235137878281964, 70.287319598993975 ], [ 19.235173195702821, 70.287332067012073 ], [ 19.235205944682786, 70.287302451633124 ] ], [ [ 19.23487431151872, 70.287101603185789 ], [ 19.234636305513124, 70.287141439772896 ], [ 19.23480968172559, 70.28716117281634 ], [ 19.23487431151872, 70.287101603185789 ] ], [ [ 19.234837964958157, 70.286990044984577 ], [ 19.234852644325507, 70.28699796658303 ], [ 19.234857211591422, 70.286985278866297 ], [ 19.234837964958157, 70.286990044984577 ] ], [ [ 19.235068841156185, 70.28694920770117 ], [ 19.235075773929317, 70.286973755757458 ], [ 19.235091555050186, 70.286950919664008 ], [ 19.235068841156185, 70.28694920770117 ] ], [ [ 19.23512300579053, 70.286945956182436 ], [ 19.23520014346639, 70.286941804589063 ], [ 19.235122890519243, 70.286935085966562 ], [ 19.23512300579053, 70.286945956182436 ] ], [ [ 19.23226029168627, 70.286562569120491 ], [ 19.231904184860468, 70.286694409063742 ], [ 19.232012735723465, 70.286707042584766 ], [ 19.23226029168627, 70.286562569120491 ] ], [ [ 19.214172840055987, 70.286156735719359 ], [ 19.215129458922906, 70.286257616481038 ], [ 19.214515189162292, 70.285974306203613 ], [ 19.214172840055987, 70.286156735719359 ] ], [ [ 19.212248628807973, 70.286204659036486 ], [ 19.213380739863322, 70.285967802422604 ], [ 19.213194567857574, 70.285923188992626 ], [ 19.212248628807973, 70.286204659036486 ] ], [ [ 19.210253163806001, 70.286112973854515 ], [ 19.210733889891433, 70.286053383856895 ], [ 19.210644407295984, 70.285892387538624 ], [ 19.210253163806001, 70.286112973854515 ] ], [ [ 19.212540242539223, 70.285830857815014 ], [ 19.212861164768363, 70.285864140517248 ], [ 19.212890381792949, 70.285736848149938 ], [ 19.212540242539223, 70.285830857815014 ] ], [ [ 19.210206860959126, 70.285716261536251 ], [ 19.211008330478055, 70.285610078886208 ], [ 19.210906847047056, 70.285522866326303 ], [ 19.210206860959126, 70.285716261536251 ] ], [ [ 19.192903941304419, 70.285829450477308 ], [ 19.196053420770991, 70.284486298429712 ], [ 19.194579111871874, 70.283581321613539 ], [ 19.192903941304419, 70.285829450477308 ] ], [ [ 19.210685837923887, 70.284972722953015 ], [ 19.21301623998005, 70.284335907496583 ], [ 19.211557169515476, 70.284063649331429 ], [ 19.210685837923887, 70.284972722953015 ] ], [ [ 19.22870077524961, 70.284381902212232 ], [ 19.228258907812403, 70.284461745704263 ], [ 19.228453218359306, 70.284554766077363 ], [ 19.22870077524961, 70.284381902212232 ] ], [ [ 19.283699825461333, 70.282344832089478 ], [ 19.283862637626324, 70.282398018984637 ], [ 19.283807956242018, 70.282305683290687 ], [ 19.283699825461333, 70.282344832089478 ] ], [ [ 19.251238685015707, 70.283014524493154 ], [ 19.25233879526958, 70.282676174470694 ], [ 19.251116214106428, 70.281988247138983 ], [ 19.251238685015707, 70.283014524493154 ] ], [ [ 19.209517375921831, 70.283304913668829 ], [ 19.20947442987957, 70.282619683193175 ], [ 19.209065532651156, 70.283281876862205 ], [ 19.209517375921831, 70.283304913668829 ] ], [ [ 19.252402557132889, 70.28171405894183 ], [ 19.252312653474988, 70.281741254791484 ], [ 19.252343087833644, 70.281763539799357 ], [ 19.252402557132889, 70.28171405894183 ] ], [ [ 19.252159872353712, 70.281675672935592 ], [ 19.25207735775852, 70.281691012179863 ], [ 19.252162872636976, 70.281686295426411 ], [ 19.252159872353712, 70.281675672935592 ] ], [ [ 19.190848179505778, 70.283131006932223 ], [ 19.193599275807859, 70.282087312690791 ], [ 19.191710628940161, 70.281579429340226 ], [ 19.190848179505778, 70.283131006932223 ] ], [ [ 19.247062249830233, 70.281703156198915 ], [ 19.247322957590402, 70.280221949634168 ], [ 19.244812582063531, 70.27904310663844 ], [ 19.243740261988496, 70.280021007185525 ], [ 19.247062249830233, 70.281703156198915 ] ], [ [ 19.279194613731178, 70.279010555518283 ], [ 19.279748639124332, 70.279046261877582 ], [ 19.279595540325911, 70.278839175286819 ], [ 19.279194613731178, 70.279010555518283 ] ], [ [ 19.240813643536079, 70.280726579283453 ], [ 19.242868559161906, 70.279325205300509 ], [ 19.241056988029449, 70.278495024031031 ], [ 19.239573682524842, 70.278239380303191 ], [ 19.240813643536079, 70.280726579283453 ] ], [ [ 19.248830902746256, 70.278246532969916 ], [ 19.249438726834871, 70.278163433434983 ], [ 19.248774473325945, 70.278125655847546 ], [ 19.248830902746256, 70.278246532969916 ] ], [ [ 19.209828943182526, 70.279905625235486 ], [ 19.207418787285448, 70.275944879368467 ], [ 19.205677469502145, 70.275477281247618 ], [ 19.209828943182526, 70.279905625235486 ] ], [ [ 19.217826019053494, 70.277622582530498 ], [ 19.219731108172134, 70.276573478835658 ], [ 19.220308645958148, 70.274526631939594 ], [ 19.218272204917739, 70.272014540408165 ], [ 19.217826019053494, 70.277622582530498 ] ], [ [ 19.24541466476774, 70.276636650035471 ], [ 19.245941732571396, 70.276681630813059 ], [ 19.245464466935175, 70.276543008855995 ], [ 19.24541466476774, 70.276636650035471 ] ], [ [ 19.222949797197167, 70.275330784995532 ], [ 19.222328865676467, 70.275379956310104 ], [ 19.222632547325219, 70.275655969890778 ], [ 19.222949797197167, 70.275330784995532 ] ], [ [ 19.22402060584302, 70.272628145064132 ], [ 19.224910767534706, 70.273136501469253 ], [ 19.22450525013635, 70.272602205579972 ], [ 19.22402060584302, 70.272628145064132 ] ], [ [ 19.2241573797514, 70.272509465363797 ], [ 19.224076305197684, 70.272564026226931 ], [ 19.224165863176037, 70.272561024330187 ], [ 19.2241573797514, 70.272509465363797 ] ], [ [ 19.223909351898026, 70.2721586440165 ], [ 19.224749232149012, 70.272305244912076 ], [ 19.224453410546065, 70.271686062584308 ], [ 19.223909351898026, 70.2721586440165 ] ], [ [ 19.21826751238747, 70.271893342876496 ], [ 19.218103260095972, 70.271736080675296 ], [ 19.21791422737655, 70.271831000360763 ], [ 19.21826751238747, 70.271893342876496 ] ], [ [ 19.216294276889762, 70.271863142757937 ], [ 19.214674786088022, 70.271416950074084 ], [ 19.215232601946237, 70.273248555810113 ], [ 19.21341591962193, 70.273912841768066 ], [ 19.21415631173863, 70.276050719272419 ], [ 19.216294276889762, 70.271863142757937 ] ], [ [ 19.223812531141103, 70.271524004517275 ], [ 19.223707050979325, 70.271528458546669 ], [ 19.223682891013837, 70.27157521291457 ], [ 19.223812531141103, 70.271524004517275 ] ], [ [ 19.215510945178039, 70.271390524445209 ], [ 19.216391567286728, 70.27140834060252 ], [ 19.216338948289305, 70.271232465427005 ], [ 19.215510945178039, 70.271390524445209 ] ], [ [ 19.201312497431907, 70.273006524205158 ], [ 19.202494556308924, 70.270726218423206 ], [ 19.201496868716795, 70.26994648536099 ], [ 19.200188251173365, 70.272049308261558 ], [ 19.201312497431907, 70.273006524205158 ] ], [ [ 19.208923928169394, 70.27107475360971 ], [ 19.20978016330573, 70.271299303745209 ], [ 19.209289958505277, 70.270915407814485 ], [ 19.208923928169394, 70.27107475360971 ] ], [ [ 19.211412820017117, 70.270773158290041 ], [ 19.211358918381297, 70.271040666340056 ], [ 19.2118052165766, 70.270729464293893 ], [ 19.211412820017117, 70.270773158290041 ] ], [ [ 19.218911291915894, 70.27042749292869 ], [ 19.219134162941391, 70.270659039210855 ], [ 19.219038267120652, 70.27041894305637 ], [ 19.218911291915894, 70.27042749292869 ] ], [ [ 19.202745647062258, 70.27132643042404 ], [ 19.202370635929931, 70.2711823479451 ], [ 19.202288526618844, 70.27140099924496 ], [ 19.202745647062258, 70.27132643042404 ] ], [ [ 19.218902636009531, 70.270340084885788 ], [ 19.219280210840399, 70.270243795682632 ], [ 19.218928626495455, 70.270237486875786 ], [ 19.218902636009531, 70.270340084885788 ] ], [ [ 19.20419917163218, 70.270631297215573 ], [ 19.204580432016755, 70.270463069212468 ], [ 19.204569037404028, 70.270419126323873 ], [ 19.20419917163218, 70.270631297215573 ] ], [ [ 19.21933044865435, 70.27004825511824 ], [ 19.219114404322681, 70.270185054847644 ], [ 19.219367237533998, 70.270148302060861 ], [ 19.21933044865435, 70.27004825511824 ] ], [ [ 19.204025091460331, 70.270672207523631 ], [ 19.203926068512626, 70.270654933533635 ], [ 19.203966173132624, 70.270676729713045 ], [ 19.204025091460331, 70.270672207523631 ] ], [ [ 19.201699264622576, 70.269429308103511 ], [ 19.203560788762054, 70.269666068015852 ], [ 19.202212239154484, 70.268956091353857 ], [ 19.201699264622576, 70.269429308103511 ] ], [ [ 19.274766438270003, 70.268171470561768 ], [ 19.274882696964934, 70.268300625030676 ], [ 19.274783537822501, 70.268023689432226 ], [ 19.274766438270003, 70.268171470561768 ] ], [ [ 19.211536023509744, 70.269525036632245 ], [ 19.211395239570397, 70.269541452604358 ], [ 19.211535850760729, 70.269534565507257 ], [ 19.211536023509744, 70.269525036632245 ] ], [ [ 19.209638515212092, 70.269609988395743 ], [ 19.209818417535363, 70.269511966788613 ], [ 19.209482670088406, 70.269529620283436 ], [ 19.209638515212092, 70.269609988395743 ] ], [ [ 19.211637424107945, 70.269537039073413 ], [ 19.21174083949073, 70.269529046042834 ], [ 19.211683466581114, 70.269513856007933 ], [ 19.211637424107945, 70.269537039073413 ] ], [ [ 19.211626188459665, 70.269608019571848 ], [ 19.211669691841184, 70.269591904813552 ], [ 19.211638379437701, 70.269587066989018 ], [ 19.211626188459665, 70.269608019571848 ] ], [ [ 19.202765991168857, 70.269004343053354 ], [ 19.203069162552652, 70.269226390838384 ], [ 19.203048039613648, 70.269059572400806 ], [ 19.202765991168857, 70.269004343053354 ] ], [ [ 19.208243178216403, 70.268924510645746 ], [ 19.208952748309873, 70.268915452863212 ], [ 19.208472336454349, 70.268780050034422 ], [ 19.208243178216403, 70.268924510645746 ] ], [ [ 19.2091265541758, 70.268881103237959 ], [ 19.209251127536177, 70.268916646149336 ], [ 19.209219304391869, 70.268810731127445 ], [ 19.2091265541758, 70.268881103237959 ] ], [ [ 19.198220366572766, 70.271458535053483 ], [ 19.201908705170187, 70.268044855121488 ], [ 19.20150270070118, 70.267287690029718 ], [ 19.197619146651153, 70.268794330605175 ], [ 19.198220366572766, 70.271458535053483 ] ], [ [ 19.202880916913504, 70.268695337721809 ], [ 19.202677189043069, 70.26873945586965 ], [ 19.202854207210756, 70.268794803671085 ], [ 19.202880916913504, 70.268695337721809 ] ], [ [ 19.209030348840109, 70.268563644943782 ], [ 19.209381075207556, 70.268554267605438 ], [ 19.20936781623757, 70.268477930201755 ], [ 19.209030348840109, 70.268563644943782 ] ], [ [ 19.203097989779682, 70.268565723810227 ], [ 19.20355421047142, 70.26867151395119 ], [ 19.203196008349313, 70.268379407492873 ], [ 19.203097989779682, 70.268565723810227 ] ], [ [ 19.203488670689758, 70.26817218761812 ], [ 19.203435756780632, 70.26822158736536 ], [ 19.203542310059174, 70.268187377482562 ], [ 19.203488670689758, 70.26817218761812 ] ], [ [ 19.203604966563979, 70.26807386221455 ], [ 19.203490946424392, 70.268119658419394 ], [ 19.20352222972549, 70.268128272216913 ], [ 19.203604966563979, 70.26807386221455 ] ], [ [ 19.227376095026671, 70.266925259011231 ], [ 19.227216816156229, 70.266942122790084 ], [ 19.227317580530382, 70.266973001523695 ], [ 19.227376095026671, 70.266925259011231 ] ], [ [ 19.226745966112571, 70.266215454824874 ], [ 19.22783595142651, 70.266186864412376 ], [ 19.227152896691187, 70.26590450411868 ], [ 19.226745966112571, 70.266215454824874 ] ], [ [ 19.302252077352467, 70.264591199103421 ], [ 19.302294237735012, 70.264655342408943 ], [ 19.302396454213671, 70.264607604344818 ], [ 19.302252077352467, 70.264591199103421 ] ], [ [ 19.301829353646507, 70.264525647859614 ], [ 19.302604093836109, 70.264514747224993 ], [ 19.301813977355046, 70.264449720344018 ], [ 19.301829353646507, 70.264525647859614 ] ], [ [ 19.301347649200615, 70.264318172096395 ], [ 19.301240853972484, 70.264368175847679 ], [ 19.301421571453634, 70.264363852228755 ], [ 19.301347649200615, 70.264318172096395 ] ], [ [ 19.194469774154886, 70.267588991954739 ], [ 19.182702302588499, 70.26443010570938 ], [ 19.178436583610701, 70.265192857335975 ], [ 19.179679151679267, 70.267751955078381 ], [ 19.184596272296396, 70.267125880762634 ], [ 19.182630922915443, 70.267754219752433 ], [ 19.183095115853632, 70.268348771403524 ], [ 19.186081143933531, 70.267057805302315 ], [ 19.191347143547794, 70.267182333240569 ], [ 19.190122339844947, 70.26917879069687 ], [ 19.194469774154886, 70.267588991954739 ] ], [ [ 19.226073834744234, 70.265819432901253 ], [ 19.22616931119704, 70.265831116899619 ], [ 19.226099286211991, 70.26581389250839 ], [ 19.226073834744234, 70.265819432901253 ] ], [ [ 19.301214885680018, 70.263863396363945 ], [ 19.301274197452905, 70.263909156471286 ], [ 19.301258797764461, 70.263867378219643 ], [ 19.301214885680018, 70.263863396363945 ] ], [ [ 19.300097823256152, 70.263915639770161 ], [ 19.300290657265787, 70.263898086854041 ], [ 19.300258989771063, 70.263835759150183 ], [ 19.300097823256152, 70.263915639770161 ] ], [ [ 19.300872346749905, 70.263096415907881 ], [ 19.301484266992457, 70.263595623826774 ], [ 19.301474433254779, 70.263039684466079 ], [ 19.300872346749905, 70.263096415907881 ] ], [ [ 19.283970572577353, 70.263333267349083 ], [ 19.285219595132375, 70.263308173094558 ], [ 19.284545424776603, 70.262839966922201 ], [ 19.283970572577353, 70.263333267349083 ] ], [ [ 19.187231166744628, 70.265319207990203 ], [ 19.187462480397382, 70.265281293849398 ], [ 19.187259921337052, 70.265205950392797 ], [ 19.187231166744628, 70.265319207990203 ] ], [ [ 19.300225296889131, 70.263735826492734 ], [ 19.300584603663829, 70.263568530307737 ], [ 19.299917895068962, 70.263738326331705 ], [ 19.300225296889131, 70.263735826492734 ] ], [ [ 19.285231427226535, 70.262001544630095 ], [ 19.28672632868534, 70.261542196725969 ], [ 19.285298474708092, 70.260615508341431 ], [ 19.285231427226535, 70.262001544630095 ] ], [ [ 19.293526616472111, 70.261029076718486 ], [ 19.291957899325908, 70.258947540698927 ], [ 19.287776673179657, 70.258872455627056 ], [ 19.287424153355239, 70.259711655015209 ], [ 19.293526616472111, 70.261029076718486 ] ], [ [ 19.299468956017748, 70.258870300436939 ], [ 19.299507523148016, 70.259031673858317 ], [ 19.299518924876683, 70.258872789638204 ], [ 19.299468956017748, 70.258870300436939 ] ], [ [ 19.298606285873152, 70.258834767863888 ], [ 19.299195157708613, 70.258875501488873 ], [ 19.299031568032774, 70.258660413640243 ], [ 19.298606285873152, 70.258834767863888 ] ], [ [ 19.299339219284654, 70.258703918572436 ], [ 19.29918983555282, 70.258824675423199 ], [ 19.299284360316896, 70.258834276675671 ], [ 19.299339219284654, 70.258703918572436 ] ], [ [ 19.300112938707798, 70.258423813222464 ], [ 19.300793676372454, 70.258516082875531 ], [ 19.300725715387017, 70.258357839212849 ], [ 19.300112938707798, 70.258423813222464 ] ], [ [ 19.296978412849104, 70.258552245441919 ], [ 19.296675158639207, 70.258406455450569 ], [ 19.29646881024809, 70.258584107791393 ], [ 19.296978412849104, 70.258552245441919 ] ], [ [ 19.300533943400328, 70.258212622833952 ], [ 19.300659131849493, 70.258310276234781 ], [ 19.300801695854776, 70.258262381860391 ], [ 19.300533943400328, 70.258212622833952 ] ], [ [ 19.300158953439134, 70.258242353450143 ], [ 19.300154196637411, 70.258210744934033 ], [ 19.300092005043737, 70.258247639600583 ], [ 19.300158953439134, 70.258242353450143 ] ], [ [ 19.296073272774773, 70.257892888119869 ], [ 19.297206800981662, 70.258093687758986 ], [ 19.297331055208002, 70.257986204422295 ], [ 19.296073272774773, 70.257892888119869 ] ], [ [ 19.298914701722076, 70.258180814450228 ], [ 19.299219302546394, 70.258119609984945 ], [ 19.298904465904208, 70.258102697146882 ], [ 19.298914701722076, 70.258180814450228 ] ], [ [ 19.299826811668144, 70.257961204057963 ], [ 19.302897880608654, 70.256181438654536 ], [ 19.297127412125349, 70.252695078854728 ], [ 19.288824484271291, 70.255990684001247 ], [ 19.293224835325034, 70.256155484881589 ], [ 19.299826811668144, 70.257961204057963 ] ], [ [ 19.302149757849488, 70.257601064576392 ], [ 19.302407215281992, 70.257855510736405 ], [ 19.302074819682147, 70.257380352290141 ], [ 19.302149757849488, 70.257601064576392 ] ], [ [ 19.301604274679001, 70.257458923562623 ], [ 19.301654230817729, 70.257425825841906 ], [ 19.301586627749387, 70.257449550618901 ], [ 19.301604274679001, 70.257458923562623 ] ], [ [ 19.301536371799351, 70.25751168190628 ], [ 19.301585625964321, 70.257490463198096 ], [ 19.301539529497941, 70.257489948854555 ], [ 19.301536371799351, 70.25751168190628 ] ], [ [ 19.301595916207035, 70.257636067916778 ], [ 19.301551773960568, 70.257600459426286 ], [ 19.301534644197044, 70.257637983657943 ], [ 19.301595916207035, 70.257636067916778 ] ], [ [ 19.301755210158451, 70.257619854074008 ], [ 19.301857802529302, 70.257698456910404 ], [ 19.301937491761599, 70.257688012390389 ], [ 19.301755210158451, 70.257619854074008 ] ], [ [ 19.298252242694865, 70.252642206182941 ], [ 19.301211170614348, 70.253103676377506 ], [ 19.299020152317965, 70.252299783900867 ], [ 19.298252242694865, 70.252642206182941 ] ], [ [ 19.288786097450089, 70.252783098965608 ], [ 19.288827254383229, 70.25258558429384 ], [ 19.288764269488762, 70.252583043658234 ], [ 19.288786097450089, 70.252783098965608 ] ], [ [ 19.289182268357273, 70.253046200710187 ], [ 19.288911529606573, 70.252868351681926 ], [ 19.288992132769827, 70.253185714467648 ], [ 19.289182268357273, 70.253046200710187 ] ], [ [ 19.211612807187088, 70.256882257008598 ], [ 19.209546883329878, 70.25684268262097 ], [ 19.209357064055805, 70.257806258951945 ], [ 19.211612807187088, 70.256882257008598 ] ], [ [ 19.20729309317915, 70.257968698535748 ], [ 19.206925611344737, 70.257730553466828 ], [ 19.207097065700228, 70.25806413163555 ], [ 19.20729309317915, 70.257968698535748 ] ], [ [ 19.206420670714131, 70.258058126215815 ], [ 19.206270130089116, 70.257982395576263 ], [ 19.206201922851992, 70.258043925899571 ], [ 19.206420670714131, 70.258058126215815 ] ], [ [ 19.2066593619539, 70.257980205917363 ], [ 19.206643837080872, 70.258017320547253 ], [ 19.206710907332631, 70.257985289570243 ], [ 19.2066593619539, 70.257980205917363 ] ], [ [ 19.206456621532123, 70.258116859768862 ], [ 19.206161589965859, 70.258113070733657 ], [ 19.206170171161439, 70.258193920460428 ], [ 19.206456621532123, 70.258116859768862 ] ], [ [ 19.22001750319988, 70.25680508577264 ], [ 19.219675638214603, 70.256846269346696 ], [ 19.219357988448035, 70.257010527914929 ], [ 19.22001750319988, 70.25680508577264 ] ], [ [ 19.275788242721525, 70.256641786272013 ], [ 19.275961148082949, 70.256596425784622 ], [ 19.275954477625056, 70.256584812462521 ], [ 19.275788242721525, 70.256641786272013 ] ], [ [ 19.275746493598884, 70.257065673418708 ], [ 19.276117818793249, 70.256894457487064 ], [ 19.275975776347479, 70.256734376517343 ], [ 19.275746493598884, 70.257065673418708 ] ], [ [ 19.204291610453144, 70.259781958622924 ], [ 19.204913520088809, 70.258703513516693 ], [ 19.204301481583641, 70.25899773167815 ], [ 19.204291610453144, 70.259781958622924 ] ], [ [ 19.219931369002897, 70.259739523730516 ], [ 19.219140130452605, 70.259695016207644 ], [ 19.219369587832951, 70.259853081591572 ], [ 19.219931369002897, 70.259739523730516 ] ], [ [ 19.263499097961184, 70.258646572755808 ], [ 19.264084999381698, 70.258340534393014 ], [ 19.263465420075505, 70.2579874279904 ], [ 19.263499097961184, 70.258646572755808 ] ], [ [ 19.28288490502678, 70.258516937768263 ], [ 19.282548284025069, 70.258441385452073 ], [ 19.282607230671726, 70.258557072907735 ], [ 19.28288490502678, 70.258516937768263 ] ], [ [ 19.282838824448849, 70.258298499584996 ], [ 19.282769040887541, 70.258329727389594 ], [ 19.282829833309169, 70.258331873399314 ], [ 19.282838824448849, 70.258298499584996 ] ], [ [ 19.282636869405135, 70.25827338709118 ], [ 19.282611645413358, 70.258287557452888 ], [ 19.282637051175318, 70.258289558160499 ], [ 19.282636869405135, 70.25827338709118 ] ], [ [ 19.265754443001622, 70.258609418162365 ], [ 19.265710613052875, 70.258650536688478 ], [ 19.265797318997553, 70.258644345350589 ], [ 19.265754443001622, 70.258609418162365 ] ], [ [ 19.295085978135774, 70.257656505748301 ], [ 19.294960533321873, 70.257621041430639 ], [ 19.294951410842241, 70.257637165430211 ], [ 19.295085978135774, 70.257656505748301 ] ], [ [ 19.2208755854288, 70.259819524089181 ], [ 19.22073788757401, 70.259749702848211 ], [ 19.220715148679478, 70.25979687291418 ], [ 19.2208755854288, 70.259819524089181 ] ], [ [ 19.263990153207274, 70.257920794098965 ], [ 19.263927117633379, 70.257948798650006 ], [ 19.263980890281221, 70.257953004587108 ], [ 19.263990153207274, 70.257920794098965 ] ], [ [ 19.289851869811262, 70.256862737244887 ], [ 19.290622128416743, 70.256815234896393 ], [ 19.289989693626932, 70.256734806196917 ], [ 19.289851869811262, 70.256862737244887 ] ], [ [ 19.292297840407929, 70.256680326799284 ], [ 19.292578177289066, 70.256728179142996 ], [ 19.292327751103912, 70.256645374197774 ], [ 19.292297840407929, 70.256680326799284 ] ], [ [ 19.292587775976887, 70.256456110545287 ], [ 19.292452856116196, 70.256463017346263 ], [ 19.292510577628917, 70.256475927177661 ], [ 19.292587775976887, 70.256456110545287 ] ], [ [ 19.298437095417022, 70.257988243939494 ], [ 19.298442248153382, 70.257953163314525 ], [ 19.298322774863973, 70.25798819207769 ], [ 19.298437095417022, 70.257988243939494 ] ], [ [ 19.299854122464815, 70.258325312338684 ], [ 19.299843440100059, 70.258309841531172 ], [ 19.299823633078109, 70.258323166045585 ], [ 19.299854122464815, 70.258325312338684 ] ], [ [ 19.291367469344884, 70.258634622396599 ], [ 19.291100407016405, 70.258588068332415 ], [ 19.291304182980888, 70.258663811491502 ], [ 19.291367469344884, 70.258634622396599 ] ], [ [ 19.299955766218829, 70.258394323327153 ], [ 19.299957499868025, 70.258406413615631 ], [ 19.299987264939801, 70.258392401532603 ], [ 19.299955766218829, 70.258394323327153 ] ], [ [ 19.205765860433619, 70.260822785065969 ], [ 19.205510264638978, 70.260763798321548 ], [ 19.205534954394846, 70.260866196162766 ], [ 19.205765860433619, 70.260822785065969 ] ], [ [ 19.285797080737161, 70.259550958992335 ], [ 19.283592237251142, 70.259512124101406 ], [ 19.286094153652776, 70.26024705866314 ], [ 19.285797080737161, 70.259550958992335 ] ], [ [ 19.204975850883024, 70.261119280917626 ], [ 19.204679123145169, 70.261059368058 ], [ 19.204833585963208, 70.261254158104663 ], [ 19.204975850883024, 70.261119280917626 ] ], [ [ 19.221859794582713, 70.26081180570155 ], [ 19.221480343130526, 70.260914887561711 ], [ 19.221646029785596, 70.260939751267102 ], [ 19.221859794582713, 70.26081180570155 ] ], [ [ 19.266822996472946, 70.260443927804573 ], [ 19.266904012635916, 70.260360410178592 ], [ 19.266506752285842, 70.260426632033813 ], [ 19.266822996472946, 70.260443927804573 ] ], [ [ 19.266304286665118, 70.260729239449503 ], [ 19.266085718658015, 70.260514085364235 ], [ 19.266183682879053, 70.260838498090791 ], [ 19.266304286665118, 70.260729239449503 ] ], [ [ 19.267177959763114, 70.260840779303479 ], [ 19.266640427920407, 70.261018884066957 ], [ 19.266973822554881, 70.26109948479511 ], [ 19.267177959763114, 70.260840779303479 ] ], [ [ 19.198528341600113, 70.262909570095346 ], [ 19.198527324459036, 70.262520967708653 ], [ 19.198174571883033, 70.262635684110734 ], [ 19.198528341600113, 70.262909570095346 ] ], [ [ 19.161944858472413, 70.263655000559098 ], [ 19.162868814089499, 70.263364053251195 ], [ 19.162557200762809, 70.263089849468727 ], [ 19.161944858472413, 70.263655000559098 ] ], [ [ 19.156437257772485, 70.263174013966776 ], [ 19.156841830274875, 70.263090892421729 ], [ 19.156745729103527, 70.263057442935789 ], [ 19.156437257772485, 70.263174013966776 ] ], [ [ 19.184760426385889, 70.262352403016493 ], [ 19.184750518910491, 70.26244338670034 ], [ 19.185021115351947, 70.262362239286276 ], [ 19.184760426385889, 70.262352403016493 ] ], [ [ 19.137638324460116, 70.263426102862027 ], [ 19.137929957721767, 70.26340753132564 ], [ 19.137856937691961, 70.263355211677222 ], [ 19.137638324460116, 70.263426102862027 ] ], [ [ 19.136473515295737, 70.263602683973417 ], [ 19.136649588523401, 70.263683541795501 ], [ 19.136736611996891, 70.263569136981459 ], [ 19.136473515295737, 70.263602683973417 ] ], [ [ 19.161746480274836, 70.263486895891944 ], [ 19.160958250456719, 70.263306205588677 ], [ 19.161075124941139, 70.263653386193283 ], [ 19.161746480274836, 70.263486895891944 ] ], [ [ 19.156530384106933, 70.263367469009566 ], [ 19.156433053015167, 70.263321378638366 ], [ 19.156410055811889, 70.263361445151816 ], [ 19.156530384106933, 70.263367469009566 ] ], [ [ 19.137749610770552, 70.263838560827139 ], [ 19.13761961348041, 70.26376473023133 ], [ 19.13741135075745, 70.263797286305859 ], [ 19.137749610770552, 70.263838560827139 ] ], [ [ 19.1337512542942, 70.264306369496893 ], [ 19.13220727654997, 70.264263868204679 ], [ 19.132410719149792, 70.264817699850795 ], [ 19.1337512542942, 70.264306369496893 ] ], [ [ 19.163144389803765, 70.264044056811613 ], [ 19.163062906740976, 70.264238856970124 ], [ 19.163414022414848, 70.264145187521521 ], [ 19.163144389803765, 70.264044056811613 ] ], [ [ 19.160978559501928, 70.264824870493101 ], [ 19.156083884655065, 70.264991981375744 ], [ 19.157261148523485, 70.265661300377175 ], [ 19.160978559501928, 70.264824870493101 ] ], [ [ 19.136795242798968, 70.264901525847151 ], [ 19.134363096616585, 70.266778813563391 ], [ 19.134643842155263, 70.267904919297322 ], [ 19.138730812396897, 70.267001357043981 ], [ 19.136795242798968, 70.264901525847151 ] ], [ [ 19.135319675935548, 70.265674304195571 ], [ 19.135123388700041, 70.265555184270497 ], [ 19.135326795010769, 70.265809993919902 ], [ 19.135319675935548, 70.265674304195571 ] ], [ [ 19.133749265366124, 70.26638859964784 ], [ 19.133533547922646, 70.266458250286107 ], [ 19.133741608096393, 70.266481321185125 ], [ 19.133749265366124, 70.26638859964784 ] ], [ [ 19.133619456117348, 70.266674970487188 ], [ 19.133595608333064, 70.266523492453373 ], [ 19.133549031269428, 70.266680452832304 ], [ 19.133619456117348, 70.266674970487188 ] ], [ [ 19.133304652996785, 70.266825696792296 ], [ 19.133329385205162, 70.266730606156997 ], [ 19.133296062478721, 70.266724902867168 ], [ 19.133304652996785, 70.266825696792296 ] ], [ [ 19.168180253403754, 70.265016495864245 ], [ 19.162027169839231, 70.269137781911041 ], [ 19.167765254969495, 70.267010609007471 ], [ 19.169929934789799, 70.263592458324908 ], [ 19.162873088475884, 70.264886865817758 ], [ 19.168180253403754, 70.265016495864245 ] ], [ [ 19.159604400378804, 70.267886843003609 ], [ 19.159632946087871, 70.267858418378722 ], [ 19.15953354838037, 70.267881024067862 ], [ 19.159604400378804, 70.267886843003609 ] ], [ [ 19.1593637064902, 70.267941828870363 ], [ 19.15941817466631, 70.267906155663297 ], [ 19.159320526879608, 70.26793608863629 ], [ 19.1593637064902, 70.267941828870363 ] ], [ [ 19.160000941157229, 70.268128538185152 ], [ 19.160081475730106, 70.268086331537958 ], [ 19.159902388800504, 70.268097572529371 ], [ 19.160000941157229, 70.268128538185152 ] ], [ [ 19.159668517830156, 70.268422496917452 ], [ 19.159810412035931, 70.268382555113178 ], [ 19.159694616746457, 70.268358367680435 ], [ 19.159668517830156, 70.268422496917452 ] ], [ [ 19.16088763627841, 70.269034313155203 ], [ 19.159462135223382, 70.269035390559949 ], [ 19.160498882553323, 70.269286537334423 ], [ 19.16088763627841, 70.269034313155203 ] ], [ [ 19.171956066381142, 70.269000725097982 ], [ 19.174313413039844, 70.267441695215268 ], [ 19.173455060653477, 70.266585096811752 ], [ 19.169725434006157, 70.267821558695914 ], [ 19.17231916189424, 70.267093249942107 ], [ 19.171956066381142, 70.269000725097982 ] ], [ [ 19.177961419001953, 70.269371951735152 ], [ 19.177411835442957, 70.269098174405741 ], [ 19.17702206627547, 70.26979146445855 ], [ 19.177961419001953, 70.269371951735152 ] ], [ [ 19.171807189804106, 70.26926403457125 ], [ 19.171124499724446, 70.269151469194142 ], [ 19.171207084495265, 70.269375984087816 ], [ 19.171807189804106, 70.26926403457125 ] ], [ [ 19.174168285343384, 70.269109691139406 ], [ 19.173123700972493, 70.269613660782497 ], [ 19.173345701760368, 70.269680032739046 ], [ 19.174168285343384, 70.269109691139406 ] ], [ [ 19.186552536307126, 70.26873052800326 ], [ 19.181327581686951, 70.270514479323097 ], [ 19.183507894729367, 70.271317932146317 ], [ 19.186552536307126, 70.26873052800326 ] ], [ [ 19.171097484513837, 70.27023842202027 ], [ 19.170528703356613, 70.27019707135365 ], [ 19.170421045429631, 70.270408117120283 ], [ 19.171097484513837, 70.27023842202027 ] ], [ [ 19.175639691420347, 70.270504386801235 ], [ 19.174528558731321, 70.270483816113853 ], [ 19.174831247583935, 70.270766388384942 ], [ 19.175639691420347, 70.270504386801235 ] ], [ [ 19.173272393772482, 70.270507307605854 ], [ 19.173946062790815, 70.270477118355103 ], [ 19.173910329154257, 70.270360239514915 ], [ 19.173272393772482, 70.270507307605854 ] ], [ [ 19.175377508015835, 70.269942418865611 ], [ 19.175395030633243, 70.269971034791851 ], [ 19.175409810603284, 70.269943016726373 ], [ 19.175377508015835, 70.269942418865611 ] ], [ [ 19.173340519008054, 70.271076565995415 ], [ 19.173605896816195, 70.270883962041154 ], [ 19.173272292968299, 70.270826020225314 ], [ 19.173340519008054, 70.271076565995415 ] ], [ [ 19.168084389434519, 70.271876930135548 ], [ 19.165767269161073, 70.271319162617218 ], [ 19.166741121705311, 70.27235749751695 ], [ 19.168084389434519, 70.271876930135548 ] ], [ [ 19.161928652441688, 70.271872295875568 ], [ 19.161037658738863, 70.271921034331825 ], [ 19.161484557801284, 70.27204592303363 ], [ 19.161928652441688, 70.271872295875568 ] ], [ [ 19.162583836613369, 70.27172576984141 ], [ 19.162453002692768, 70.271728528125351 ], [ 19.162489990600065, 70.271756155385845 ], [ 19.162583836613369, 70.27172576984141 ] ], [ [ 19.181511964117608, 70.272282656559128 ], [ 19.180519082402032, 70.272457949233058 ], [ 19.179567483975468, 70.273329813572175 ], [ 19.181511964117608, 70.272282656559128 ] ], [ [ 19.162351608671138, 70.272797244099579 ], [ 19.162402254602537, 70.272764983145521 ], [ 19.162329373047999, 70.272788593690038 ], [ 19.162351608671138, 70.272797244099579 ] ], [ [ 19.164966010261168, 70.272938625088599 ], [ 19.164894586289925, 70.272804241877196 ], [ 19.164798541115768, 70.272979791651849 ], [ 19.164966010261168, 70.272938625088599 ] ], [ [ 19.16295038321487, 70.272994091300973 ], [ 19.162969930443058, 70.272978992936345 ], [ 19.162935661288238, 70.272977899152082 ], [ 19.16295038321487, 70.272994091300973 ] ], [ [ 19.160800641606293, 70.273218594388126 ], [ 19.16020372456628, 70.2731528817324 ], [ 19.160543432103655, 70.273309184769786 ], [ 19.160800641606293, 70.273218594388126 ] ], [ [ 19.160968348097853, 70.273312384526335 ], [ 19.160842534213867, 70.273315025305465 ], [ 19.160901783576652, 70.273359299760131 ], [ 19.160968348097853, 70.273312384526335 ] ], [ [ 19.161628081679329, 70.273273311172929 ], [ 19.161527546677178, 70.273302233455325 ], [ 19.161632437230498, 70.273344643088322 ], [ 19.161628081679329, 70.273273311172929 ] ], [ [ 19.162197086852121, 70.273461055835497 ], [ 19.161895309946278, 70.273519434043081 ], [ 19.162102178118314, 70.273547892948642 ], [ 19.162197086852121, 70.273461055835497 ] ], [ [ 19.163471468601294, 70.273479274922877 ], [ 19.163519747717196, 70.273546804824022 ], [ 19.163557103650351, 70.273540818565152 ], [ 19.163471468601294, 70.273479274922877 ] ], [ [ 19.16502156194078, 70.272967259736518 ], [ 19.166142339269452, 70.272928634943739 ], [ 19.165735117987431, 70.272738683041879 ], [ 19.16502156194078, 70.272967259736518 ] ], [ [ 19.174726181873829, 70.272786849162628 ], [ 19.17436062894302, 70.27282309791353 ], [ 19.174537376836639, 70.272904806093692 ], [ 19.174726181873829, 70.272786849162628 ] ], [ [ 19.183344859290983, 70.273236430873652 ], [ 19.184215575530875, 70.273659609826936 ], [ 19.183935299280936, 70.27332081884505 ], [ 19.184425801066308, 70.272848455484464 ], [ 19.183344859290983, 70.273236430873652 ] ], [ [ 19.17418669533641, 70.273974204759227 ], [ 19.173992018726793, 70.273892013574212 ], [ 19.174182385581052, 70.2740798826797 ], [ 19.17418669533641, 70.273974204759227 ] ], [ [ 19.16550674289158, 70.274854613651939 ], [ 19.159913746089405, 70.274665871847645 ], [ 19.163170432839763, 70.276122067472627 ], [ 19.16550674289158, 70.274854613651939 ] ], [ [ 19.159577019640494, 70.275374865327493 ], [ 19.15907889249749, 70.275208834698034 ], [ 19.158892700586918, 70.275425549925259 ], [ 19.159577019640494, 70.275374865327493 ] ], [ [ 19.161075277444223, 70.277203843413801 ], [ 19.159583498704343, 70.275909516067074 ], [ 19.159295927209268, 70.276376837415995 ], [ 19.161075277444223, 70.277203843413801 ] ], [ [ 19.193374598072179, 70.27625708137623 ], [ 19.194224682097026, 70.276055666050027 ], [ 19.192813786656245, 70.275843071496752 ], [ 19.192332347751876, 70.276051883485195 ], [ 19.193374598072179, 70.27625708137623 ] ], [ [ 19.174219368940097, 70.277348345368466 ], [ 19.173459377228017, 70.277122654190833 ], [ 19.173018261484895, 70.277407838279302 ], [ 19.174219368940097, 70.277348345368466 ] ], [ [ 19.173256847157187, 70.277152421552103 ], [ 19.173092817326737, 70.277121632939156 ], [ 19.173189436688808, 70.277214726197471 ], [ 19.173256847157187, 70.277152421552103 ] ], [ [ 19.192953102551424, 70.276980625870493 ], [ 19.19257360156292, 70.277012653219742 ], [ 19.192979485624218, 70.277078492244101 ], [ 19.192953102551424, 70.276980625870493 ] ], [ [ 19.202511792895375, 70.276517398029839 ], [ 19.20245545955806, 70.276889280328689 ], [ 19.202978520803644, 70.277146449210591 ], [ 19.202511792895375, 70.276517398029839 ] ], [ [ 19.173279992825567, 70.278252589316779 ], [ 19.172440169357209, 70.277847690638083 ], [ 19.172510904571244, 70.278203397003281 ], [ 19.173279992825567, 70.278252589316779 ] ], [ [ 19.172301766171056, 70.278321103031956 ], [ 19.171715978140934, 70.278377816502186 ], [ 19.171972969611083, 70.278496753474684 ], [ 19.172301766171056, 70.278321103031956 ] ], [ [ 19.174091801558959, 70.278523534133498 ], [ 19.173578530459331, 70.27847371221354 ], [ 19.173509017725983, 70.278613339648871 ], [ 19.174091801558959, 70.278523534133498 ] ], [ [ 19.175467904515919, 70.278258072952255 ], [ 19.176315550977758, 70.278644806708996 ], [ 19.176469634905555, 70.277963912562228 ], [ 19.175467904515919, 70.278258072952255 ] ], [ [ 19.176365531703794, 70.278802777433057 ], [ 19.176118431732508, 70.278825405665714 ], [ 19.176241562421776, 70.278907459320223 ], [ 19.176365531703794, 70.278802777433057 ] ], [ [ 19.178165659725497, 70.278546051683776 ], [ 19.177006891977491, 70.279334019635513 ], [ 19.177205573662256, 70.279408118851578 ], [ 19.178165659725497, 70.278546051683776 ] ], [ [ 19.170503755188872, 70.279591174131724 ], [ 19.169516744112951, 70.279677036791327 ], [ 19.169436772710522, 70.280041626955608 ], [ 19.170503755188872, 70.279591174131724 ] ], [ [ 19.192623419598753, 70.279157592769153 ], [ 19.194918464529287, 70.279102029343647 ], [ 19.193411564199621, 70.278681142772669 ], [ 19.192623419598753, 70.279157592769153 ] ], [ [ 19.189597070571615, 70.278726610774385 ], [ 19.191671455153507, 70.278514577020402 ], [ 19.189346366108492, 70.278397919044437 ], [ 19.189597070571615, 70.278726610774385 ] ], [ [ 19.203299716418385, 70.277344176184357 ], [ 19.204228913003551, 70.277826466841134 ], [ 19.203681967425265, 70.277025600354406 ], [ 19.203299716418385, 70.277344176184357 ] ], [ [ 19.176735958939801, 70.277962581934347 ], [ 19.176821753377862, 70.277925277600545 ], [ 19.176659184211452, 70.277933095203252 ], [ 19.176735958939801, 70.277962581934347 ] ], [ [ 19.187383975496175, 70.278076637381446 ], [ 19.185426229529462, 70.278388252588883 ], [ 19.186751721535202, 70.278522205002659 ], [ 19.187383975496175, 70.278076637381446 ] ], [ [ 19.179011165579567, 70.278449050075935 ], [ 19.178725984721655, 70.278144869316094 ], [ 19.178571515726571, 70.278473368793357 ], [ 19.179011165579567, 70.278449050075935 ] ], [ [ 19.193371782538041, 70.278008694967752 ], [ 19.194097081255133, 70.278155773726127 ], [ 19.193968738809158, 70.277950930403023 ], [ 19.193371782538041, 70.278008694967752 ] ], [ [ 19.190667869364603, 70.277931165621069 ], [ 19.190898788435288, 70.277895864829333 ], [ 19.190627307574697, 70.277896707582386 ], [ 19.190667869364603, 70.277931165621069 ] ], [ [ 19.185303790000368, 70.278794996961068 ], [ 19.185940796286282, 70.278612508679132 ], [ 19.185586211757723, 70.278556871701454 ], [ 19.185303790000368, 70.278794996961068 ] ], [ [ 19.182873593069825, 70.279080192713209 ], [ 19.182518552104309, 70.27895052040428 ], [ 19.182535994631344, 70.2790465285333 ], [ 19.182873593069825, 70.279080192713209 ] ], [ [ 19.179269216457097, 70.279355433069199 ], [ 19.17854433623868, 70.279240094434357 ], [ 19.178791353669144, 70.279453511093436 ], [ 19.179269216457097, 70.279355433069199 ] ], [ [ 19.188143758111298, 70.279176295651766 ], [ 19.188044703116233, 70.279198099930056 ], [ 19.188072115133515, 70.279215073370594 ], [ 19.188143758111298, 70.279176295651766 ] ], [ [ 19.173017263151856, 70.278318705547917 ], [ 19.172921042999192, 70.278234138927942 ], [ 19.172882551396398, 70.278269894829364 ], [ 19.173017263151856, 70.278318705547917 ] ], [ [ 19.194591677924574, 70.276778621394428 ], [ 19.195211013830956, 70.276207165930401 ], [ 19.195096687919495, 70.276155469534871 ], [ 19.194591677924574, 70.276778621394428 ] ], [ [ 19.204819048782824, 70.275869802994322 ], [ 19.205589033961953, 70.276208892301796 ], [ 19.205661517183017, 70.276106918077133 ], [ 19.204819048782824, 70.275869802994322 ] ], [ [ 19.194530688810151, 70.276277212992966 ], [ 19.194672614335101, 70.276238770254821 ], [ 19.194606259004036, 70.276220010180296 ], [ 19.194530688810151, 70.276277212992966 ] ], [ [ 19.166942881849508, 70.276511485226251 ], [ 19.167063514617247, 70.276488474113322 ], [ 19.166957720056885, 70.276478435082026 ], [ 19.166942881849508, 70.276511485226251 ] ], [ [ 19.192700011655134, 70.276205503396923 ], [ 19.192814163789301, 70.276227732748012 ], [ 19.192760654078548, 70.276187197244468 ], [ 19.192700011655134, 70.276205503396923 ] ], [ [ 19.171673832282799, 70.276953450829481 ], [ 19.171693341879113, 70.276926401850062 ], [ 19.171633881290383, 70.276927061827607 ], [ 19.171673832282799, 70.276953450829481 ] ], [ [ 19.205495629450866, 70.274770409632282 ], [ 19.207804356993019, 70.275693517839272 ], [ 19.205629109681151, 70.274101543328641 ], [ 19.205495629450866, 70.274770409632282 ] ], [ [ 19.212229007362946, 70.274303303131774 ], [ 19.21256745920741, 70.274150707441095 ], [ 19.212350082519393, 70.274063694801598 ], [ 19.212229007362946, 70.274303303131774 ] ], [ [ 19.206173284724642, 70.274042633060262 ], [ 19.207970258526885, 70.273888283054703 ], [ 19.206879795968476, 70.273383187784944 ], [ 19.206173284724642, 70.274042633060262 ] ], [ [ 19.214420952479173, 70.273127847347965 ], [ 19.214690030524032, 70.273157035992824 ], [ 19.214486337618375, 70.273067998030385 ], [ 19.214420952479173, 70.273127847347965 ] ], [ [ 19.187791014186875, 70.27451745170076 ], [ 19.192190439920637, 70.273296997334342 ], [ 19.192273366167012, 70.272016515630909 ], [ 19.187791014186875, 70.27451745170076 ] ], [ [ 19.205368442059338, 70.273104661597529 ], [ 19.206486246402381, 70.273072413198491 ], [ 19.205911197752737, 70.27280919297317 ], [ 19.205368442059338, 70.273104661597529 ] ], [ [ 19.212489836388087, 70.272795325954931 ], [ 19.212588404518321, 70.272873798830418 ], [ 19.212640923947429, 70.272806973187272 ], [ 19.212489836388087, 70.272795325954931 ] ], [ [ 19.212662119173938, 70.2727210227916 ], [ 19.213059251648271, 70.272825929188755 ], [ 19.21308279617881, 70.272662017655321 ], [ 19.212662119173938, 70.2727210227916 ] ], [ [ 19.212746640437526, 70.272701251481294 ], [ 19.212524832361066, 70.272639233512677 ], [ 19.212429461634308, 70.272722787678234 ], [ 19.212746640437526, 70.272701251481294 ] ], [ [ 19.205597024461284, 70.272919424728826 ], [ 19.205222023983655, 70.272870414923631 ], [ 19.205317417845176, 70.273002340084417 ], [ 19.205597024461284, 70.272919424728826 ] ], [ [ 19.195097545465501, 70.273399404933215 ], [ 19.195192308452867, 70.273022318009822 ], [ 19.194685667688173, 70.273042310844829 ], [ 19.195097545465501, 70.273399404933215 ] ], [ [ 19.198635566911431, 70.27271464045117 ], [ 19.198258890797362, 70.272813378409282 ], [ 19.198508944746607, 70.272842046321927 ], [ 19.198635566911431, 70.27271464045117 ] ], [ [ 19.194497679160001, 70.272087309221433 ], [ 19.194543077801356, 70.272274317746493 ], [ 19.194784155587495, 70.272134181963168 ], [ 19.194497679160001, 70.272087309221433 ] ], [ [ 19.197409382835605, 70.271747299684321 ], [ 19.197555502608566, 70.27213664852033 ], [ 19.197827687669033, 70.271899007694074 ], [ 19.197409382835605, 70.271747299684321 ] ], [ [ 19.194022690554693, 70.27215274812265 ], [ 19.194298562474099, 70.271979813195003 ], [ 19.193964353054827, 70.271916710711082 ], [ 19.194022690554693, 70.27215274812265 ] ], [ [ 19.193953165301622, 70.271523495203553 ], [ 19.195161906777507, 70.271384783240435 ], [ 19.194980098791152, 70.271227913109598 ], [ 19.193953165301622, 70.271523495203553 ] ], [ [ 19.191398801539069, 70.271193338682266 ], [ 19.193009650977302, 70.270514045667909 ], [ 19.191481038600688, 70.269851952339877 ], [ 19.192351720897133, 70.270554812426141 ], [ 19.191398801539069, 70.271193338682266 ] ], [ [ 19.194117817755259, 70.270344168379083 ], [ 19.19628131606601, 70.268268178580584 ], [ 19.19602148291478, 70.267166053471726 ], [ 19.194054468724151, 70.268642527859356 ], [ 19.194117817755259, 70.270344168379083 ] ], [ [ 19.193273702715032, 70.269266449195783 ], [ 19.192423493477836, 70.269443787352969 ], [ 19.193008233478341, 70.26977924265428 ], [ 19.193273702715032, 70.269266449195783 ] ], [ [ 19.194018871703527, 70.269518818455609 ], [ 19.193782985295496, 70.269604829657055 ], [ 19.193942179274689, 70.269606868053131 ], [ 19.194018871703527, 70.269518818455609 ] ], [ [ 19.187357667339782, 70.270800276441292 ], [ 19.186716645029502, 70.271017911790253 ], [ 19.187302623237109, 70.271057194651021 ], [ 19.187357667339782, 70.270800276441292 ] ], [ [ 19.18758528539016, 70.270935599534127 ], [ 19.188240992357724, 70.270891667639745 ], [ 19.188294897279867, 70.270677456455886 ], [ 19.18758528539016, 70.270935599534127 ] ], [ [ 19.191647846691062, 70.270737899744248 ], [ 19.191151171422955, 70.270754326811485 ], [ 19.191256229837386, 70.270835084361835 ], [ 19.191647846691062, 70.270737899744248 ] ], [ [ 19.181925022245469, 70.27154622236111 ], [ 19.182307649412266, 70.271289776929706 ], [ 19.181375104717453, 70.271343177932536 ], [ 19.181925022245469, 70.27154622236111 ] ], [ [ 19.190240068766744, 70.271272184702397 ], [ 19.189153181939069, 70.271563653575797 ], [ 19.189125291912379, 70.27176324186847 ], [ 19.190240068766744, 70.271272184702397 ] ], [ [ 19.190946504223007, 70.271468861095642 ], [ 19.19015118497197, 70.271434826303533 ], [ 19.189954262319745, 70.271723625130932 ], [ 19.190946504223007, 70.271468861095642 ] ], [ [ 19.184212349229718, 70.273455895025577 ], [ 19.18417147287208, 70.273440672088228 ], [ 19.184164476077985, 70.273453324611296 ], [ 19.184212349229718, 70.273455895025577 ] ], [ [ 19.179329617926488, 70.273833760641622 ], [ 19.179463276507065, 70.273792557021054 ], [ 19.179336274429069, 70.27378023270704 ], [ 19.179329617926488, 70.273833760641622 ] ], [ [ 19.178995299117773, 70.27398035238916 ], [ 19.179247190198378, 70.27394889180465 ], [ 19.179242472142086, 70.273860405389371 ], [ 19.178995299117773, 70.27398035238916 ] ], [ [ 19.182771879061907, 70.274300152752289 ], [ 19.182675028323828, 70.274062493845108 ], [ 19.182560278033908, 70.274357008780598 ], [ 19.182771879061907, 70.274300152752289 ] ], [ [ 19.178492171548136, 70.275398793469961 ], [ 19.176610335191505, 70.274936348926147 ], [ 19.177018858222791, 70.275781552540579 ], [ 19.178492171548136, 70.275398793469961 ] ], [ [ 19.166342825479983, 70.275136258198231 ], [ 19.167221355580811, 70.274980949651393 ], [ 19.16674415984907, 70.27486063866381 ], [ 19.166342825479983, 70.275136258198231 ] ], [ [ 19.202042503218738, 70.27490645958612 ], [ 19.203149754442688, 70.275292401296483 ], [ 19.20291830439384, 70.274902711946638 ], [ 19.202042503218738, 70.27490645958612 ] ], [ [ 19.193891934792461, 70.273794847454099 ], [ 19.194783921300022, 70.274448412527747 ], [ 19.194967274077595, 70.273692586217663 ], [ 19.193891934792461, 70.273794847454099 ] ], [ [ 19.204794348537835, 70.274253506901459 ], [ 19.204758833997879, 70.274291807144635 ], [ 19.204876460796481, 70.274254372969807 ], [ 19.204794348537835, 70.274253506901459 ] ], [ [ 19.19975526005053, 70.273732983734234 ], [ 19.19980488599629, 70.273828599754395 ], [ 19.199924481039616, 70.273711061447131 ], [ 19.19975526005053, 70.273732983734234 ] ], [ [ 19.188014564405073, 70.268642483713677 ], [ 19.189017890567396, 70.268659011058574 ], [ 19.188213195065863, 70.268501548156465 ], [ 19.188014564405073, 70.268642483713677 ] ], [ [ 19.188363247518854, 70.268285456978489 ], [ 19.188898944383318, 70.268430585110963 ], [ 19.1885500259671, 70.268141202776647 ], [ 19.188363247518854, 70.268285456978489 ] ], [ [ 19.179083687197505, 70.268493791184014 ], [ 19.179388471114674, 70.268368460377076 ], [ 19.179348556652016, 70.268338298495024 ], [ 19.179083687197505, 70.268493791184014 ] ], [ [ 19.181772927577001, 70.26794696332027 ], [ 19.181330499848951, 70.268101466891906 ], [ 19.181373538133045, 70.268173068394148 ], [ 19.181772927577001, 70.26794696332027 ] ], [ [ 19.175220656594117, 70.267696214551137 ], [ 19.175690274248023, 70.267744524185545 ], [ 19.175683015196245, 70.267469560698629 ], [ 19.175220656594117, 70.267696214551137 ] ], [ [ 19.177349612652336, 70.267451430581829 ], [ 19.179026141024245, 70.267441590314661 ], [ 19.178443111749921, 70.266479324446479 ], [ 19.177349612652336, 70.267451430581829 ] ], [ [ 19.177070823120118, 70.266552988612773 ], [ 19.177124650048484, 70.26649602888358 ], [ 19.177055805961331, 70.26650400769158 ], [ 19.177070823120118, 70.266552988612773 ] ], [ [ 19.173674523811847, 70.266088414540306 ], [ 19.175141399046758, 70.265678413962846 ], [ 19.174687538513627, 70.265471955079818 ], [ 19.173674523811847, 70.266088414540306 ] ], [ [ 19.177040512763462, 70.266360866368586 ], [ 19.176874264835998, 70.266384136480696 ], [ 19.177059167894189, 70.266372832857215 ], [ 19.177040512763462, 70.266360866368586 ] ], [ [ 19.171277649382858, 70.265559714788381 ], [ 19.171455031250208, 70.265506180532796 ], [ 19.171301888839142, 70.265480081562501 ], [ 19.171277649382858, 70.265559714788381 ] ], [ [ 19.171273252322749, 70.265401944498649 ], [ 19.171607295312828, 70.265475602291545 ], [ 19.17158073609637, 70.265330476313466 ], [ 19.171273252322749, 70.265401944498649 ] ], [ [ 19.177495470982461, 70.264525814652714 ], [ 19.178868904022895, 70.264783768985936 ], [ 19.178328371637814, 70.264408880281721 ], [ 19.177495470982461, 70.264525814652714 ] ], [ [ 19.267095009254533, 70.262349373139884 ], [ 19.267300745919535, 70.262347814621762 ], [ 19.267311100253458, 70.262256898157702 ], [ 19.267095009254533, 70.262349373139884 ] ], [ [ 19.171980047802201, 70.266395409253008 ], [ 19.171562965711495, 70.266165716039026 ], [ 19.171275175131949, 70.266468997949744 ], [ 19.171980047802201, 70.266395409253008 ] ], [ [ 19.17029791751148, 70.266243669472999 ], [ 19.17055568225755, 70.266198335624438 ], [ 19.170335363792386, 70.266185834083061 ], [ 19.17029791751148, 70.266243669472999 ] ], [ [ 19.173748059114839, 70.266494642807075 ], [ 19.173857167758207, 70.266488516171364 ], [ 19.173861083575229, 70.266476384905559 ], [ 19.173748059114839, 70.266494642807075 ] ], [ [ 19.175689236437957, 70.267156276073464 ], [ 19.175795217983541, 70.267111224422379 ], [ 19.175660987919933, 70.267133749763829 ], [ 19.175689236437957, 70.267156276073464 ] ], [ [ 19.175622498211741, 70.267264841522106 ], [ 19.175918531213188, 70.267232448887881 ], [ 19.17591323191094, 70.267176323514505 ], [ 19.175622498211741, 70.267264841522106 ] ], [ [ 19.166289629040296, 70.268284143511124 ], [ 19.165233653726123, 70.268060251155987 ], [ 19.16532614251712, 70.268444026677358 ], [ 19.166289629040296, 70.268284143511124 ] ], [ [ 19.168838334952131, 70.267927845238276 ], [ 19.16911035601532, 70.268160817998549 ], [ 19.169436111966178, 70.26782422349045 ], [ 19.168838334952131, 70.267927845238276 ] ], [ [ 19.171846593042083, 70.267759244839496 ], [ 19.171663055345107, 70.267837541719345 ], [ 19.171772615842183, 70.267865011178642 ], [ 19.171846593042083, 70.267759244839496 ] ], [ [ 19.161045241997652, 70.268948541593502 ], [ 19.161110126982862, 70.269032489970371 ], [ 19.161161601058652, 70.268958428677138 ], [ 19.161045241997652, 70.268948541593502 ] ], [ [ 19.267561387374212, 70.262101246922228 ], [ 19.267141673224216, 70.26214913153612 ], [ 19.267315175222631, 70.262226607822399 ], [ 19.267561387374212, 70.262101246922228 ] ], [ [ 19.199488976097161, 70.263412880993926 ], [ 19.198713100161545, 70.263403595558358 ], [ 19.198938139452121, 70.263569245817735 ], [ 19.199488976097161, 70.263412880993926 ] ], [ [ 19.19781654058297, 70.263032849570607 ], [ 19.198146717529134, 70.263162709332136 ], [ 19.198048150678346, 70.262931565696888 ], [ 19.19781654058297, 70.263032849570607 ] ], [ [ 19.199444747170833, 70.262776656471715 ], [ 19.199576637346691, 70.262995160311519 ], [ 19.199835833696188, 70.262940403916062 ], [ 19.199444747170833, 70.262776656471715 ] ], [ [ 19.137050860934924, 70.264416383384969 ], [ 19.137144527556746, 70.263961472515533 ], [ 19.136734445247889, 70.264079716189073 ], [ 19.137050860934924, 70.264416383384969 ] ], [ [ 19.137599994080212, 70.263899597852031 ], [ 19.137320163718869, 70.263991304856248 ], [ 19.137575645457904, 70.264017592569644 ], [ 19.137599994080212, 70.263899597852031 ] ], [ [ 19.135834279651689, 70.264495943981657 ], [ 19.135630620342251, 70.264328295528315 ], [ 19.13555040999535, 70.264553148495196 ], [ 19.135834279651689, 70.264495943981657 ] ], [ [ 19.136022625185667, 70.264603385461314 ], [ 19.136157660242816, 70.264576828453286 ], [ 19.136069971310484, 70.264557281445278 ], [ 19.136022625185667, 70.264603385461314 ] ], [ [ 19.161565299288416, 70.265330908714091 ], [ 19.162617514367945, 70.264232096611778 ], [ 19.161043034702509, 70.265446145613865 ], [ 19.161565299288416, 70.265330908714091 ] ], [ [ 19.161616068456222, 70.264400659138659 ], [ 19.161428921701418, 70.264314239529739 ], [ 19.161374526728217, 70.264397443869655 ], [ 19.161616068456222, 70.264400659138659 ] ], [ [ 19.151922031302199, 70.265734160329714 ], [ 19.152658785300066, 70.265474907474143 ], [ 19.152236905860018, 70.265428043219742 ], [ 19.151922031302199, 70.265734160329714 ] ], [ [ 19.138379776333704, 70.265865280341117 ], [ 19.13871314760291, 70.265698752321427 ], [ 19.138685288195724, 70.265658152165059 ], [ 19.138379776333704, 70.265865280341117 ] ], [ [ 19.156240989012463, 70.266493281189824 ], [ 19.154920585263071, 70.266405729097954 ], [ 19.155778537789594, 70.266757171908509 ], [ 19.156240989012463, 70.266493281189824 ] ], [ [ 19.138714311494425, 70.265598991526943 ], [ 19.138764889494816, 70.2656414947499 ], [ 19.13879601511648, 70.265595403873917 ], [ 19.138714311494425, 70.265598991526943 ] ], [ [ 19.137934754822542, 70.265509470892482 ], [ 19.13779795019834, 70.265502196283208 ], [ 19.137839395641134, 70.265542933162237 ], [ 19.137934754822542, 70.265509470892482 ] ], [ [ 19.138459989663414, 70.265401782787336 ], [ 19.138536180031007, 70.265438125868442 ], [ 19.138548689378084, 70.265392014239637 ], [ 19.138459989663414, 70.265401782787336 ] ], [ [ 19.138417991995574, 70.265085217913139 ], [ 19.138332220078411, 70.265106869147644 ], [ 19.138420627516059, 70.265107530015442 ], [ 19.138417991995574, 70.265085217913139 ] ], [ [ 19.153561061590576, 70.264656454136798 ], [ 19.153658929888397, 70.264682856108038 ], [ 19.15359106661171, 70.264650998886779 ], [ 19.153561061590576, 70.264656454136798 ] ], [ [ 19.138336141739863, 70.265028698873536 ], [ 19.138576240101738, 70.264969352607153 ], [ 19.138603552686568, 70.264918856988047 ], [ 19.138336141739863, 70.265028698873536 ] ], [ [ 19.153405782905473, 70.264666959528768 ], [ 19.153403580504332, 70.264688934228843 ], [ 19.153501225018235, 70.264677424011083 ], [ 19.153405782905473, 70.264666959528768 ] ], [ [ 19.137669019105186, 70.264899302019259 ], [ 19.137588536080749, 70.264936644861876 ], [ 19.137638615938567, 70.264937109814838 ], [ 19.137669019105186, 70.264899302019259 ] ], [ [ 19.156335090205545, 70.263386449770621 ], [ 19.156411499009206, 70.263453959373251 ], [ 19.15647438923741, 70.263403446341343 ], [ 19.156335090205545, 70.263386449770621 ] ], [ [ 19.156179060525851, 70.263399760551067 ], [ 19.156198806582662, 70.263372528213921 ], [ 19.156169511871489, 70.263374912563663 ], [ 19.156179060525851, 70.263399760551067 ] ], [ [ 19.16791112197695, 70.263441680378776 ], [ 19.168302068478784, 70.263448791020238 ], [ 19.168158147808644, 70.263393363582139 ], [ 19.16791112197695, 70.263441680378776 ] ], [ [ 19.286310786654674, 70.260333464237505 ], [ 19.285832794394931, 70.260464829231438 ], [ 19.286410996940056, 70.260591948926034 ], [ 19.286310786654674, 70.260333464237505 ] ], [ [ 19.287670633701271, 70.259934658902907 ], [ 19.288063314909245, 70.259944882173954 ], [ 19.288010837421812, 70.259842521044774 ], [ 19.287670633701271, 70.259934658902907 ] ], [ [ 19.287429099326371, 70.259921279067839 ], [ 19.28753958206017, 70.2599041757734 ], [ 19.287571048930527, 70.259871523574304 ], [ 19.287429099326371, 70.259921279067839 ] ], [ [ 19.185987499604884, 70.267931485136813 ], [ 19.185603566828256, 70.267909691388141 ], [ 19.185676974075353, 70.268105393333457 ], [ 19.185987499604884, 70.267931485136813 ] ], [ [ 19.18600501918084, 70.267527001108292 ], [ 19.186043991357074, 70.26756293431157 ], [ 19.186052037727016, 70.267535880475521 ], [ 19.18600501918084, 70.267527001108292 ] ], [ [ 19.212833551891052, 70.27238858023324 ], [ 19.212890264478393, 70.272451050323724 ], [ 19.21297025819409, 70.272407932253515 ], [ 19.212833551891052, 70.27238858023324 ] ], [ [ 19.205175604439482, 70.27250623433676 ], [ 19.205164863458524, 70.272523917581424 ], [ 19.205209193689925, 70.272524768126516 ], [ 19.205175604439482, 70.27250623433676 ] ], [ [ 19.202891591676771, 70.27243409068393 ], [ 19.202663324671505, 70.272446882553339 ], [ 19.202824932577787, 70.272493066350506 ], [ 19.202891591676771, 70.27243409068393 ] ], [ [ 19.208904823117098, 70.27218663745802 ], [ 19.209136742771211, 70.272282478606172 ], [ 19.209064351717032, 70.272172031603489 ], [ 19.208904823117098, 70.27218663745802 ] ], [ [ 19.209575577937386, 70.272174534131992 ], [ 19.209268796652601, 70.272190969245727 ], [ 19.209501995927663, 70.272267101397262 ], [ 19.209575577937386, 70.272174534131992 ] ], [ [ 19.212072378836258, 70.271855135162909 ], [ 19.211855490709684, 70.271973883313024 ], [ 19.21209214102559, 70.272000689846962 ], [ 19.212072378836258, 70.271855135162909 ] ], [ [ 19.212280845929019, 70.271990879056546 ], [ 19.212782316266622, 70.271765723566972 ], [ 19.21236173686108, 70.271729208142006 ], [ 19.212280845929019, 70.271990879056546 ] ], [ [ 19.209339911003482, 70.271897001178843 ], [ 19.20932550449886, 70.271786545064899 ], [ 19.209252559346211, 70.271698036145111 ], [ 19.209339911003482, 70.271897001178843 ] ], [ [ 19.213425530260068, 70.271361665238913 ], [ 19.213915749832641, 70.271506801069521 ], [ 19.21384172234756, 70.271326305334597 ], [ 19.213425530260068, 70.271361665238913 ] ], [ [ 19.209135280779538, 70.271871957759004 ], [ 19.20885885884265, 70.271800341122969 ], [ 19.208923543632086, 70.271891379751565 ], [ 19.209135280779538, 70.271871957759004 ] ], [ [ 19.217271008980763, 70.275525473658192 ], [ 19.21722821747456, 70.275776819483212 ], [ 19.217397213357081, 70.275655413894455 ], [ 19.217271008980763, 70.275525473658192 ] ], [ [ 19.217533179133671, 70.276231536714945 ], [ 19.217830502779293, 70.276013490615043 ], [ 19.2172155894512, 70.276040307739251 ], [ 19.217533179133671, 70.276231536714945 ] ], [ [ 19.217449252085668, 70.276369458588789 ], [ 19.217311262588314, 70.276334953537813 ], [ 19.217593234932547, 70.276468071062411 ], [ 19.217449252085668, 70.276369458588789 ] ], [ [ 19.217339612350884, 70.276735681772749 ], [ 19.217523289316855, 70.276649425707234 ], [ 19.217283075258656, 70.276645712113051 ], [ 19.217339612350884, 70.276735681772749 ] ], [ [ 19.217380781634695, 70.276866088089974 ], [ 19.217386210531355, 70.276814831972928 ], [ 19.217340603523365, 70.276836298787032 ], [ 19.217380781634695, 70.276866088089974 ] ], [ [ 19.217255909810028, 70.277226827495397 ], [ 19.21766179982076, 70.277126555958262 ], [ 19.217544058315664, 70.2770792657995 ], [ 19.217255909810028, 70.277226827495397 ] ], [ [ 19.190710717694046, 70.279778484534432 ], [ 19.190246350608906, 70.279602401680648 ], [ 19.190273045862817, 70.279948080897555 ], [ 19.190710717694046, 70.279778484534432 ] ], [ [ 19.179229482134435, 70.280649534216181 ], [ 19.179837633948775, 70.279861225433038 ], [ 19.178307108748204, 70.280049436601089 ], [ 19.179229482134435, 70.280649534216181 ] ], [ [ 19.172870788531071, 70.280161402017967 ], [ 19.172956140787967, 70.280148011119053 ], [ 19.172905940356589, 70.280148456561776 ], [ 19.172870788531071, 70.280161402017967 ] ], [ [ 19.173436157226099, 70.280702594943861 ], [ 19.172655404334108, 70.280461745141139 ], [ 19.172996896483372, 70.280807578265424 ], [ 19.173436157226099, 70.280702594943861 ] ], [ [ 19.173525932466973, 70.280767183871916 ], [ 19.173507607009597, 70.280841917734477 ], [ 19.173548408210465, 70.280766482835617 ], [ 19.173525932466973, 70.280767183871916 ] ], [ [ 19.193011989138398, 70.279631958311441 ], [ 19.191418462503851, 70.28092571097811 ], [ 19.193461924076967, 70.281816365472594 ], [ 19.194605334500217, 70.280226770872872 ], [ 19.193011989138398, 70.279631958311441 ] ], [ [ 19.18903636231892, 70.280609366309548 ], [ 19.188069893239458, 70.280704557320803 ], [ 19.189115746261994, 70.280891279652394 ], [ 19.18903636231892, 70.280609366309548 ] ], [ [ 19.178919269630285, 70.28112011597625 ], [ 19.177545617926828, 70.281365685919567 ], [ 19.178504138740209, 70.281532931252244 ], [ 19.178919269630285, 70.28112011597625 ] ], [ [ 19.189882263605273, 70.281568190052013 ], [ 19.1863162567067, 70.281781569945977 ], [ 19.187862029903055, 70.283497946716409 ], [ 19.189882263605273, 70.281568190052013 ] ], [ [ 19.170529332128211, 70.281912207876204 ], [ 19.170857587266617, 70.28181995778526 ], [ 19.170534725274226, 70.281792128881449 ], [ 19.170529332128211, 70.281912207876204 ] ], [ [ 19.178623036565725, 70.283161827015732 ], [ 19.17649109332195, 70.282147632426756 ], [ 19.177237637953123, 70.283492845889853 ], [ 19.178623036565725, 70.283161827015732 ] ], [ [ 19.147499402730226, 70.283452085102113 ], [ 19.146730587755101, 70.283342932878554 ], [ 19.146998779238007, 70.283596691920238 ], [ 19.147499402730226, 70.283452085102113 ] ], [ [ 19.168066873283671, 70.283691565528613 ], [ 19.168502833598662, 70.283402294117749 ], [ 19.168113445232439, 70.283419130897471 ], [ 19.168066873283671, 70.283691565528613 ] ], [ [ 19.174024839877998, 70.283554187685581 ], [ 19.173910906247166, 70.283669147197884 ], [ 19.17396120624197, 70.283669148606705 ], [ 19.174024839877998, 70.283554187685581 ] ], [ [ 19.181551581448371, 70.282843465008554 ], [ 19.181632325994045, 70.282965407691009 ], [ 19.181846929215812, 70.28291369640209 ], [ 19.181551581448371, 70.282843465008554 ] ], [ [ 19.179121515034097, 70.281099245028727 ], [ 19.178976114228984, 70.281216287274162 ], [ 19.179152728236783, 70.281103551888648 ], [ 19.179121515034097, 70.281099245028727 ] ], [ [ 19.195388273656263, 70.280093141980203 ], [ 19.196666766098321, 70.282209165092993 ], [ 19.196317071523595, 70.279993577396283 ], [ 19.195388273656263, 70.280093141980203 ] ], [ [ 19.211624041851039, 70.281866881954002 ], [ 19.211789994824962, 70.281907836058437 ], [ 19.211513479772066, 70.281824810954816 ], [ 19.211624041851039, 70.281866881954002 ] ], [ [ 19.229305375168174, 70.280183616249744 ], [ 19.229540281805765, 70.280073588810836 ], [ 19.229409400344103, 70.280059592456922 ], [ 19.229305375168174, 70.280183616249744 ] ], [ [ 19.229489372062105, 70.279984118437667 ], [ 19.229520581838948, 70.280015464217271 ], [ 19.229516586442767, 70.279984467120826 ], [ 19.229489372062105, 70.279984118437667 ] ], [ [ 19.228650508036427, 70.279703440027092 ], [ 19.229265377383317, 70.27968107973912 ], [ 19.229185971385846, 70.279559211291513 ], [ 19.228650508036427, 70.279703440027092 ] ], [ [ 19.23575959731706, 70.279357838633487 ], [ 19.235847600892146, 70.279439964579623 ], [ 19.235862251522676, 70.279351108513836 ], [ 19.23575959731706, 70.279357838633487 ] ], [ [ 19.196000400200212, 70.282517544221776 ], [ 19.196227126268404, 70.282400387064683 ], [ 19.195887666873254, 70.282449097344553 ], [ 19.196000400200212, 70.282517544221776 ] ], [ [ 19.245483371884504, 70.281504176049793 ], [ 19.245697497056032, 70.281493372440252 ], [ 19.245644505268636, 70.281475213143125 ], [ 19.245483371884504, 70.281504176049793 ] ], [ [ 19.167120283638081, 70.284177847374906 ], [ 19.166528204804511, 70.284225431113029 ], [ 19.166720886110205, 70.284307947457322 ], [ 19.167120283638081, 70.284177847374906 ] ], [ [ 19.199435825680194, 70.283445672592833 ], [ 19.198864208901135, 70.283630546000367 ], [ 19.199458000718341, 70.283700884526525 ], [ 19.199435825680194, 70.283445672592833 ] ], [ [ 19.210137533159592, 70.283214386267915 ], [ 19.210053975169661, 70.283425797180286 ], [ 19.210365783842061, 70.283189277284535 ], [ 19.210137533159592, 70.283214386267915 ] ], [ [ 19.207721206345727, 70.283106467142815 ], [ 19.207630854305034, 70.283166806862923 ], [ 19.207670611789265, 70.283176390417552 ], [ 19.207721206345727, 70.283106467142815 ] ], [ [ 19.207585271602262, 70.28304189395115 ], [ 19.207710163258181, 70.283052631769706 ], [ 19.207613382055328, 70.282985615492379 ], [ 19.207585271602262, 70.28304189395115 ] ], [ [ 19.207728210990961, 70.282925242543939 ], [ 19.207958910860633, 70.283017162354113 ], [ 19.207985491475075, 70.28284185972494 ], [ 19.207728210990961, 70.282925242543939 ] ], [ [ 19.210401087156583, 70.283550573812207 ], [ 19.210556313024203, 70.283484760906362 ], [ 19.210524948175127, 70.283475880139235 ], [ 19.210401087156583, 70.283550573812207 ] ], [ [ 19.19923221241265, 70.284208716601555 ], [ 19.199132189700361, 70.283971046018166 ], [ 19.198436691778571, 70.284340047217995 ], [ 19.19923221241265, 70.284208716601555 ] ], [ [ 19.209724673131003, 70.284038775724284 ], [ 19.20967607617963, 70.284272731158239 ], [ 19.209778584519555, 70.284288484166794 ], [ 19.209724673131003, 70.284038775724284 ] ], [ [ 19.211334625222648, 70.284006407141916 ], [ 19.210964309026405, 70.284096663133781 ], [ 19.210824797653707, 70.284259782893301 ], [ 19.211334625222648, 70.284006407141916 ] ], [ [ 19.189231570341196, 70.284180774285261 ], [ 19.19282472474281, 70.284307891987808 ], [ 19.192768936662738, 70.283715968153629 ], [ 19.189231570341196, 70.284180774285261 ] ], [ [ 19.170305163464818, 70.284609673399885 ], [ 19.170138261090727, 70.284337242631139 ], [ 19.169909884892384, 70.284650011935639 ], [ 19.170305163464818, 70.284609673399885 ] ], [ [ 19.17770281775277, 70.285050355283857 ], [ 19.176863172094951, 70.284734421056584 ], [ 19.177092695269625, 70.285219785021908 ], [ 19.17770281775277, 70.285050355283857 ] ], [ [ 19.16818122226438, 70.285133123593965 ], [ 19.168486176945926, 70.284758292003389 ], [ 19.168016616372952, 70.28528052096091 ], [ 19.16818122226438, 70.285133123593965 ] ], [ [ 19.180972414827174, 70.284928329109988 ], [ 19.181267220464616, 70.28530911043147 ], [ 19.181572806895971, 70.284909796895747 ], [ 19.180972414827174, 70.284928329109988 ] ], [ [ 19.182622282920526, 70.285110942399143 ], [ 19.182036714539635, 70.285191761901658 ], [ 19.182511074798093, 70.285677631837643 ], [ 19.182622282920526, 70.285110942399143 ] ], [ [ 19.186518595233569, 70.284619502154186 ], [ 19.187676189449395, 70.284668226017018 ], [ 19.187617549383312, 70.284259763368638 ], [ 19.186518595233569, 70.284619502154186 ] ], [ [ 19.182245251343783, 70.286026513396322 ], [ 19.181702503990344, 70.285865796589007 ], [ 19.181972579323233, 70.286087301325367 ], [ 19.182245251343783, 70.286026513396322 ] ], [ [ 19.190619997553497, 70.285940424384719 ], [ 19.189469237969369, 70.285978987508287 ], [ 19.189558026476863, 70.286553069859039 ], [ 19.190619997553497, 70.285940424384719 ] ], [ [ 19.176381787456631, 70.286511218078701 ], [ 19.176854998397971, 70.286561965908348 ], [ 19.176683708716578, 70.286345619835188 ], [ 19.176381787456631, 70.286511218078701 ] ], [ [ 19.193917361804974, 70.286212701227925 ], [ 19.194120746300136, 70.286504394020056 ], [ 19.194619567684665, 70.28618815917882 ], [ 19.193917361804974, 70.286212701227925 ] ], [ [ 19.210687455010795, 70.285815541262934 ], [ 19.21077120585559, 70.285837124157496 ], [ 19.210789971711193, 70.285813142610465 ], [ 19.210687455010795, 70.285815541262934 ] ], [ [ 19.214250167873914, 70.286389272133491 ], [ 19.214086197907413, 70.286407398959227 ], [ 19.214243002036255, 70.28644766729866 ], [ 19.214250167873914, 70.286389272133491 ] ], [ [ 19.180946496389584, 70.260176090601959 ], [ 19.180765863638396, 70.260287757071637 ], [ 19.180573870488427, 70.260380189145636 ], [ 19.180843910302631, 70.260315953323072 ], [ 19.180946496389584, 70.260176090601959 ] ], [ [ 19.191175428890695, 70.25959573622751 ], [ 19.192735395756333, 70.259745899010468 ], [ 19.191843580123567, 70.259152177135121 ], [ 19.191175428890695, 70.25959573622751 ] ], [ [ 19.192673268621697, 70.259017004524893 ], [ 19.193809167335335, 70.258918264103698 ], [ 19.193134355977783, 70.258636225672234 ], [ 19.192673268621697, 70.259017004524893 ] ], [ [ 19.156576049359881, 70.260722966208533 ], [ 19.156194056327845, 70.260256660116269 ], [ 19.155992912600677, 70.260645966578608 ], [ 19.156576049359881, 70.260722966208533 ] ], [ [ 19.181132772039053, 70.260089541704531 ], [ 19.180977354413162, 70.260092617212351 ], [ 19.180963472309134, 70.260123670208515 ], [ 19.181132772039053, 70.260089541704531 ] ], [ [ 19.126349317965872, 70.245476732488783 ], [ 19.126600504667053, 70.245562250539507 ], [ 19.126617508429391, 70.245477581173787 ], [ 19.126349317965872, 70.245476732488783 ] ], [ [ 19.126769135433882, 70.24520212408693 ], [ 19.126680541480955, 70.245262291610231 ], [ 19.126816337368258, 70.245238776694151 ], [ 19.126769135433882, 70.24520212408693 ] ], [ [ 19.126594049006922, 70.244683221496587 ], [ 19.125924713482195, 70.244831571081008 ], [ 19.12654760716444, 70.244884562713082 ], [ 19.126594049006922, 70.244683221496587 ] ], [ [ 19.083849355342995, 70.239711821978077 ], [ 19.083773113419785, 70.239779861493062 ], [ 19.08393695922182, 70.239833368309561 ], [ 19.083849355342995, 70.239711821978077 ] ], [ [ 19.083259248652709, 70.239258128764419 ], [ 19.083811177837319, 70.23944737526628 ], [ 19.083773461481442, 70.239115713417362 ], [ 19.083259248652709, 70.239258128764419 ] ], [ [ 19.083761024471741, 70.237246574473303 ], [ 19.083824003174712, 70.237290963913196 ], [ 19.083876201645804, 70.237258331041417 ], [ 19.083761024471741, 70.237246574473303 ] ], [ [ 19.083315438545092, 70.237166050596954 ], [ 19.083752828901268, 70.237199951144376 ], [ 19.08351319181272, 70.237132354864826 ], [ 19.083315438545092, 70.237166050596954 ] ], [ [ 19.083825123124395, 70.237092019810206 ], [ 19.083839911173548, 70.237117020094502 ], [ 19.083862763687353, 70.237103742387347 ], [ 19.083825123124395, 70.237092019810206 ] ], [ [ 19.083650119076967, 70.236952784583394 ], [ 19.083911363751703, 70.236932649049422 ], [ 19.083686337030905, 70.236910542205592 ], [ 19.083650119076967, 70.236952784583394 ] ], [ [ 19.084505765031835, 70.236668912003964 ], [ 19.084341246726989, 70.236744260428509 ], [ 19.084548626762913, 70.236684199375432 ], [ 19.084505765031835, 70.236668912003964 ] ], [ [ 19.083783856409767, 70.236271767328816 ], [ 19.083799695227476, 70.236372932967569 ], [ 19.084040920279961, 70.23635630705121 ], [ 19.083783856409767, 70.236271767328816 ] ], [ [ 18.997700731043544, 70.230501877497105 ], [ 18.997910022662243, 70.230545012177473 ], [ 18.997804319607994, 70.230466780313392 ], [ 18.997700731043544, 70.230501877497105 ] ], [ [ 18.997462828710848, 70.230121586860236 ], [ 18.997550625150829, 70.230394538114993 ], [ 18.998924148072259, 70.230352546773361 ], [ 18.998996124037781, 70.23016300157559 ], [ 18.997462828710848, 70.230121586860236 ] ], [ [ 18.994970808071702, 70.229769268902402 ], [ 18.994592086639514, 70.229952429484086 ], [ 18.994421716050425, 70.23009331245467 ], [ 18.994970808071702, 70.229769268902402 ] ], [ [ 18.993249385640265, 70.227639584627013 ], [ 18.993732551609476, 70.227205790455443 ], [ 18.993382847990702, 70.22713352281761 ], [ 18.993249385640265, 70.227639584627013 ] ], [ [ 18.994077386840488, 70.226994546572527 ], [ 18.99458180728551, 70.227204955857928 ], [ 18.994198905349119, 70.226949349855147 ], [ 18.994077386840488, 70.226994546572527 ] ], [ [ 18.99371719354102, 70.22698854402843 ], [ 18.993795554673056, 70.226932898105304 ], [ 18.993655398684371, 70.226935386769142 ], [ 18.99371719354102, 70.22698854402843 ] ], [ [ 18.988049216340279, 70.226052107357745 ], [ 18.988111275479476, 70.226060161822261 ], [ 18.988104084082376, 70.226044959316624 ], [ 18.988049216340279, 70.226052107357745 ] ], [ [ 18.987963954874839, 70.226046185321223 ], [ 18.987919999551067, 70.226027487196404 ], [ 18.987902393306967, 70.226031112416763 ], [ 18.987963954874839, 70.226046185321223 ] ], [ [ 18.987915185423002, 70.225809558072598 ], [ 18.987777195677971, 70.22599984473662 ], [ 18.988109138836176, 70.22591494172562 ], [ 18.987915185423002, 70.225809558072598 ] ], [ [ 19.022169584319315, 70.221312535597548 ], [ 19.022346107858496, 70.221530306704778 ], [ 19.022536465713035, 70.221269006928111 ], [ 19.022169584319315, 70.221312535597548 ] ], [ [ 18.991832043110168, 70.21809301924992 ], [ 18.993402567930147, 70.218121867339221 ], [ 18.992859630887509, 70.217845656153656 ], [ 18.991832043110168, 70.21809301924992 ] ], [ [ 18.993345709255809, 70.217622194717961 ], [ 18.993820976235487, 70.21808830103123 ], [ 18.995449953644261, 70.217214122921135 ], [ 18.993345709255809, 70.217622194717961 ] ], [ [ 18.990026741822163, 70.217515077113745 ], [ 18.989775236125752, 70.217346382789373 ], [ 18.989800328126115, 70.217541581738573 ], [ 18.990026741822163, 70.217515077113745 ] ], [ [ 18.993456148528264, 70.217480488216225 ], [ 18.992489617670046, 70.21757889300153 ], [ 18.992760670540278, 70.217693695461236 ], [ 18.993456148528264, 70.217480488216225 ] ], [ [ 18.98951472789064, 70.218079860425533 ], [ 18.988792160210252, 70.218163118938065 ], [ 18.989183457340225, 70.218257915508005 ], [ 18.98951472789064, 70.218079860425533 ] ], [ [ 19.016134066836443, 70.213046545706945 ], [ 19.010488365188927, 70.215628673181484 ], [ 19.011594383721938, 70.21558275064983 ], [ 19.015962415659654, 70.214434644033886 ], [ 19.016134066836443, 70.213046545706945 ] ], [ [ 19.008988510091065, 70.213411884716109 ], [ 19.009123099015678, 70.213392167610195 ], [ 19.009025146128643, 70.213375310079087 ], [ 19.008988510091065, 70.213411884716109 ] ], [ [ 19.007339846161013, 70.213508633365663 ], [ 19.007082772477851, 70.213524436173429 ], [ 19.007175934915473, 70.213582098960231 ], [ 19.007339846161013, 70.213508633365663 ] ], [ [ 19.00972057209195, 70.214093671403219 ], [ 19.009729955195134, 70.213966159040893 ], [ 19.009465878780073, 70.214214356941056 ], [ 19.00972057209195, 70.214093671403219 ] ], [ [ 19.007354954555876, 70.21520670956447 ], [ 19.006445082067451, 70.214269158487951 ], [ 19.006293949495209, 70.21531898075969 ], [ 19.007354954555876, 70.21520670956447 ] ], [ [ 18.989945532114103, 70.21299372345932 ], [ 18.992291357537425, 70.212728721401248 ], [ 18.990945590458722, 70.212352320519273 ], [ 18.989945532114103, 70.21299372345932 ] ], [ [ 19.011898713448552, 70.211936448314589 ], [ 19.013630788716071, 70.212503862376536 ], [ 19.014538372715048, 70.211964553341772 ], [ 19.011898713448552, 70.211936448314589 ] ], [ [ 19.094079132024902, 70.21045476941903 ], [ 19.093792135618799, 70.210414328567083 ], [ 19.094080156222329, 70.210526623517268 ], [ 19.094079132024902, 70.21045476941903 ] ], [ [ 19.01120347807333, 70.212155838084172 ], [ 19.00967274585096, 70.211736810173065 ], [ 19.009158316226252, 70.212650833398683 ], [ 19.01120347807333, 70.212155838084172 ] ], [ [ 19.007556838662545, 70.21206033751578 ], [ 19.008562706567059, 70.211518506818095 ], [ 19.007161091989499, 70.211892102512351 ], [ 19.007556838662545, 70.21206033751578 ] ], [ [ 19.006533887605137, 70.211827588929012 ], [ 19.007161316294702, 70.211766502045322 ], [ 19.007123868841269, 70.211723945923509 ], [ 19.006533887605137, 70.211827588929012 ] ], [ [ 19.014842923553307, 70.211018461548562 ], [ 19.015242567149262, 70.211294850599757 ], [ 19.015497948175497, 70.210959062907833 ], [ 19.014842923553307, 70.211018461548562 ] ], [ [ 19.013221042840151, 70.210836524837788 ], [ 19.01432772521715, 70.210736841161818 ], [ 19.013782881995958, 70.210560186937442 ], [ 19.013221042840151, 70.210836524837788 ] ], [ [ 19.037237722797109, 70.210140220775003 ], [ 19.037522449130879, 70.210242791829174 ], [ 19.037282816575509, 70.210109198836861 ], [ 19.037237722797109, 70.210140220775003 ] ], [ [ 19.00520540134805, 70.20971530117771 ], [ 19.009212267957334, 70.210101328841219 ], [ 19.006347691437547, 70.209244014630428 ], [ 19.00520540134805, 70.20971530117771 ] ], [ [ 19.039303036166174, 70.209160184663986 ], [ 19.040345098572274, 70.209603899218905 ], [ 19.039837469331534, 70.208878534768402 ], [ 19.039303036166174, 70.209160184663986 ] ], [ [ 18.992809299134315, 70.209960512853016 ], [ 18.995247155074804, 70.208482305284249 ], [ 18.994210167776277, 70.208209647423459 ], [ 18.992809299134315, 70.209960512853016 ] ], [ [ 19.027834729114765, 70.208233827139225 ], [ 19.027891864596761, 70.20830908901506 ], [ 19.028105831638563, 70.208086779417656 ], [ 19.027834729114765, 70.208233827139225 ] ], [ [ 19.028175159769667, 70.207987116180007 ], [ 19.028026186002624, 70.208014358896833 ], [ 19.028207014653656, 70.208013083748043 ], [ 19.028175159769667, 70.207987116180007 ] ], [ [ 18.995317091667346, 70.209916006030753 ], [ 18.994211745178958, 70.21006648015738 ], [ 18.994324332654408, 70.210138449666275 ], [ 18.995317091667346, 70.209916006030753 ] ], [ [ 18.977432272672615, 70.211241925505959 ], [ 18.977249289207883, 70.211217054132746 ], [ 18.977409246287611, 70.211253126517732 ], [ 18.977432272672615, 70.211241925505959 ] ], [ [ 18.991326581779891, 70.21101379405043 ], [ 18.989976639019094, 70.211324202434923 ], [ 18.990633758647874, 70.211514778793713 ], [ 18.991326581779891, 70.21101379405043 ] ], [ [ 18.977397616079674, 70.211382390071137 ], [ 18.97732963593025, 70.211307715287447 ], [ 18.977251888181453, 70.211377445156543 ], [ 18.977397616079674, 70.211382390071137 ] ], [ [ 19.01168111186028, 70.211267155925867 ], [ 19.011063499363964, 70.211231462028664 ], [ 19.011132985395786, 70.211309147288461 ], [ 19.01168111186028, 70.211267155925867 ] ], [ [ 19.012656657095572, 70.210721485389755 ], [ 19.012459054783108, 70.210692573961268 ], [ 19.012611276509382, 70.210744421218152 ], [ 19.012656657095572, 70.210721485389755 ] ], [ [ 18.893878938965148, 70.210959957694584 ], [ 18.893625595678085, 70.210493488783413 ], [ 18.893506773273302, 70.210968751986286 ], [ 18.893878938965148, 70.210959957694584 ] ], [ [ 18.665653117095079, 70.215684529584905 ], [ 18.665275675509079, 70.215735795400718 ], [ 18.665580509423968, 70.215778608073265 ], [ 18.665653117095079, 70.215684529584905 ] ], [ [ 18.693870142993067, 70.215160517872974 ], [ 18.693538961702579, 70.215249063417474 ], [ 18.693614663945226, 70.215288281177479 ], [ 18.693870142993067, 70.215160517872974 ] ], [ [ 18.694481019261502, 70.21507483729475 ], [ 18.694009084256187, 70.215312856953645 ], [ 18.69465142011888, 70.215132044205347 ], [ 18.694481019261502, 70.21507483729475 ] ], [ [ 18.894512838588852, 70.210718661539474 ], [ 18.895230195824627, 70.210816456159577 ], [ 18.894687091295065, 70.210661520478581 ], [ 18.894512838588852, 70.210718661539474 ] ], [ [ 18.694385109569904, 70.215605904948276 ], [ 18.695207632589344, 70.215585561652944 ], [ 18.694311942252561, 70.215403443461796 ], [ 18.694385109569904, 70.215605904948276 ] ], [ [ 18.890446578144502, 70.211678485804413 ], [ 18.889857184989783, 70.211658834555323 ], [ 18.890070290865886, 70.211873309338387 ], [ 18.890446578144502, 70.211678485804413 ] ], [ [ 18.671417281221345, 70.21750011398494 ], [ 18.671649126543684, 70.21744265260854 ], [ 18.671590738548709, 70.217433428577948 ], [ 18.671417281221345, 70.21750011398494 ] ], [ [ 18.887049280838635, 70.214940241160122 ], [ 18.886288384638835, 70.215098469849892 ], [ 18.886857752018766, 70.215345926315578 ], [ 18.887049280838635, 70.214940241160122 ] ], [ [ 18.867009206522088, 70.21765252636132 ], [ 18.867294958024733, 70.217167408626452 ], [ 18.866362377748271, 70.2176031318741 ], [ 18.867009206522088, 70.21765252636132 ] ], [ [ 18.728819837238301, 70.221382764454276 ], [ 18.727642082088305, 70.22131587736213 ], [ 18.728205856861749, 70.221703585450058 ], [ 18.728819837238301, 70.221382764454276 ] ], [ [ 18.729963908064335, 70.221314900239591 ], [ 18.728943373709921, 70.221770541562435 ], [ 18.729610011414298, 70.222077250573633 ], [ 18.729963908064335, 70.221314900239591 ] ], [ [ 18.727812244402543, 70.221779659532075 ], [ 18.727780424762415, 70.221765051382448 ], [ 18.72776161395387, 70.221779812573175 ], [ 18.727812244402543, 70.221779659532075 ] ], [ [ 18.86733285576582, 70.218655665964519 ], [ 18.867500378155814, 70.218748351974469 ], [ 18.867544448354735, 70.218744348309102 ], [ 18.86733285576582, 70.218655665964519 ] ], [ [ 18.865988151656456, 70.218675200264954 ], [ 18.866490047819429, 70.21838619394758 ], [ 18.865750673064294, 70.218440115796767 ], [ 18.865988151656456, 70.218675200264954 ] ], [ [ 18.867198798934062, 70.218577349897714 ], [ 18.867091338998634, 70.218599696559423 ], [ 18.867260973237734, 70.218596311460701 ], [ 18.867198798934062, 70.218577349897714 ] ], [ [ 18.727915303153278, 70.223586693145592 ], [ 18.726018506707128, 70.223136743962627 ], [ 18.725889611159694, 70.223532544686947 ], [ 18.727915303153278, 70.223586693145592 ] ], [ [ 18.728066969387193, 70.223521930158029 ], [ 18.728081106387791, 70.223569239379728 ], [ 18.728147827594235, 70.223526089404828 ], [ 18.728066969387193, 70.223521930158029 ] ], [ [ 18.728233585413854, 70.223384464516656 ], [ 18.72819921993749, 70.223398291266861 ], [ 18.72824129980739, 70.223393375806211 ], [ 18.728233585413854, 70.223384464516656 ] ], [ [ 18.72736581784449, 70.223804139310801 ], [ 18.727497448938596, 70.223703417099259 ], [ 18.727162953448236, 70.223737036059703 ], [ 18.72736581784449, 70.223804139310801 ] ], [ [ 18.949469425248715, 70.208802963197428 ], [ 18.950091350461818, 70.208831853329173 ], [ 18.949607842349788, 70.208681424400638 ], [ 18.949469425248715, 70.208802963197428 ] ], [ [ 18.69461800330917, 70.213996765597429 ], [ 18.695686428766688, 70.213707124352254 ], [ 18.694955065351941, 70.21353024927042 ], [ 18.69461800330917, 70.213996765597429 ] ], [ [ 18.697298523064415, 70.213758439027174 ], [ 18.697796729895831, 70.213710004729037 ], [ 18.697778243457954, 70.213649850832965 ], [ 18.697298523064415, 70.213758439027174 ] ], [ [ 18.950159267323066, 70.208236191964446 ], [ 18.949638369078027, 70.208478355125052 ], [ 18.950432524657565, 70.208444610624881 ], [ 18.950159267323066, 70.208236191964446 ] ], [ [ 19.158366792400098, 70.20358308441206 ], [ 19.158792402225455, 70.203388029521989 ], [ 19.158333681963704, 70.203472884304432 ], [ 19.158366792400098, 70.20358308441206 ] ], [ [ 18.950017524605698, 70.208171667249786 ], [ 18.950212861680971, 70.208035938457044 ], [ 18.949959597510656, 70.208170966234718 ], [ 18.950017524605698, 70.208171667249786 ] ], [ [ 18.696148570183105, 70.213596567430571 ], [ 18.696221500983228, 70.213513963484033 ], [ 18.69623135700499, 70.213398978160768 ], [ 18.696148570183105, 70.213596567430571 ] ], [ [ 18.697871228701651, 70.212680636429141 ], [ 18.697532054518945, 70.213418531755508 ], [ 18.69818593593094, 70.213208007821791 ], [ 18.697871228701651, 70.212680636429141 ] ], [ [ 18.978577967201481, 70.207059049327057 ], [ 18.979294709056457, 70.207140985035679 ], [ 18.979317274004174, 70.206936644234389 ], [ 18.978577967201481, 70.207059049327057 ] ], [ [ 18.979052518462794, 70.206868401172841 ], [ 18.979320316809783, 70.206897497620204 ], [ 18.97933369354412, 70.206881659091067 ], [ 18.979052518462794, 70.206868401172841 ] ], [ [ 18.696104358373297, 70.213070898147819 ], [ 18.69632543811721, 70.2130560167071 ], [ 18.696268308409756, 70.21301686672841 ], [ 18.696104358373297, 70.213070898147819 ] ], [ [ 18.691883446689474, 70.213315571986712 ], [ 18.691643567559591, 70.213228536718219 ], [ 18.691731282238365, 70.213323012875478 ], [ 18.691883446689474, 70.213315571986712 ] ], [ [ 18.695898631159391, 70.213444719274818 ], [ 18.69566356399481, 70.213476234262146 ], [ 18.69586191156894, 70.213560706770522 ], [ 18.695898631159391, 70.213444719274818 ] ], [ [ 18.993102390863729, 70.206035606572115 ], [ 18.992637546145122, 70.206249616336109 ], [ 18.9929834813993, 70.206265993267465 ], [ 18.993102390863729, 70.206035606572115 ] ], [ [ 18.993291590280666, 70.206018817635268 ], [ 18.993542279197346, 70.20589393177049 ], [ 18.993263706375512, 70.20587084589873 ], [ 18.993291590280666, 70.206018817635268 ] ], [ [ 18.71009132278958, 70.211564243875202 ], [ 18.709774032128799, 70.211751331153181 ], [ 18.709864208620413, 70.211772190365224 ], [ 18.71009132278958, 70.211564243875202 ] ], [ [ 18.948682844782212, 70.206516650680996 ], [ 18.948666316241486, 70.206570106667428 ], [ 18.948746070816881, 70.206522894956706 ], [ 18.948682844782212, 70.206516650680996 ] ], [ [ 18.94823374893905, 70.206220379179385 ], [ 18.948977910571202, 70.206384028189746 ], [ 18.948868049747979, 70.206054238445475 ], [ 18.94823374893905, 70.206220379179385 ] ], [ [ 18.948998984680859, 70.206469086757892 ], [ 18.948866808709372, 70.206475140433483 ], [ 18.948847828584697, 70.206508886818781 ], [ 18.948998984680859, 70.206469086757892 ] ], [ [ 18.946596595233988, 70.206537135037181 ], [ 18.945503268242099, 70.206381425444235 ], [ 18.946173211805341, 70.206582561907027 ], [ 18.946596595233988, 70.206537135037181 ] ], [ [ 18.947803189604407, 70.206536818790212 ], [ 18.947792627320457, 70.206561935353776 ], [ 18.94783492078464, 70.206546092141224 ], [ 18.947803189604407, 70.206536818790212 ] ], [ [ 18.947539448350341, 70.206408230149208 ], [ 18.948016519326085, 70.206250133897043 ], [ 18.947714752119246, 70.206170713313597 ], [ 18.947539448350341, 70.206408230149208 ] ], [ [ 18.946856823235262, 70.206283467326926 ], [ 18.94681211147552, 70.206256243027127 ], [ 18.946635194029739, 70.20640512779184 ], [ 18.946856823235262, 70.206283467326926 ] ], [ [ 18.697734752527055, 70.211099126144632 ], [ 18.697480557940288, 70.211162742540282 ], [ 18.697736369398967, 70.211311952439388 ], [ 18.697734752527055, 70.211099126144632 ] ], [ [ 18.947594896608098, 70.205538221522758 ], [ 18.947523576612507, 70.205553355932437 ], [ 18.947621123770642, 70.205581034398946 ], [ 18.947594896608098, 70.205538221522758 ] ], [ [ 18.979684784875559, 70.204332289686135 ], [ 18.979387758612116, 70.204733623389188 ], [ 18.979964999728921, 70.204762052168689 ], [ 18.979684784875559, 70.204332289686135 ] ], [ [ 18.980177903790882, 70.204693723597202 ], [ 18.980246377628731, 70.204699660737518 ], [ 18.980234071923977, 70.204686727726042 ], [ 18.980177903790882, 70.204693723597202 ] ], [ [ 18.702852774370143, 70.21001552124811 ], [ 18.703239597448086, 70.210067625358761 ], [ 18.703069850702189, 70.209977092186975 ], [ 18.702852774370143, 70.21001552124811 ] ], [ [ 18.67462640499479, 70.210067146384574 ], [ 18.674450578233742, 70.21013352529981 ], [ 18.674588051501786, 70.21015082852027 ], [ 18.67462640499479, 70.210067146384574 ] ], [ [ 18.94955683316314, 70.204106374559998 ], [ 18.949079721971476, 70.204291607018931 ], [ 18.9491903381813, 70.2043086658731 ], [ 18.94955683316314, 70.204106374559998 ] ], [ [ 18.697837503797164, 70.209550767887308 ], [ 18.698008761577654, 70.209434252637294 ], [ 18.697874430274322, 70.209396155259341 ], [ 18.697837503797164, 70.209550767887308 ] ], [ [ 18.692667228792502, 70.209709052728385 ], [ 18.692651444900683, 70.209634293177118 ], [ 18.692506386449164, 70.209676796000835 ], [ 18.692667228792502, 70.209709052728385 ] ], [ [ 18.683370633207598, 70.209572106288391 ], [ 18.683601467740431, 70.209517072963834 ], [ 18.683546827024976, 70.209499064334594 ], [ 18.683370633207598, 70.209572106288391 ] ], [ [ 18.695396730037899, 70.209327112350195 ], [ 18.695278827793153, 70.209343640984045 ], [ 18.695300368682592, 70.209355861195647 ], [ 18.695396730037899, 70.209327112350195 ] ], [ [ 18.854753422843082, 70.205818549485372 ], [ 18.854868478170548, 70.205917851072797 ], [ 18.854909914603038, 70.205813480312301 ], [ 18.854753422843082, 70.205818549485372 ] ], [ [ 18.981457929927352, 70.202781519791657 ], [ 18.983165659571849, 70.202940887343431 ], [ 18.982366886707187, 70.202587415890605 ], [ 18.981457929927352, 70.202781519791657 ] ], [ [ 18.983663909795332, 70.202829653340089 ], [ 18.983678407365044, 70.202860774458642 ], [ 18.983781131179075, 70.202845107176131 ], [ 18.983663909795332, 70.202829653340089 ] ], [ [ 18.843584438744301, 70.205802533021711 ], [ 18.843127546348672, 70.205842592038806 ], [ 18.84349325510998, 70.205990066649122 ], [ 18.843584438744301, 70.205802533021711 ] ], [ [ 18.693195363658123, 70.208745619117408 ], [ 18.693352842938449, 70.208747317811344 ], [ 18.6934294436622, 70.208691134421969 ], [ 18.693195363658123, 70.208745619117408 ] ], [ [ 18.980455424256633, 70.202827576864934 ], [ 18.980292271616737, 70.202841888058714 ], [ 18.980459797414262, 70.202844728554325 ], [ 18.980455424256633, 70.202827576864934 ] ], [ [ 18.970319187140905, 70.202751996557055 ], [ 18.970403597552874, 70.202765040930629 ], [ 18.970404547657161, 70.202756215939118 ], [ 18.970319187140905, 70.202751996557055 ] ], [ [ 18.969922081396721, 70.202341609977836 ], [ 18.970368509120377, 70.202679215411592 ], [ 18.970201255921793, 70.202332466103286 ], [ 18.969922081396721, 70.202341609977836 ] ], [ [ 18.6938381598993, 70.208370349108421 ], [ 18.694100576443777, 70.208218191294321 ], [ 18.693659411876098, 70.208304692123775 ], [ 18.6938381598993, 70.208370349108421 ] ], [ [ 18.689371426286478, 70.208517293890907 ], [ 18.689198216183165, 70.208470649122816 ], [ 18.689328263995236, 70.208527881134785 ], [ 18.689371426286478, 70.208517293890907 ] ], [ [ 18.69418735935362, 70.208141949019947 ], [ 18.694020576953449, 70.208175559888502 ], [ 18.694161315753796, 70.208187392125524 ], [ 18.69418735935362, 70.208141949019947 ] ], [ [ 18.963815417023891, 70.201845389995185 ], [ 18.964269483986477, 70.201918812184871 ], [ 18.964177759256799, 70.201800189973682 ], [ 18.963815417023891, 70.201845389995185 ] ], [ [ 18.875636238469419, 70.203627580881914 ], [ 18.876152067170551, 70.203547716928199 ], [ 18.876025445415841, 70.203490267807922 ], [ 18.875636238469419, 70.203627580881914 ] ], [ [ 18.867135372147754, 70.203704502302017 ], [ 18.868358376170182, 70.203648939454311 ], [ 18.867064106877017, 70.203625552894891 ], [ 18.867135372147754, 70.203704502302017 ] ], [ [ 18.682009041351005, 70.206903772346209 ], [ 18.682707348681166, 70.207133464028558 ], [ 18.682215142440644, 70.206838021220108 ], [ 18.682009041351005, 70.206903772346209 ] ], [ [ 18.867954264686883, 70.203217137596809 ], [ 18.869602806228119, 70.203313720629879 ], [ 18.8692633880976, 70.202800309425726 ], [ 18.867954264686883, 70.203217137596809 ] ], [ [ 19.012864732558239, 70.20009398228396 ], [ 19.013071967460977, 70.200201465402145 ], [ 19.013079583939703, 70.200065007772352 ], [ 19.012864732558239, 70.20009398228396 ] ], [ [ 18.888703944747572, 70.202761961935792 ], [ 18.890485270373539, 70.202149144812836 ], [ 18.88907698829329, 70.2017137377875 ], [ 18.888703944747572, 70.202761961935792 ] ], [ [ 18.891549967247446, 70.202506388456996 ], [ 18.892719417140807, 70.202219788295054 ], [ 18.892120293252823, 70.202058788897389 ], [ 18.891549967247446, 70.202506388456996 ] ], [ [ 18.964884168256216, 70.200454914944387 ], [ 18.965709700741424, 70.201008738377752 ], [ 18.965942653456111, 70.200535003008227 ], [ 18.964884168256216, 70.200454914944387 ] ], [ [ 19.00773914220197, 70.199804049628696 ], [ 19.008456237219747, 70.199852977091325 ], [ 19.0085731581778, 70.199746958389085 ], [ 19.00773914220197, 70.199804049628696 ] ], [ [ 19.013759055245636, 70.19948515760295 ], [ 19.014240503733081, 70.199486150595916 ], [ 19.014187159053563, 70.199427241661226 ], [ 19.013759055245636, 70.19948515760295 ] ], [ [ 18.984696361349403, 70.200077814804885 ], [ 18.983344954252043, 70.198433085849771 ], [ 18.977370323496075, 70.199892945356353 ], [ 18.979739107600356, 70.200643181017469 ], [ 18.984696361349403, 70.200077814804885 ] ], [ [ 18.987105242356741, 70.199652888552123 ], [ 18.986602814418639, 70.199599554321196 ], [ 18.986663961978419, 70.199806079520258 ], [ 18.987105242356741, 70.199652888552123 ] ], [ [ 18.987231804442644, 70.199657800832611 ], [ 18.988589452164589, 70.199444342276379 ], [ 18.988563700653682, 70.19919076364782 ], [ 18.987231804442644, 70.199657800832611 ] ], [ [ 19.005027419112874, 70.199304211158321 ], [ 19.005082523892188, 70.199343677710516 ], [ 19.005095309060337, 70.199337193271447 ], [ 19.005027419112874, 70.199304211158321 ] ], [ [ 19.00508717184902, 70.198864371222214 ], [ 19.007266822775744, 70.199116731138147 ], [ 19.006618213125044, 70.19861428736327 ], [ 19.00508717184902, 70.198864371222214 ] ], [ [ 19.007855832971806, 70.198670631991547 ], [ 19.008229880670267, 70.199061069745312 ], [ 19.008981716502344, 70.198833680079829 ], [ 19.007855832971806, 70.198670631991547 ] ], [ [ 19.012645261490945, 70.198742130590247 ], [ 19.012381365415941, 70.198745070534287 ], [ 19.012378310058235, 70.198796078115123 ], [ 19.012645261490945, 70.198742130590247 ] ], [ [ 19.013203230034797, 70.19860270091705 ], [ 19.013914838389599, 70.198514722753771 ], [ 19.013716009075743, 70.198414958630394 ], [ 19.013203230034797, 70.19860270091705 ] ], [ [ 19.105445095839976, 70.196306982012956 ], [ 19.105110029373151, 70.196452749976103 ], [ 19.106024640658166, 70.196336298995874 ], [ 19.105445095839976, 70.196306982012956 ] ], [ [ 19.008853652986915, 70.19861805301241 ], [ 19.009549967361465, 70.198242947525856 ], [ 19.008748958612486, 70.198414930246059 ], [ 19.008853652986915, 70.19861805301241 ] ], [ [ 18.985193309290178, 70.198882982944085 ], [ 18.98516740210227, 70.198844928486466 ], [ 18.985165067864859, 70.198880825556856 ], [ 18.985193309290178, 70.198882982944085 ] ], [ [ 19.008713754430229, 70.198492799567305 ], [ 19.008526454751632, 70.198514864426414 ], [ 19.008713255977522, 70.198536562587108 ], [ 19.008713754430229, 70.198492799567305 ] ], [ [ 19.007868722309745, 70.197980556143364 ], [ 19.009471626527379, 70.197559581936304 ], [ 19.008496181515568, 70.197521196775824 ], [ 19.007868722309745, 70.197980556143364 ] ], [ [ 19.011870119939601, 70.197650130718799 ], [ 19.012884496877518, 70.197771357386927 ], [ 19.01230052550742, 70.197496667331265 ], [ 19.011870119939601, 70.197650130718799 ] ], [ [ 19.009599867975673, 70.197623555243254 ], [ 19.01000279515964, 70.197843636682236 ], [ 19.010118750245113, 70.197516183302909 ], [ 19.009599867975673, 70.197623555243254 ] ], [ [ 18.985592763573326, 70.198166814170989 ], [ 18.985894337888535, 70.197707868688255 ], [ 18.984096716613909, 70.197929915978264 ], [ 18.985592763573326, 70.198166814170989 ] ], [ [ 18.987535951879053, 70.197867129522521 ], [ 18.987307003580472, 70.197905460256266 ], [ 18.987406281252628, 70.197974853532585 ], [ 18.987535951879053, 70.197867129522521 ] ], [ [ 18.979875923954356, 70.197913857209244 ], [ 18.98010324063771, 70.197828587599119 ], [ 18.979818095830165, 70.197908043452998 ], [ 18.979875923954356, 70.197913857209244 ] ], [ [ 18.979636001984968, 70.197759541086299 ], [ 18.980328545277469, 70.197739768835604 ], [ 18.980397170492967, 70.197671137242381 ], [ 18.979636001984968, 70.197759541086299 ] ], [ [ 18.887980144008775, 70.199697937266336 ], [ 18.885388583878843, 70.197988232681553 ], [ 18.878326961079548, 70.198912079397189 ], [ 18.881117161376601, 70.200772982963187 ], [ 18.887980144008775, 70.199697937266336 ] ], [ [ 18.973651236767786, 70.197499757865415 ], [ 18.974130707075336, 70.197647514828304 ], [ 18.974007407968816, 70.197350192801963 ], [ 18.973651236767786, 70.197499757865415 ] ], [ [ 18.970343967853054, 70.197266490320004 ], [ 18.971023417274647, 70.197273725156435 ], [ 18.970907475846179, 70.197216551343871 ], [ 18.970343967853054, 70.197266490320004 ] ], [ [ 18.985429124580794, 70.196983336627994 ], [ 18.985919007694292, 70.197033807387427 ], [ 18.986006825317578, 70.196827474668794 ], [ 18.985429124580794, 70.196983336627994 ] ], [ [ 18.986046766860916, 70.196973740939811 ], [ 18.986656272945538, 70.196956328440223 ], [ 18.986559386932107, 70.19680198507271 ], [ 18.986046766860916, 70.196973740939811 ] ], [ [ 19.011301766137194, 70.196227384729411 ], [ 19.011718923941569, 70.196406266678395 ], [ 19.011893917879849, 70.196017477518225 ], [ 19.011301766137194, 70.196227384729411 ] ], [ [ 19.011404571740986, 70.195665023409035 ], [ 19.01242200721174, 70.195861018974284 ], [ 19.01238031583226, 70.195036952001729 ], [ 19.011404571740986, 70.195665023409035 ] ], [ [ 19.012702354292472, 70.19492732769514 ], [ 19.012634203133938, 70.195136652647648 ], [ 19.013044561209519, 70.195071049256299 ], [ 19.012702354292472, 70.19492732769514 ] ], [ [ 19.012503774315231, 70.194936173884003 ], [ 19.012709456302471, 70.194910728045429 ], [ 19.012767962889612, 70.194767561401321 ], [ 19.012503774315231, 70.194936173884003 ] ], [ [ 19.00615323861717, 70.195102612371699 ], [ 19.006514558961147, 70.194948190686901 ], [ 19.006116325267939, 70.194901747702232 ], [ 19.00615323861717, 70.195102612371699 ] ], [ [ 18.884963815947053, 70.197730731499632 ], [ 18.884660686025253, 70.197526738029751 ], [ 18.884024645374826, 70.197563869690583 ], [ 18.884963815947053, 70.197730731499632 ] ], [ [ 19.011711955847314, 70.194486095687878 ], [ 19.012352753516513, 70.194469241496193 ], [ 19.012145242969169, 70.194283783844043 ], [ 19.011711955847314, 70.194486095687878 ] ], [ [ 19.003417386315334, 70.194350943127986 ], [ 19.007041983721951, 70.194252546623289 ], [ 19.007805866883203, 70.193278412747318 ], [ 19.003417386315334, 70.194350943127986 ] ], [ [ 19.010920031110832, 70.193175980661408 ], [ 19.011247357974767, 70.193153564543124 ], [ 19.011017980099801, 70.193044869264654 ], [ 19.010920031110832, 70.193175980661408 ] ], [ [ 19.002708510646279, 70.193510872538539 ], [ 19.004939255160753, 70.192321805040436 ], [ 19.002988850096042, 70.192040146086399 ], [ 19.002708510646279, 70.193510872538539 ] ], [ [ 19.007178300675097, 70.191908732369512 ], [ 19.008477707609575, 70.191292941432422 ], [ 19.005433274699961, 70.191216974651482 ], [ 19.005569502882889, 70.192148709400271 ], [ 19.007178300675097, 70.191908732369512 ] ], [ [ 19.015456522764502, 70.190456133129572 ], [ 19.015508608787187, 70.191926099685347 ], [ 19.015970776498641, 70.190185963427879 ], [ 19.015456522764502, 70.190456133129572 ] ], [ [ 19.047449499694196, 70.190156924261387 ], [ 19.048860111075047, 70.189196541125241 ], [ 19.048211251806489, 70.188399644189602 ], [ 19.045360479659507, 70.189252015529718 ], [ 19.047449499694196, 70.190156924261387 ] ], [ [ 19.048918174320384, 70.189650105008297 ], [ 19.049805396497611, 70.189661418092868 ], [ 19.048904469994142, 70.189270019059563 ], [ 19.048918174320384, 70.189650105008297 ] ], [ [ 19.016909491477875, 70.188715717185474 ], [ 19.017701064141654, 70.189029128748331 ], [ 19.017574796552402, 70.188623005322015 ], [ 19.016909491477875, 70.188715717185474 ] ], [ [ 19.007125986691605, 70.188790584655933 ], [ 19.008343394529337, 70.188525201515702 ], [ 19.007573269831056, 70.188276316099106 ], [ 19.007125986691605, 70.188790584655933 ] ], [ [ 19.009530657487254, 70.188682550723357 ], [ 19.008506101977453, 70.188638713958156 ], [ 19.008644214916345, 70.188809644774494 ], [ 19.009530657487254, 70.188682550723357 ] ], [ [ 19.003873195453927, 70.190979161786785 ], [ 19.00258853017716, 70.187858538687763 ], [ 19.000627612502875, 70.189210639221074 ], [ 19.003873195453927, 70.190979161786785 ] ], [ [ 19.028389449987991, 70.187559768912777 ], [ 19.029138793164162, 70.187593956208786 ], [ 19.028923104546685, 70.187448410011569 ], [ 19.028389449987991, 70.187559768912777 ] ], [ [ 19.007384383225848, 70.187692718953201 ], [ 19.007504908876118, 70.187796394370537 ], [ 19.0075631148725, 70.187637963673566 ], [ 19.007384383225848, 70.187692718953201 ] ], [ [ 19.006795752121196, 70.187782061699849 ], [ 19.007089595071644, 70.187579553138619 ], [ 19.007179762938737, 70.187437028403977 ], [ 19.006795752121196, 70.187782061699849 ] ], [ [ 19.006678726523131, 70.187554598692898 ], [ 19.006506901992633, 70.187531757063525 ], [ 19.00656390312902, 70.187559321435373 ], [ 19.006678726523131, 70.187554598692898 ] ], [ [ 19.003078984826889, 70.187536203771501 ], [ 19.003208357022718, 70.18745497472807 ], [ 19.002958422848092, 70.187500445052038 ], [ 19.003078984826889, 70.187536203771501 ] ], [ [ 19.003271223813403, 70.187432278793082 ], [ 19.003333944852805, 70.18747705531743 ], [ 19.003403349999896, 70.187440288230661 ], [ 19.003271223813403, 70.187432278793082 ] ], [ [ 19.002315311829374, 70.187434669431752 ], [ 19.002629679586207, 70.187258572537274 ], [ 19.002452709316984, 70.187236470938871 ], [ 19.002315311829374, 70.187434669431752 ] ], [ [ 19.003161742328043, 70.187097467655704 ], [ 19.00358834133997, 70.187191254736405 ], [ 19.003187583041285, 70.186894932069279 ], [ 19.003161742328043, 70.187097467655704 ] ], [ [ 19.000592913531619, 70.187464315556142 ], [ 18.999630362780316, 70.186685421484739 ], [ 18.999225929789002, 70.187690578698323 ], [ 19.000592913531619, 70.187464315556142 ] ], [ [ 19.001067970417179, 70.186454972048352 ], [ 19.002062710950128, 70.186407249870243 ], [ 19.001650771574834, 70.186238745583466 ], [ 19.001067970417179, 70.186454972048352 ] ], [ [ 19.007825866983609, 70.185679515707818 ], [ 19.010831847527569, 70.185127407832567 ], [ 19.009398386282964, 70.184702466023452 ], [ 19.007825866983609, 70.185679515707818 ] ], [ [ 18.996369160246122, 70.185000290867308 ], [ 18.996782433932548, 70.184849399843813 ], [ 18.996498135583785, 70.184773447299989 ], [ 18.996369160246122, 70.185000290867308 ] ], [ [ 19.008610398925512, 70.184142962273114 ], [ 19.009658571732121, 70.184624144612798 ], [ 19.010060836951709, 70.184148786297314 ], [ 19.008610398925512, 70.184142962273114 ] ], [ [ 19.010521335463469, 70.184561447869356 ], [ 19.010215870757687, 70.184566216738901 ], [ 19.010369608738067, 70.184629617518482 ], [ 19.010521335463469, 70.184561447869356 ] ], [ [ 19.012223527977564, 70.183921331870394 ], [ 19.013449748690384, 70.184124944462994 ], [ 19.01324400852328, 70.183684034912517 ], [ 19.012223527977564, 70.183921331870394 ] ], [ [ 19.014213540928822, 70.184488670738872 ], [ 19.01675228068579, 70.183604450376421 ], [ 19.015710886266262, 70.182564259123126 ], [ 19.014298294837225, 70.182975571501558 ], [ 19.014213540928822, 70.184488670738872 ] ], [ [ 19.019755254225188, 70.183205338080825 ], [ 19.020909431517751, 70.183237483022879 ], [ 19.020556892939759, 70.183038669065652 ], [ 19.019755254225188, 70.183205338080825 ] ], [ [ 19.019631757099631, 70.183124646192496 ], [ 19.020125609011828, 70.183000998309851 ], [ 19.01976001636865, 70.182903636364728 ], [ 19.019631757099631, 70.183124646192496 ] ], [ [ 19.018695101445019, 70.1822584774402 ], [ 19.019537351367656, 70.18227049303394 ], [ 19.018754630483851, 70.182016280045815 ], [ 19.018695101445019, 70.1822584774402 ] ], [ [ 19.023000932405722, 70.182174803556009 ], [ 19.026497754466426, 70.179757342458359 ], [ 19.023056997202467, 70.177697671382262 ], [ 19.018132210081898, 70.180271160704322 ], [ 19.023000932405722, 70.182174803556009 ] ], [ [ 19.028052336477018, 70.18079438899268 ], [ 19.027737240675744, 70.180820068874368 ], [ 19.027964156911935, 70.180860787372239 ], [ 19.028052336477018, 70.18079438899268 ] ], [ [ 19.027998838984654, 70.180668196566529 ], [ 19.027829009218532, 70.18073678962206 ], [ 19.02799842589565, 70.180761011930187 ], [ 19.027998838984654, 70.180668196566529 ] ], [ [ 19.02780743723007, 70.180460832833234 ], [ 19.027611482774795, 70.180524442768473 ], [ 19.027704798236527, 70.180567086282309 ], [ 19.02780743723007, 70.180460832833234 ] ], [ [ 19.024130620276193, 70.177645440899568 ], [ 19.023904105120256, 70.177943230190849 ], [ 19.024840326666631, 70.17808364607734 ], [ 19.024130620276193, 70.177645440899568 ] ], [ [ 19.031154491996489, 70.176290407093987 ], [ 19.02835376004295, 70.177964887631148 ], [ 19.029797408705033, 70.177462193474824 ], [ 19.031154491996489, 70.176290407093987 ] ], [ [ 19.031228952041751, 70.177072689578495 ], [ 19.030424388307331, 70.177232291060889 ], [ 19.031012730041891, 70.177376547303069 ], [ 19.031228952041751, 70.177072689578495 ] ], [ [ 19.028502995613362, 70.176368464985003 ], [ 19.029022112585974, 70.176242423415189 ], [ 19.028739746275164, 70.176124881941718 ], [ 19.028502995613362, 70.176368464985003 ] ], [ [ 19.018325084934492, 70.178243537706493 ], [ 19.01587393061833, 70.175770745778124 ], [ 19.016427191044169, 70.174191796946843 ], [ 19.020473567305729, 70.173532159476878 ], [ 19.021814837185875, 70.1757741261505 ], [ 19.025233675039679, 70.174910426395712 ], [ 19.020339767162906, 70.17221612113832 ], [ 19.015092171848291, 70.173649171239902 ], [ 19.015719533933204, 70.171974949871469 ], [ 19.017495277940053, 70.172540117698631 ], [ 19.020016467959486, 70.171938132766215 ], [ 19.018290232486404, 70.170764107689436 ], [ 19.019621695172326, 70.170640708876562 ], [ 19.017750997509005, 70.170378480062169 ], [ 19.015963197689739, 70.171964995182179 ], [ 19.008783819264181, 70.168200620997567 ], [ 19.005270703113347, 70.17077190532774 ], [ 19.003519408564124, 70.168591757000883 ], [ 19.005609572130613, 70.167197969970033 ], [ 19.000773179351832, 70.168582958139183 ], [ 18.998701609799937, 70.166771621273966 ], [ 18.997982137926179, 70.168681576558981 ], [ 18.993963795684557, 70.169924934349439 ], [ 18.998309363911421, 70.171952042406986 ], [ 18.994660740942216, 70.174263776180652 ], [ 18.999275804111736, 70.174921295501889 ], [ 19.000430024581217, 70.171164152017269 ], [ 19.007918360803568, 70.173099721458101 ], [ 19.01097401917983, 70.171962773672291 ], [ 19.006909524083408, 70.178847943875098 ], [ 19.010590631672407, 70.17732311883826 ], [ 19.016345772208403, 70.179817807513686 ], [ 19.014310309519459, 70.178211977520107 ], [ 19.018325084934492, 70.178243537706493 ] ], [ [ 19.028920344811318, 70.175493368228615 ], [ 19.030874067208622, 70.175593346827768 ], [ 19.030112358994412, 70.175179154223329 ], [ 19.028920344811318, 70.175493368228615 ] ], [ [ 19.026698629824985, 70.176022171834816 ], [ 19.027461548108633, 70.174949387722052 ], [ 19.025086657517107, 70.175663094202037 ], [ 19.026698629824985, 70.176022171834816 ] ], [ [ 19.02493260510569, 70.175678054916801 ], [ 19.024734085363985, 70.175541015136204 ], [ 19.024600940916265, 70.17565639737515 ], [ 19.02493260510569, 70.175678054916801 ] ], [ [ 19.024387708419923, 70.176011297905418 ], [ 19.023904919323929, 70.175832308096659 ], [ 19.024169859267328, 70.176049342637356 ], [ 19.024387708419923, 70.176011297905418 ] ], [ [ 19.016466734264842, 70.175396029036648 ], [ 19.017664908759173, 70.175617032773644 ], [ 19.017560661832661, 70.175379316855654 ], [ 19.016466734264842, 70.175396029036648 ] ], [ [ 19.025238965913211, 70.176087046332057 ], [ 19.024840764075634, 70.176098867452595 ], [ 19.025250062381883, 70.176143935962756 ], [ 19.025238965913211, 70.176087046332057 ] ], [ [ 19.026443544938974, 70.174636084879921 ], [ 19.025954732578622, 70.174728736259283 ], [ 19.026003566104503, 70.174760610531763 ], [ 19.026443544938974, 70.174636084879921 ] ], [ [ 19.02594032132588, 70.174338700232212 ], [ 19.026031049672245, 70.174479508727046 ], [ 19.026346024222057, 70.174341081995024 ], [ 19.02594032132588, 70.174338700232212 ] ], [ [ 19.024689119220106, 70.174151285649486 ], [ 19.024534915071225, 70.174231923457725 ], [ 19.024697930787152, 70.174219546578598 ], [ 19.024689119220106, 70.174151285649486 ] ], [ [ 19.025038158353009, 70.173787133865943 ], [ 19.024674691695413, 70.173965998140559 ], [ 19.025047811572865, 70.17406057295679 ], [ 19.025038158353009, 70.173787133865943 ] ], [ [ 19.044461486057607, 70.172446108050792 ], [ 19.045385263468599, 70.172584269739261 ], [ 19.045090504447217, 70.172342960102185 ], [ 19.044461486057607, 70.172446108050792 ] ], [ [ 19.04431854854047, 70.172556787271418 ], [ 19.044132212160207, 70.172454081395372 ], [ 19.044187127361869, 70.17256550436494 ], [ 19.04431854854047, 70.172556787271418 ] ], [ [ 19.04221793108195, 70.172203055204747 ], [ 19.042418053387895, 70.172323510088688 ], [ 19.042402694165961, 70.172141027042457 ], [ 19.04221793108195, 70.172203055204747 ] ], [ [ 19.019608074280399, 70.172169024310236 ], [ 19.019934946131396, 70.172129705788976 ], [ 19.01989020919525, 70.172105195004946 ], [ 19.019608074280399, 70.172169024310236 ] ], [ [ 19.017231531201936, 70.172728408810784 ], [ 19.017815113309371, 70.17271478141754 ], [ 19.017466403095728, 70.17261748904437 ], [ 19.017231531201936, 70.172728408810784 ] ], [ [ 19.016404089523629, 70.172699347669493 ], [ 19.016506105428093, 70.172657800059184 ], [ 19.016343121245811, 70.172656692871698 ], [ 19.016404089523629, 70.172699347669493 ] ], [ [ 19.019648326368962, 70.170937843168815 ], [ 19.019990116041484, 70.1711206349202 ], [ 19.020331819965811, 70.171120871734175 ], [ 19.019648326368962, 70.170937843168815 ] ], [ [ 19.037842878595651, 70.17017561492213 ], [ 19.039352172942333, 70.169789131740743 ], [ 19.038937778630675, 70.169636401435923 ], [ 19.037842878595651, 70.17017561492213 ] ], [ [ 19.01593688550166, 70.171078860962055 ], [ 19.016284923774059, 70.170966123956219 ], [ 19.016157878882421, 70.170923872693479 ], [ 19.01593688550166, 70.171078860962055 ] ], [ [ 19.015510417263268, 70.170067386911441 ], [ 19.015197948762079, 70.170119401800619 ], [ 19.015473951934748, 70.17013432688276 ], [ 19.015510417263268, 70.170067386911441 ] ], [ [ 19.014631130501961, 70.169684074037235 ], [ 19.014327299613353, 70.169712445578966 ], [ 19.014583175632644, 70.169825299665604 ], [ 19.014631130501961, 70.169684074037235 ] ], [ [ 19.025126925839611, 70.169224714373215 ], [ 19.024904796678342, 70.1692730096715 ], [ 19.025086281983985, 70.169301274006685 ], [ 19.025126925839611, 70.169224714373215 ] ], [ [ 19.021789642173271, 70.168553016251352 ], [ 19.021677315798119, 70.168648793346762 ], [ 19.021999691373519, 70.168673627387264 ], [ 19.021789642173271, 70.168553016251352 ] ], [ [ 19.011406556292368, 70.168264438843536 ], [ 19.011071766559116, 70.168298170264322 ], [ 19.011337790194972, 70.1684470963894 ], [ 19.011406556292368, 70.168264438843536 ] ], [ [ 19.00996364368261, 70.168084548990521 ], [ 19.01020714631542, 70.168155730294146 ], [ 19.010126807422683, 70.168049990824557 ], [ 19.00996364368261, 70.168084548990521 ] ], [ [ 19.008443178800505, 70.1679534597572 ], [ 19.00940921280052, 70.167896079840645 ], [ 19.009574827218231, 70.167766506616729 ], [ 19.008443178800505, 70.1679534597572 ] ], [ [ 19.005339857279292, 70.167876720108097 ], [ 19.005451780973271, 70.167871252315507 ], [ 19.005372253097413, 70.167865035192747 ], [ 19.005339857279292, 70.167876720108097 ] ], [ [ 18.999738107348211, 70.166997599065724 ], [ 18.999452980768112, 70.16705274923811 ], [ 18.999567690348613, 70.16708217021133 ], [ 18.999738107348211, 70.166997599065724 ] ], [ [ 19.000942419814006, 70.166900174921665 ], [ 19.001186772163951, 70.166978715436059 ], [ 19.000981395310376, 70.16685690014323 ], [ 19.000942419814006, 70.166900174921665 ] ], [ [ 19.001625438529476, 70.166728774374306 ], [ 19.001917375621279, 70.166880817171787 ], [ 19.00176657636564, 70.166682947102046 ], [ 19.001625438529476, 70.166728774374306 ] ], [ [ 19.002785755273077, 70.166530083346146 ], [ 19.003437750813138, 70.166488108473899 ], [ 19.002831921739837, 70.166317839392903 ], [ 19.002785755273077, 70.166530083346146 ] ], [ [ 19.004265919456682, 70.16622765573328 ], [ 19.004531986206814, 70.166621401898709 ], [ 19.005559293556743, 70.1664518995252 ], [ 19.004265919456682, 70.16622765573328 ] ], [ [ 19.002893041998561, 70.166244152657541 ], [ 19.002945000761365, 70.166110927560752 ], [ 19.002700126053814, 70.166110201970426 ], [ 19.002893041998561, 70.166244152657541 ] ], [ [ 18.998395745510798, 70.16607887493889 ], [ 18.998716393009577, 70.16625911959818 ], [ 18.998597636688526, 70.166024326987468 ], [ 18.998395745510798, 70.16607887493889 ] ], [ [ 19.002732214835071, 70.16598775257718 ], [ 19.002708887295373, 70.166025736937485 ], [ 19.00275002779744, 70.166020954315783 ], [ 19.002732214835071, 70.16598775257718 ] ], [ [ 18.991524151077236, 70.169095129146214 ], [ 18.988747695156473, 70.165325208969762 ], [ 18.989545854978971, 70.167035376105531 ], [ 18.988019051380785, 70.168093534192622 ], [ 18.980135307644382, 70.162377820588191 ], [ 18.965195907972149, 70.160380083793896 ], [ 18.957634512033572, 70.165675097118793 ], [ 18.958092103094891, 70.166885040151755 ], [ 18.963536778415513, 70.16556846269863 ], [ 18.964873498419852, 70.166681228822483 ], [ 18.955886113234168, 70.172617658070834 ], [ 18.949476626340601, 70.172758900531278 ], [ 18.952238425267403, 70.173996914893962 ], [ 18.947184360980138, 70.179922879409347 ], [ 18.95382844999807, 70.180741504158647 ], [ 18.961057450440528, 70.178869592989642 ], [ 18.963544488057195, 70.180245863262499 ], [ 18.948420254856014, 70.182253091811972 ], [ 18.952893470132153, 70.183812746557734 ], [ 18.947478851166139, 70.187451172379824 ], [ 18.956498667678044, 70.186454126542316 ], [ 18.959769237199797, 70.187997507073206 ], [ 18.962246848763577, 70.186086573762907 ], [ 18.96963100191352, 70.183909956928261 ], [ 18.966537951090991, 70.18881269761809 ], [ 18.971987921130044, 70.189388615034034 ], [ 18.966960230728542, 70.189892706018441 ], [ 18.965239307036338, 70.193348677736992 ], [ 18.97302090387625, 70.190716687293559 ], [ 18.974990191012232, 70.192870621135413 ], [ 18.978343560009773, 70.191032652362125 ], [ 18.981664666691302, 70.191204987111746 ], [ 18.980577440731622, 70.192842876849227 ], [ 18.984969299957584, 70.192574713786044 ], [ 18.984408583093494, 70.188495433696843 ], [ 18.988697547032896, 70.187672811583596 ], [ 18.990976093857846, 70.182465114913683 ], [ 18.994206201876384, 70.182917808333343 ], [ 18.988895267838011, 70.17774517674134 ], [ 18.988766244498819, 70.174041422363814 ], [ 18.992309660353193, 70.170746099792837 ], [ 18.988857327426111, 70.17020142327506 ], [ 18.991524151077236, 70.169095129146214 ] ], [ [ 18.998361155715454, 70.165827828837251 ], [ 18.99830972646215, 70.165988530919648 ], [ 18.998498204313055, 70.166017742866401 ], [ 18.998361155715454, 70.165827828837251 ] ], [ [ 18.989916065116297, 70.16600189571092 ], [ 18.99036806351825, 70.165851857005151 ], [ 18.990345561821517, 70.165807978313993 ], [ 18.989916065116297, 70.16600189571092 ] ], [ [ 18.989635715733296, 70.165803849543636 ], [ 18.989867357751688, 70.165795005525894 ], [ 18.989806606048912, 70.165701040731335 ], [ 18.989635715733296, 70.165803849543636 ] ], [ [ 18.987980512458371, 70.166699477776405 ], [ 18.988121998983832, 70.166608735065125 ], [ 18.987893089568686, 70.166622187362421 ], [ 18.987980512458371, 70.166699477776405 ] ], [ [ 19.012985627749899, 70.163527731212383 ], [ 19.014241937988512, 70.163435066465937 ], [ 19.012292373316274, 70.163221998212251 ], [ 19.012985627749899, 70.163527731212383 ] ], [ [ 18.98455984604216, 70.164262225814753 ], [ 18.984398047846728, 70.16423123838328 ], [ 18.984450790377164, 70.164296185409 ], [ 18.98455984604216, 70.164262225814753 ] ], [ [ 19.005654454024981, 70.163034971656273 ], [ 19.005157070829142, 70.163055171343402 ], [ 19.005482670868528, 70.163277248428145 ], [ 19.005654454024981, 70.163034971656273 ] ], [ [ 19.007096699763746, 70.162530415427057 ], [ 19.00725714285776, 70.16261837142774 ], [ 19.007456080779878, 70.162492994967721 ], [ 19.007096699763746, 70.162530415427057 ] ], [ [ 19.015658626738244, 70.161517013273667 ], [ 19.015036906117711, 70.162278517211689 ], [ 19.016278459841189, 70.161699591719128 ], [ 19.015658626738244, 70.161517013273667 ] ], [ [ 19.003087636200426, 70.162263875561905 ], [ 19.002426781527298, 70.162073815336996 ], [ 19.003178414374307, 70.162348720653327 ], [ 19.003087636200426, 70.162263875561905 ] ], [ [ 19.008323694607242, 70.162085197697976 ], [ 19.008156449291342, 70.162222533266444 ], [ 19.008465838857997, 70.162167453187394 ], [ 19.008323694607242, 70.162085197697976 ] ], [ [ 18.97346682470193, 70.161391372996803 ], [ 18.974011196728767, 70.16138180717968 ], [ 18.973468852129525, 70.161312541125767 ], [ 18.97346682470193, 70.161391372996803 ] ], [ [ 18.9673570493546, 70.160341283330325 ], [ 18.967927962130698, 70.160381904957319 ], [ 18.967826777530547, 70.160138804276272 ], [ 18.9673570493546, 70.160341283330325 ] ], [ [ 18.956853431483726, 70.160541194159279 ], [ 18.957131955168453, 70.159982101635919 ], [ 18.955647583754004, 70.160414040252604 ], [ 18.956853431483726, 70.160541194159279 ] ], [ [ 18.886390857369179, 70.162448480254994 ], [ 18.892863194543864, 70.15726689861377 ], [ 18.887188287498333, 70.160192527504222 ], [ 18.882025587516505, 70.1589192741489 ], [ 18.884403494389552, 70.156548934527194 ], [ 18.888430800842514, 70.15658736020896 ], [ 18.888847852582742, 70.158249585063459 ], [ 18.891502992855777, 70.157518529018418 ], [ 18.891250205601729, 70.15253854746004 ], [ 18.894345497001147, 70.151094762586311 ], [ 18.892904059273789, 70.150597109148805 ], [ 18.891283929218485, 70.148504086175478 ], [ 18.892580753194213, 70.147907798849744 ], [ 18.889016261885434, 70.148381712411506 ], [ 18.888763742734785, 70.14558810130211 ], [ 18.883159435428343, 70.146352891089904 ], [ 18.877761009263587, 70.145834680758227 ], [ 18.87892954536591, 70.144270403896641 ], [ 18.887835507219471, 70.145136664360493 ], [ 18.883422136973667, 70.142926934972792 ], [ 18.886884844399614, 70.142642713250197 ], [ 18.881531599095357, 70.141625817581755 ], [ 18.876555038864289, 70.143079078923691 ], [ 18.863800102779532, 70.142044821314116 ], [ 18.857246834724513, 70.146161253711313 ], [ 18.838185552580274, 70.148650728286015 ], [ 18.828718100901444, 70.147436159100494 ], [ 18.815831359525152, 70.149205870829988 ], [ 18.809456437782607, 70.148099138788382 ], [ 18.800980211529588, 70.149074281297288 ], [ 18.793994465746174, 70.148925722872605 ], [ 18.791239359792886, 70.147564017313854 ], [ 18.79337544493324, 70.146866018379001 ], [ 18.793546878309396, 70.146349949368769 ], [ 18.789950639807511, 70.146338386702453 ], [ 18.782280146318985, 70.151293069952104 ], [ 18.777216066389354, 70.160756899263475 ], [ 18.779892352370815, 70.166168099583956 ], [ 18.787495008093011, 70.16417442102879 ], [ 18.793331769948782, 70.16735580492724 ], [ 18.800521606494442, 70.165660068302486 ], [ 18.804574820913771, 70.168550119835118 ], [ 18.809663476765365, 70.168365619477726 ], [ 18.812506740712621, 70.173082840399218 ], [ 18.811682837048792, 70.17379722083939 ], [ 18.824689206668555, 70.176129718103766 ], [ 18.821812337035368, 70.181115175247811 ], [ 18.828761605685276, 70.187325097670751 ], [ 18.82748805321275, 70.189894779091148 ], [ 18.832984686764306, 70.192479110182745 ], [ 18.847685569007059, 70.194673816643331 ], [ 18.864069877799633, 70.190894139076931 ], [ 18.876798827892998, 70.19407784468055 ], [ 18.877497302833849, 70.192127832566456 ], [ 18.871734114304004, 70.190233483559794 ], [ 18.871359956165566, 70.187893184699689 ], [ 18.873080780657624, 70.187283897961777 ], [ 18.88569578335041, 70.189016338889573 ], [ 18.885263515270758, 70.190930897799475 ], [ 18.881996723561489, 70.190171460048788 ], [ 18.883449857116862, 70.192387425922036 ], [ 18.890774291595612, 70.191433194068054 ], [ 18.890982231192755, 70.190088420972671 ], [ 18.892144247424412, 70.189552784393996 ], [ 18.895353239243025, 70.191160037448029 ], [ 18.900660334088482, 70.190114547600217 ], [ 18.897771436478205, 70.187594486013026 ], [ 18.889899826034302, 70.187114650826373 ], [ 18.899229240177476, 70.178244483316774 ], [ 18.893394803052878, 70.179383550683013 ], [ 18.892570563038444, 70.176169013917388 ], [ 18.883693469398814, 70.174873263583862 ], [ 18.887596088753156, 70.172651310884319 ], [ 18.889501591831344, 70.173983538097161 ], [ 18.890453333485191, 70.173700211212989 ], [ 18.891356516788957, 70.170566551884662 ], [ 18.887182486082718, 70.17084132630275 ], [ 18.890475197759251, 70.165329389118114 ], [ 18.885827090906936, 70.163970479400902 ], [ 18.886996545858619, 70.162615622214091 ], [ 18.885730685725228, 70.163392003046141 ], [ 18.882461791749115, 70.163310192143612 ], [ 18.879358148619023, 70.160498611904416 ], [ 18.884405953466615, 70.161594330736676 ], [ 18.886239152267354, 70.160530228340122 ], [ 18.886390857369179, 70.162448480254994 ] ], [ [ 18.984289752312215, 70.159081904199724 ], [ 18.98418652222491, 70.15916101273055 ], [ 18.984314688121479, 70.159163191441493 ], [ 18.984289752312215, 70.159081904199724 ] ], [ [ 18.982434480134227, 70.155782931180269 ], [ 18.982567064895779, 70.155825978372548 ], [ 18.982557782338571, 70.155749014389514 ], [ 18.982434480134227, 70.155782931180269 ] ], [ [ 18.891707952593364, 70.153318292001273 ], [ 18.892221156669532, 70.153674988046419 ], [ 18.892120340355572, 70.153023217018784 ], [ 18.891707952593364, 70.153318292001273 ] ], [ [ 18.894035855038524, 70.151762200975085 ], [ 18.895016305238229, 70.151995986452675 ], [ 18.894493954402847, 70.151641293878328 ], [ 18.894035855038524, 70.151762200975085 ] ], [ [ 18.894645690426984, 70.151319993040062 ], [ 18.894392836769391, 70.151445597833685 ], [ 18.894762671073217, 70.151427310089744 ], [ 18.894645690426984, 70.151319993040062 ] ], [ [ 18.892767277946628, 70.149626684423168 ], [ 18.893399926912277, 70.149653795840834 ], [ 18.892916273570425, 70.14926690769552 ], [ 18.892767277946628, 70.149626684423168 ] ], [ [ 18.883441181430108, 70.145771868877105 ], [ 18.882624813077101, 70.145505992056982 ], [ 18.882403630774352, 70.145366794493697 ], [ 18.882426664970744, 70.145510560667262 ], [ 18.883441181430108, 70.145771868877105 ] ], [ [ 18.888262691948128, 70.145253862959976 ], [ 18.888486274878709, 70.145371891829427 ], [ 18.888374291621503, 70.145251437986801 ], [ 18.888262691948128, 70.145253862959976 ] ], [ [ 18.889861607727699, 70.144937855501553 ], [ 18.888753417704812, 70.145159477919876 ], [ 18.889780503978177, 70.145116403865998 ], [ 18.889861607727699, 70.144937855501553 ] ], [ [ 18.887288688425002, 70.144155476204347 ], [ 18.886917385414549, 70.1442707090211 ], [ 18.887428220692765, 70.144293208121226 ], [ 18.887288688425002, 70.144155476204347 ] ], [ [ 18.712206817712346, 70.144770600492777 ], [ 18.713818620220401, 70.144830748251408 ], [ 18.713612751669963, 70.144345074953137 ], [ 18.712206817712346, 70.144770600492777 ] ], [ [ 18.709120730961846, 70.142800626163663 ], [ 18.710528588688934, 70.143609868312467 ], [ 18.712836238676481, 70.142127737973397 ], [ 18.711149557007037, 70.142168833510198 ], [ 18.711224412766821, 70.141655511509299 ], [ 18.709120730961846, 70.142800626163663 ] ], [ [ 18.711832730911873, 70.143407951985566 ], [ 18.711566605717952, 70.143366408275909 ], [ 18.711821628612963, 70.143475633844844 ], [ 18.711832730911873, 70.143407951985566 ] ], [ [ 18.711868875693291, 70.141934224923304 ], [ 18.712274393880932, 70.141778065833364 ], [ 18.712077263262387, 70.141679226514711 ], [ 18.711868875693291, 70.141934224923304 ] ], [ [ 18.706985220498517, 70.146118823501695 ], [ 18.705438220247935, 70.141343949979557 ], [ 18.6990598947216, 70.142269967788209 ], [ 18.700313206235439, 70.148508007678473 ], [ 18.706985220498517, 70.146118823501695 ] ], [ [ 18.682201526652346, 70.141963360300593 ], [ 18.681573051131945, 70.141880460469551 ], [ 18.682000613424169, 70.142130326001308 ], [ 18.682201526652346, 70.141963360300593 ] ], [ [ 18.660215604511553, 70.143809449538864 ], [ 18.65389220403533, 70.140157523369908 ], [ 18.647080710478274, 70.141375019156413 ], [ 18.648622875208122, 70.145757512397594 ], [ 18.651484544734011, 70.144918246198856 ], [ 18.649794234013193, 70.149571785920458 ], [ 18.651148724645008, 70.148195383615658 ], [ 18.652751526329549, 70.150086166601895 ], [ 18.655368902638351, 70.148998742897405 ], [ 18.655350179815116, 70.155067132107519 ], [ 18.660215604511553, 70.143809449538864 ] ], [ [ 18.680063525419829, 70.141494776952953 ], [ 18.680402170811025, 70.141645973387611 ], [ 18.68025954299333, 70.141426439394692 ], [ 18.680063525419829, 70.141494776952953 ] ], [ [ 18.681318451582069, 70.141573686832018 ], [ 18.681654546040892, 70.141477497804075 ], [ 18.681360194505338, 70.141357006668983 ], [ 18.681318451582069, 70.141573686832018 ] ], [ [ 18.715405586037228, 70.139018869675255 ], [ 18.715065358047823, 70.139049825431073 ], [ 18.71518325097891, 70.139337034015057 ], [ 18.715405586037228, 70.139018869675255 ] ], [ [ 18.715132925936299, 70.138739186076165 ], [ 18.715844614839682, 70.138801199628986 ], [ 18.715619999753667, 70.13850812427458 ], [ 18.715132925936299, 70.138739186076165 ] ], [ [ 18.714714556329543, 70.138415913026705 ], [ 18.715257489767488, 70.138410567536567 ], [ 18.715076804540747, 70.138304654127907 ], [ 18.714714556329543, 70.138415913026705 ] ], [ [ 18.654638906100821, 70.151125648523262 ], [ 18.654695767573084, 70.151072037968504 ], [ 18.654573679588946, 70.151082613358213 ], [ 18.654638906100821, 70.151125648523262 ] ], [ [ 18.714131441158546, 70.152082633352364 ], [ 18.71096819422743, 70.154956226810199 ], [ 18.715612758456437, 70.152520913028241 ], [ 18.714562720511314, 70.146707636292319 ], [ 18.714131441158546, 70.152082633352364 ] ], [ [ 18.678001472675806, 70.155788791154393 ], [ 18.67733369013802, 70.155542229270452 ], [ 18.677770589812951, 70.155935348329123 ], [ 18.678001472675806, 70.155788791154393 ] ], [ [ 18.733981770593292, 70.152068749279934 ], [ 18.733763678371702, 70.155132656666879 ], [ 18.736022524371723, 70.153746625827708 ], [ 18.733981770593292, 70.152068749279934 ] ], [ [ 18.739173174922513, 70.154477533164837 ], [ 18.73648735190881, 70.155294092095062 ], [ 18.738230518548367, 70.156361743651075 ], [ 18.739173174922513, 70.154477533164837 ] ], [ [ 18.677344406265227, 70.157177233007232 ], [ 18.67797491641014, 70.156807097218191 ], [ 18.677926090237644, 70.156708048481491 ], [ 18.677344406265227, 70.157177233007232 ] ], [ [ 18.734843624888452, 70.15665094966306 ], [ 18.733641123832459, 70.156691656834965 ], [ 18.733726969939511, 70.15679216866279 ], [ 18.734843624888452, 70.15665094966306 ] ], [ [ 18.775823653225167, 70.154037139296094 ], [ 18.774967587726334, 70.154339384834913 ], [ 18.775132860266588, 70.154633385744489 ], [ 18.776478382744934, 70.154049556910621 ], [ 18.775823653225167, 70.154037139296094 ] ], [ [ 18.777016369319195, 70.154130543264259 ], [ 18.780405449463021, 70.152359415995903 ], [ 18.778995728476232, 70.151495103311333 ], [ 18.776027981566184, 70.15296486161445 ], [ 18.777016369319195, 70.154130543264259 ] ], [ [ 18.777460854863307, 70.152117711917256 ], [ 18.776649485680831, 70.15186545895142 ], [ 18.776605682666286, 70.152364978071105 ], [ 18.777460854863307, 70.152117711917256 ] ], [ [ 18.782085719670619, 70.149935847916765 ], [ 18.784908913915807, 70.148720529939681 ], [ 18.783205489856886, 70.148347946203444 ], [ 18.783356903213331, 70.146304364609634 ], [ 18.781314510624814, 70.147293525464363 ], [ 18.777952613426933, 70.145426726784137 ], [ 18.776547404883047, 70.148111038948613 ], [ 18.782085719670619, 70.149935847916765 ] ], [ [ 18.785091498874923, 70.1483276521097 ], [ 18.784718876112997, 70.148459216005534 ], [ 18.78517232662993, 70.148344715438313 ], [ 18.785091498874923, 70.1483276521097 ] ], [ [ 18.787394546999106, 70.147682606714383 ], [ 18.787459997403385, 70.147832122041791 ], [ 18.787629638971996, 70.147712213025699 ], [ 18.787394546999106, 70.147682606714383 ] ], [ [ 18.79181808722775, 70.145922475955771 ], [ 18.791529930631658, 70.146166878818633 ], [ 18.791739720262662, 70.146168092896616 ], [ 18.79181808722775, 70.145922475955771 ] ], [ [ 18.792060267593914, 70.145328022240875 ], [ 18.790073536127203, 70.145502327032418 ], [ 18.790058266059365, 70.145857267140926 ], [ 18.792060267593914, 70.145328022240875 ] ], [ [ 18.774020424710077, 70.146036042317959 ], [ 18.774294504125109, 70.145855291811642 ], [ 18.773990322235651, 70.145785718415283 ], [ 18.774020424710077, 70.146036042317959 ] ], [ [ 18.773011655362893, 70.146617792199535 ], [ 18.773854880480663, 70.146779564860736 ], [ 18.774052884674372, 70.146209519912716 ], [ 18.773011655362893, 70.146617792199535 ] ], [ [ 18.774939535556928, 70.147939268806354 ], [ 18.774144597120326, 70.147393756526284 ], [ 18.774479049461313, 70.148024160336973 ], [ 18.774939535556928, 70.147939268806354 ] ], [ [ 18.774627644007097, 70.148254650033039 ], [ 18.773696117483052, 70.148122047049299 ], [ 18.773667056703442, 70.148330594321394 ], [ 18.774627644007097, 70.148254650033039 ] ], [ [ 18.775453753855381, 70.149430763187993 ], [ 18.775388880665805, 70.149240544050272 ], [ 18.775186298732155, 70.149331044768658 ], [ 18.775453753855381, 70.149430763187993 ] ], [ [ 18.713318306812461, 70.146839980201236 ], [ 18.713539604639141, 70.146840598100923 ], [ 18.713452996342532, 70.146770362789482 ], [ 18.713318306812461, 70.146839980201236 ] ], [ [ 18.675212142289439, 70.148989399481962 ], [ 18.67547131497194, 70.149081075879636 ], [ 18.675345853710443, 70.148912019664152 ], [ 18.675212142289439, 70.148989399481962 ] ], [ [ 18.674516008618806, 70.149201907656348 ], [ 18.674392986121088, 70.149036123909752 ], [ 18.67402549278248, 70.149203354084023 ], [ 18.674516008618806, 70.149201907656348 ] ], [ [ 18.675065045694073, 70.149538571111378 ], [ 18.673814886220494, 70.149585698233565 ], [ 18.674126965442017, 70.150305159353834 ], [ 18.675065045694073, 70.149538571111378 ] ], [ [ 18.711539587006293, 70.151861192726443 ], [ 18.712031111707294, 70.151476380326073 ], [ 18.711728569543006, 70.15140631023678 ], [ 18.711539587006293, 70.151861192726443 ] ], [ [ 18.71161443532851, 70.152391349351589 ], [ 18.710001905551135, 70.152423157404357 ], [ 18.711071541136629, 70.152890661978105 ], [ 18.71161443532851, 70.152391349351589 ] ], [ [ 18.680852419031922, 70.143139647850973 ], [ 18.681420318411867, 70.143169998812979 ], [ 18.681001293462202, 70.142804905228928 ], [ 18.680852419031922, 70.143139647850973 ] ], [ [ 18.680515682715885, 70.142113092606166 ], [ 18.681158882426399, 70.142582968255283 ], [ 18.680872190604454, 70.142027622266994 ], [ 18.680515682715885, 70.142113092606166 ] ], [ [ 18.682438710728089, 70.141847290627609 ], [ 18.682928550777596, 70.142124882286168 ], [ 18.682496462324888, 70.141802183428453 ], [ 18.682438710728089, 70.141847290627609 ] ], [ [ 18.713421362728365, 70.146510373693189 ], [ 18.713347888366577, 70.146651561664157 ], [ 18.713457160873187, 70.146677317038851 ], [ 18.713421362728365, 70.146510373693189 ] ], [ [ 18.714583014563022, 70.146307264981914 ], [ 18.713900850408237, 70.146291872317107 ], [ 18.71394461330431, 70.146397216327202 ], [ 18.714583014563022, 70.146307264981914 ] ], [ [ 18.714715119991144, 70.145977683095253 ], [ 18.715032846800369, 70.146165000760163 ], [ 18.714860346001299, 70.145954999093775 ], [ 18.714715119991144, 70.145977683095253 ] ], [ [ 18.777605772059822, 70.144306527012048 ], [ 18.778023772413832, 70.144748873152636 ], [ 18.779273646880437, 70.143852385939482 ], [ 18.777605772059822, 70.144306527012048 ] ], [ [ 18.714362130376411, 70.145905881490009 ], [ 18.714539011624048, 70.145828471617975 ], [ 18.714300682952825, 70.145815364929305 ], [ 18.714362130376411, 70.145905881490009 ] ], [ [ 18.793956143401022, 70.147991127235088 ], [ 18.792648792353784, 70.147896677499105 ], [ 18.793451422834995, 70.148161529253727 ], [ 18.793956143401022, 70.147991127235088 ] ], [ [ 18.838419407229235, 70.147910219919893 ], [ 18.838877959529288, 70.147905864075426 ], [ 18.838844493982357, 70.147833823018075 ], [ 18.838419407229235, 70.147910219919893 ] ], [ [ 18.800590806951465, 70.148622478562032 ], [ 18.800888364137069, 70.14847127580029 ], [ 18.800852279705673, 70.14845470631289 ], [ 18.800590806951465, 70.148622478562032 ] ], [ [ 18.733798794188942, 70.158518217385037 ], [ 18.73373901294784, 70.157830385434863 ], [ 18.733104526579154, 70.158452845036095 ], [ 18.733798794188942, 70.158518217385037 ] ], [ [ 18.643917199540535, 70.16300850168912 ], [ 18.64115380448871, 70.162547124277921 ], [ 18.643628608521126, 70.163660288141728 ], [ 18.643917199540535, 70.16300850168912 ] ], [ [ 18.645174543738641, 70.162824940880654 ], [ 18.645351670422365, 70.16450007204466 ], [ 18.647431129353095, 70.165041778617919 ], [ 18.645174543738641, 70.162824940880654 ] ], [ [ 18.642384359850421, 70.163888475738702 ], [ 18.641516639594705, 70.16404289954535 ], [ 18.642727372220733, 70.163972477969622 ], [ 18.642384359850421, 70.163888475738702 ] ], [ [ 18.648586658162458, 70.162795970895175 ], [ 18.64953255429597, 70.165762547062371 ], [ 18.652126472682127, 70.165581969991052 ], [ 18.651784284650333, 70.164527650944109 ], [ 18.653238577217074, 70.164540836026731 ], [ 18.64953572854515, 70.164066586606793 ], [ 18.648586658162458, 70.162795970895175 ] ], [ [ 18.646064688141273, 70.166190162205581 ], [ 18.645556511447918, 70.165906465476482 ], [ 18.64567723272248, 70.166475023234852 ], [ 18.646064688141273, 70.166190162205581 ] ], [ [ 18.647852811652207, 70.165963359921264 ], [ 18.64592976512338, 70.166627501009359 ], [ 18.646775463347236, 70.167140348427552 ], [ 18.647852811652207, 70.165963359921264 ] ], [ [ 18.643293000529059, 70.166722099808695 ], [ 18.642310985610607, 70.166743505987725 ], [ 18.642491059158374, 70.167025171498523 ], [ 18.643293000529059, 70.166722099808695 ] ], [ [ 18.65240566118981, 70.165324088534774 ], [ 18.653187021154807, 70.165363388725865 ], [ 18.652961096292305, 70.165158197701587 ], [ 18.65240566118981, 70.165324088534774 ] ], [ [ 18.653005372827923, 70.164823826571066 ], [ 18.652764893495394, 70.164931115173204 ], [ 18.652993184268141, 70.164934363029431 ], [ 18.653005372827923, 70.164823826571066 ] ], [ [ 18.653033467044757, 70.16435758364409 ], [ 18.652755701777089, 70.164411027678312 ], [ 18.652972737397612, 70.164432916232869 ], [ 18.653033467044757, 70.16435758364409 ] ], [ [ 18.649730439585131, 70.163421819648363 ], [ 18.649153066290673, 70.16347238181919 ], [ 18.649201782474641, 70.163552039312663 ], [ 18.649730439585131, 70.163421819648363 ] ], [ [ 18.647307885912912, 70.162986818166061 ], [ 18.646703843760459, 70.162799378902008 ], [ 18.646838481636689, 70.163040742602107 ], [ 18.647307885912912, 70.162986818166061 ] ], [ [ 18.645462720307556, 70.162879967263095 ], [ 18.645602073890501, 70.162840937323224 ], [ 18.645445633630136, 70.162859568823862 ], [ 18.645462720307556, 70.162879967263095 ] ], [ [ 18.647567372272253, 70.163535305971436 ], [ 18.647895153878501, 70.163543449355956 ], [ 18.64791805761126, 70.163426049489047 ], [ 18.647567372272253, 70.163535305971436 ] ], [ [ 18.646820874503319, 70.162578487098372 ], [ 18.646670776999954, 70.162634531372419 ], [ 18.64686959330384, 70.16263425538088 ], [ 18.646820874503319, 70.162578487098372 ] ], [ [ 18.645113172129168, 70.16249811252051 ], [ 18.645040680910377, 70.162533895379212 ], [ 18.64527632639145, 70.162566999575048 ], [ 18.645113172129168, 70.16249811252051 ] ], [ [ 18.799308563031801, 70.170248605720587 ], [ 18.799923910606672, 70.169066514340756 ], [ 18.799672979071691, 70.16899683525412 ], [ 18.799308563031801, 70.170248605720587 ] ], [ [ 18.687106866047635, 70.172661709465359 ], [ 18.68678714313695, 70.17226700139787 ], [ 18.686157788120489, 70.172649802140327 ], [ 18.687106866047635, 70.172661709465359 ] ], [ [ 18.687716306466864, 70.172734849683906 ], [ 18.686019697297301, 70.173050067675021 ], [ 18.687625911005696, 70.173218290729722 ], [ 18.687716306466864, 70.172734849683906 ] ], [ [ 18.693636351820683, 70.173021204852844 ], [ 18.693478117094646, 70.173163139568345 ], [ 18.693772593395305, 70.173078751387379 ], [ 18.693636351820683, 70.173021204852844 ] ], [ [ 18.693060784679563, 70.173257424154471 ], [ 18.692702685935856, 70.173255373952372 ], [ 18.692715212684856, 70.173282509067519 ], [ 18.693060784679563, 70.173257424154471 ] ], [ [ 18.686437879133788, 70.173470144565044 ], [ 18.686444012947259, 70.173350386756894 ], [ 18.686236683158189, 70.173388062758335 ], [ 18.686437879133788, 70.173470144565044 ] ], [ [ 18.798732435557302, 70.170989911821479 ], [ 18.799019674061476, 70.1712582285015 ], [ 18.798933082653601, 70.170885415340905 ], [ 18.798732435557302, 70.170989911821479 ] ], [ [ 18.798478817111953, 70.171692400957966 ], [ 18.798056536712, 70.171295536255499 ], [ 18.797979503747893, 70.171554240904655 ], [ 18.798478817111953, 70.171692400957966 ] ], [ [ 18.691542641095246, 70.173929799297639 ], [ 18.692116758408709, 70.173666042514569 ], [ 18.691294345309309, 70.173796062105467 ], [ 18.691542641095246, 70.173929799297639 ] ], [ [ 18.799271053070093, 70.170654410694539 ], [ 18.799489987248837, 70.170857796388759 ], [ 18.799618694154802, 70.170526316372687 ], [ 18.799271053070093, 70.170654410694539 ] ], [ [ 18.688835124075467, 70.173034789741806 ], [ 18.688875936558912, 70.172842646307672 ], [ 18.688629441947157, 70.173025372348476 ], [ 18.688835124075467, 70.173034789741806 ] ], [ [ 18.811614060542329, 70.173132373749084 ], [ 18.811109677838555, 70.173186757578492 ], [ 18.811221381748517, 70.173370405713428 ], [ 18.811614060542329, 70.173132373749084 ] ], [ [ 18.682727770371674, 70.176107728902267 ], [ 18.682000956513559, 70.176004559352293 ], [ 18.682614257020823, 70.176220531848202 ], [ 18.682727770371674, 70.176107728902267 ] ], [ [ 18.689330947080521, 70.175935265261046 ], [ 18.689237394024772, 70.175974463947227 ], [ 18.689371771224604, 70.175966757738991 ], [ 18.689330947080521, 70.175935265261046 ] ], [ [ 18.689330007428786, 70.175749370174643 ], [ 18.689284377435119, 70.175896795774932 ], [ 18.689471562612837, 70.17591952693202 ], [ 18.689330007428786, 70.175749370174643 ] ], [ [ 18.690505958166742, 70.176289366795899 ], [ 18.689832758691498, 70.176273231368995 ], [ 18.690085917672285, 70.176493271654849 ], [ 18.690505958166742, 70.176289366795899 ] ], [ [ 18.785394482737871, 70.174580171229721 ], [ 18.784658760119015, 70.174696851483517 ], [ 18.785074074209135, 70.174763798094503 ], [ 18.785394482737871, 70.174580171229721 ] ], [ [ 18.692808665896052, 70.176880328645325 ], [ 18.690972508219676, 70.176771848342099 ], [ 18.692363563489792, 70.177452992692722 ], [ 18.692808665896052, 70.176880328645325 ] ], [ [ 18.682223202746354, 70.176998266344 ], [ 18.682833974223588, 70.176886921411196 ], [ 18.682445631108958, 70.176815057594851 ], [ 18.682223202746354, 70.176998266344 ] ], [ [ 18.682044284971177, 70.17689578326798 ], [ 18.682151125065868, 70.17691020355808 ], [ 18.682133758012853, 70.176892957006189 ], [ 18.682044284971177, 70.17689578326798 ] ], [ [ 18.785712220208584, 70.174191537975275 ], [ 18.785654209967159, 70.174237404834997 ], [ 18.78569357485171, 70.174229836529378 ], [ 18.785712220208584, 70.174191537975275 ] ], [ [ 18.681699793423171, 70.17802821932402 ], [ 18.681993776854195, 70.17816148001107 ], [ 18.681989637954427, 70.177998823613819 ], [ 18.681699793423171, 70.17802821932402 ] ], [ [ 18.689130753910309, 70.178784864577977 ], [ 18.688479044643739, 70.178799086363611 ], [ 18.688688529638998, 70.179041223710499 ], [ 18.689130753910309, 70.178784864577977 ] ], [ [ 18.690120015249647, 70.179011037893162 ], [ 18.689196533453266, 70.178834524758216 ], [ 18.68878668185506, 70.179104677770312 ], [ 18.690120015249647, 70.179011037893162 ] ], [ [ 18.691019296591229, 70.17947095855331 ], [ 18.691813149170663, 70.179212559884022 ], [ 18.691734786016777, 70.179197648267348 ], [ 18.691019296591229, 70.17947095855331 ] ], [ [ 18.692372094912347, 70.179617692515535 ], [ 18.691925902207746, 70.179580989157529 ], [ 18.692039888521375, 70.17966926339453 ], [ 18.692372094912347, 70.179617692515535 ] ], [ [ 18.604473961281482, 70.184596502162194 ], [ 18.604550594482667, 70.184482073823588 ], [ 18.604232535464888, 70.184594979620456 ], [ 18.604473961281482, 70.184596502162194 ] ], [ [ 18.604106252389951, 70.18463128583582 ], [ 18.603948570250452, 70.184613620428109 ], [ 18.603985907511188, 70.184639452763832 ], [ 18.604106252389951, 70.18463128583582 ] ], [ [ 18.605040479915445, 70.184584482609381 ], [ 18.604314732116347, 70.184727588794246 ], [ 18.604504364291564, 70.184767512361319 ], [ 18.605040479915445, 70.184584482609381 ] ], [ [ 18.603612191579753, 70.184959673247249 ], [ 18.603379752191941, 70.184862593755881 ], [ 18.603517294279712, 70.184968046779119 ], [ 18.603612191579753, 70.184959673247249 ] ], [ [ 18.820395214381236, 70.180448623036668 ], [ 18.819980327541423, 70.180768527377964 ], [ 18.820335401693416, 70.18080901478109 ], [ 18.820395214381236, 70.180448623036668 ] ], [ [ 18.819646830664357, 70.18089465214878 ], [ 18.81922715732744, 70.181007162917197 ], [ 18.819619851619745, 70.181039215061631 ], [ 18.819646830664357, 70.18089465214878 ] ], [ [ 18.606820062713425, 70.185513578983731 ], [ 18.606124600868743, 70.185734664205953 ], [ 18.60676078018815, 70.185998294176343 ], [ 18.606820062713425, 70.185513578983731 ] ], [ [ 18.609157118890998, 70.18586619107154 ], [ 18.609078721898072, 70.186103603682156 ], [ 18.609310222970279, 70.185884842381199 ], [ 18.609157118890998, 70.18586619107154 ] ], [ [ 18.777982733959444, 70.182090490121695 ], [ 18.7789009268716, 70.183386289593528 ], [ 18.780247807784452, 70.18241450097689 ], [ 18.777982733959444, 70.182090490121695 ] ], [ [ 18.821780017089178, 70.181666756311998 ], [ 18.821284864036208, 70.181720519442891 ], [ 18.821643787745522, 70.181898892492399 ], [ 18.821780017089178, 70.181666756311998 ] ], [ [ 18.819121375493093, 70.181070677041234 ], [ 18.819653354355133, 70.18134462137057 ], [ 18.819161509022766, 70.181055809281233 ], [ 18.819121375493093, 70.181070677041234 ] ], [ [ 18.659547237977442, 70.188191607300681 ], [ 18.659516413697514, 70.188026803924046 ], [ 18.65930239814141, 70.188162206617704 ], [ 18.659547237977442, 70.188191607300681 ] ], [ [ 18.656583222208159, 70.188471936372792 ], [ 18.656641558526609, 70.188409675125342 ], [ 18.656513204919186, 70.188421992289776 ], [ 18.656583222208159, 70.188471936372792 ] ], [ [ 18.77691206165564, 70.189919720546499 ], [ 18.776598204557196, 70.189591211282973 ], [ 18.776054969081859, 70.189748431618966 ], [ 18.77691206165564, 70.189919720546499 ] ], [ [ 18.776774608467477, 70.190114921747451 ], [ 18.776719038607276, 70.189963307527705 ], [ 18.776644150844504, 70.190105364264184 ], [ 18.776774608467477, 70.190114921747451 ] ], [ [ 18.775082703145078, 70.191366990030204 ], [ 18.774975365579774, 70.1912566150598 ], [ 18.775069394682316, 70.191475144524006 ], [ 18.775082703145078, 70.191366990030204 ] ], [ [ 18.775802558454757, 70.191244048501133 ], [ 18.77535396692554, 70.191619063374006 ], [ 18.77543754937923, 70.191741435372847 ], [ 18.775802558454757, 70.191244048501133 ] ], [ [ 18.772092268996772, 70.192374473068057 ], [ 18.771716682810204, 70.191773392989461 ], [ 18.771554146443009, 70.19257180963254 ], [ 18.772092268996772, 70.192374473068057 ] ], [ [ 18.776193098404729, 70.191311453055022 ], [ 18.77646758461287, 70.191638906319099 ], [ 18.776645393705124, 70.191277855319214 ], [ 18.776193098404729, 70.191311453055022 ] ], [ [ 18.84426174022526, 70.194914324020587 ], [ 18.843693666013603, 70.194714781435053 ], [ 18.843611775484465, 70.194899332392339 ], [ 18.84426174022526, 70.194914324020587 ] ], [ [ 18.881052112994666, 70.1933584720977 ], [ 18.882522923240487, 70.194170754943741 ], [ 18.881376942872176, 70.19309426060822 ], [ 18.881052112994666, 70.1933584720977 ] ], [ [ 18.892704675068526, 70.193912459704052 ], [ 18.892467817479947, 70.194156459237632 ], [ 18.892974658651859, 70.194103505603451 ], [ 18.892704675068526, 70.193912459704052 ] ], [ [ 18.881666606542673, 70.194361406243956 ], [ 18.881756442645703, 70.194275740890845 ], [ 18.881509236010231, 70.194274085493277 ], [ 18.881666606542673, 70.194361406243956 ] ], [ [ 18.949161826449608, 70.192705361628086 ], [ 18.947760740780389, 70.193251866621367 ], [ 18.949145539591818, 70.193365825020436 ], [ 18.949161826449608, 70.192705361628086 ] ], [ [ 18.946359996759348, 70.193201222673466 ], [ 18.946779667914164, 70.193082477064607 ], [ 18.946687739536888, 70.192989725324679 ], [ 18.946465349015394, 70.193030554211362 ], [ 18.946359996759348, 70.193201222673466 ] ], [ [ 18.890375354216506, 70.194819448765415 ], [ 18.88942167150984, 70.194635594578472 ], [ 18.889963398964603, 70.194926120498536 ], [ 18.890375354216506, 70.194819448765415 ] ], [ [ 18.883176368699978, 70.194745614969776 ], [ 18.883409963455222, 70.194653871159531 ], [ 18.88276950939964, 70.194724781495623 ], [ 18.883176368699978, 70.194745614969776 ] ], [ [ 18.882764945178511, 70.194791982660433 ], [ 18.882626726748068, 70.194716374970582 ], [ 18.882598875587178, 70.194766833146161 ], [ 18.882764945178511, 70.194791982660433 ] ], [ [ 18.882459093798783, 70.194812348782023 ], [ 18.882540768343834, 70.194756503316754 ], [ 18.882366213848496, 70.194770702781611 ], [ 18.882459093798783, 70.194812348782023 ] ], [ [ 18.881389221878539, 70.194957946338022 ], [ 18.881249699328521, 70.194876796493475 ], [ 18.881256716823405, 70.194959107602756 ], [ 18.881389221878539, 70.194957946338022 ] ], [ [ 18.952552864894898, 70.192850373886984 ], [ 18.95441834748916, 70.193604549159289 ], [ 18.957415873462608, 70.192805268442555 ], [ 18.952552864894898, 70.192850373886984 ] ], [ [ 18.977770160960805, 70.193226079210774 ], [ 18.975328691268622, 70.193499609770541 ], [ 18.976263812752102, 70.193675167515778 ], [ 18.977770160960805, 70.193226079210774 ] ], [ [ 18.955494635721752, 70.193834772555348 ], [ 18.955683571457136, 70.193793592349365 ], [ 18.955430200238098, 70.193820652549704 ], [ 18.955494635721752, 70.193834772555348 ] ], [ [ 18.948483351071246, 70.194045543756602 ], [ 18.948573751411104, 70.194008517542159 ], [ 18.948454931527593, 70.194042396534087 ], [ 18.948483351071246, 70.194045543756602 ] ], [ [ 18.948355105962488, 70.194117360731667 ], [ 18.948568435085882, 70.194058223287229 ], [ 18.948306026714242, 70.194089335080278 ], [ 18.948355105962488, 70.194117360731667 ] ], [ [ 18.958738552853347, 70.194060805088228 ], [ 18.958085686028195, 70.194082405032347 ], [ 18.957941416833961, 70.194314849454514 ], [ 18.958738552853347, 70.194060805088228 ] ], [ [ 18.953071194075243, 70.194284121034187 ], [ 18.952844874013991, 70.194134504601067 ], [ 18.952474450634, 70.194254424947658 ], [ 18.953071194075243, 70.194284121034187 ] ], [ [ 18.629080447774957, 70.201668067003084 ], [ 18.626191910711348, 70.201781885718205 ], [ 18.628704628007682, 70.202668236657061 ], [ 18.629080447774957, 70.201668067003084 ] ], [ [ 18.630367362850322, 70.202375590353967 ], [ 18.629696656475907, 70.20235090212752 ], [ 18.6298919033872, 70.202683286582896 ], [ 18.630367362850322, 70.202375590353967 ] ], [ [ 18.686166168322117, 70.201654065789342 ], [ 18.685710878257296, 70.201727636724499 ], [ 18.685885624353229, 70.201821763407992 ], [ 18.686166168322117, 70.201654065789342 ] ], [ [ 18.624734114152432, 70.203268668701114 ], [ 18.624279305852532, 70.203038875900631 ], [ 18.624315393692591, 70.203336041867828 ], [ 18.624734114152432, 70.203268668701114 ] ], [ [ 18.625384978224776, 70.203052371231166 ], [ 18.625836317587815, 70.2031885611175 ], [ 18.62544756747425, 70.203051196322704 ], [ 18.625384978224776, 70.203052371231166 ] ], [ [ 18.628295718888083, 70.203415902804878 ], [ 18.626208132382398, 70.204023362492748 ], [ 18.628110146372702, 70.20404158161827 ], [ 18.628295718888083, 70.203415902804878 ] ], [ [ 18.877450682286181, 70.198537217311284 ], [ 18.873342020884923, 70.200516164800831 ], [ 18.876679722870922, 70.201341353882185 ], [ 18.877450682286181, 70.198537217311284 ] ], [ [ 18.685144123256805, 70.20327634362431 ], [ 18.685002793459738, 70.203161680991244 ], [ 18.68492908682666, 70.20318663612963 ], [ 18.685144123256805, 70.20327634362431 ] ], [ [ 18.685030074247923, 70.203517319949043 ], [ 18.684882536621398, 70.203353117997324 ], [ 18.684970502491396, 70.203563539935004 ], [ 18.685030074247923, 70.203517319949043 ] ], [ [ 18.87020510639902, 70.200023620934189 ], [ 18.868514058459187, 70.199968836795264 ], [ 18.868583939565333, 70.20010539505445 ], [ 18.87020510639902, 70.200023620934189 ] ], [ [ 18.679039680216558, 70.204164675123934 ], [ 18.677602855036643, 70.204427195768304 ], [ 18.678602160907381, 70.204615883953949 ], [ 18.679039680216558, 70.204164675123934 ] ], [ [ 18.677056721832205, 70.204183680510454 ], [ 18.676697974297245, 70.204164627511005 ], [ 18.676889689847375, 70.204345083986041 ], [ 18.677056721832205, 70.204183680510454 ] ], [ [ 18.6261492982124, 70.205035438044462 ], [ 18.625708044589857, 70.205131558995006 ], [ 18.626227431878057, 70.205075889486466 ], [ 18.6261492982124, 70.205035438044462 ] ], [ [ 18.627375387047302, 70.205800254477552 ], [ 18.625390876552419, 70.20553240700923 ], [ 18.625948617530408, 70.2061977557631 ], [ 18.627375387047302, 70.205800254477552 ] ], [ [ 18.859736661895667, 70.200710281984087 ], [ 18.860513494223714, 70.201178002270652 ], [ 18.860751722719172, 70.200552707412228 ], [ 18.859736661895667, 70.200710281984087 ] ], [ [ 18.865579307302944, 70.200964341834975 ], [ 18.869381629237953, 70.202509770495752 ], [ 18.872901907200514, 70.202064785747268 ], [ 18.870773319441017, 70.200537751839747 ], [ 18.865579307302944, 70.200964341834975 ] ], [ [ 18.679059134862424, 70.205722527620296 ], [ 18.679426817982492, 70.205683104689129 ], [ 18.679296657209957, 70.205647244062618 ], [ 18.679059134862424, 70.205722527620296 ] ], [ [ 18.679412091374189, 70.205890065892262 ], [ 18.679004960557325, 70.20594754159967 ], [ 18.679267289478194, 70.206060176700092 ], [ 18.679412091374189, 70.205890065892262 ] ], [ [ 18.681045334733604, 70.205818756002387 ], [ 18.680050597924282, 70.206086504916954 ], [ 18.680996028716887, 70.206090194176397 ], [ 18.681045334733604, 70.205818756002387 ] ], [ [ 18.867502235806022, 70.201981960246172 ], [ 18.865791034615324, 70.202716269005109 ], [ 18.867489268851173, 70.202722061625963 ], [ 18.867502235806022, 70.201981960246172 ] ], [ [ 18.681843464027285, 70.206573335042378 ], [ 18.681086502542062, 70.206458726566453 ], [ 18.681585817369566, 70.206730315558957 ], [ 18.681843464027285, 70.206573335042378 ] ], [ [ 18.679223564606179, 70.206771222813259 ], [ 18.679427714781415, 70.206451075415217 ], [ 18.679162008920564, 70.206715902909082 ], [ 18.679223564606179, 70.206771222813259 ] ], [ [ 18.680232139661548, 70.206503554705051 ], [ 18.680596477635881, 70.206687203558616 ], [ 18.680935404945505, 70.206446647858868 ], [ 18.680232139661548, 70.206503554705051 ] ], [ [ 18.854795055155847, 70.202921191167576 ], [ 18.853190006359068, 70.203148712197788 ], [ 18.855143665390894, 70.203414843233418 ], [ 18.854795055155847, 70.202921191167576 ] ], [ [ 18.874738665214469, 70.202496089165763 ], [ 18.874480119937331, 70.202791280460772 ], [ 18.874608904191966, 70.202819399748989 ], [ 18.874738665214469, 70.202496089165763 ] ], [ [ 18.885683136103658, 70.202283417351907 ], [ 18.885867634624997, 70.20238488021387 ], [ 18.885853927603961, 70.202270015975543 ], [ 18.885683136103658, 70.202283417351907 ] ], [ [ 18.681627013697906, 70.205968485160653 ], [ 18.681344973757913, 70.205978493109228 ], [ 18.681449775888055, 70.206014782828134 ], [ 18.681627013697906, 70.205968485160653 ] ], [ [ 18.886137675961276, 70.202137478972801 ], [ 18.886164267545382, 70.202188554734491 ], [ 18.886310363561954, 70.202143978170042 ], [ 18.886137675961276, 70.202137478972801 ] ], [ [ 18.886466324360413, 70.201609258390363 ], [ 18.886734446416366, 70.201971479712782 ], [ 18.886801976501669, 70.201583390730562 ], [ 18.886466324360413, 70.201609258390363 ] ], [ [ 18.88744079726893, 70.201832926810539 ], [ 18.887459353385257, 70.201929899770064 ], [ 18.887701757039302, 70.201850806289528 ], [ 18.88744079726893, 70.201832926810539 ] ], [ [ 18.89125237313732, 70.201129556046482 ], [ 18.89220263929851, 70.201767929688998 ], [ 18.891576966431337, 70.201071849875632 ], [ 18.89125237313732, 70.201129556046482 ] ], [ [ 18.89281313883237, 70.201450427475621 ], [ 18.893447586598036, 70.202137959318236 ], [ 18.893182175784805, 70.201378279363581 ], [ 18.89281313883237, 70.201450427475621 ] ], [ [ 18.892354058124226, 70.201995776156011 ], [ 18.892475072938474, 70.201812861592089 ], [ 18.892400030972194, 70.201809818884783 ], [ 18.892354058124226, 70.201995776156011 ] ], [ [ 18.893002994736975, 70.201331773826055 ], [ 18.8929349719978, 70.201374302446013 ], [ 18.892986164638845, 70.201378760825861 ], [ 18.893002994736975, 70.201331773826055 ] ], [ [ 18.892761158051059, 70.201048938061106 ], [ 18.892743934179766, 70.20108542348261 ], [ 18.892869317313274, 70.201073000640093 ], [ 18.892761158051059, 70.201048938061106 ] ], [ [ 18.887315137477295, 70.201225708266676 ], [ 18.887909120325521, 70.200974875964533 ], [ 18.88771304035372, 70.2008218346635 ], [ 18.887315137477295, 70.201225708266676 ] ], [ [ 18.889524656076571, 70.200749411652296 ], [ 18.890084687913049, 70.20072747496809 ], [ 18.889783197742045, 70.20061552822277 ], [ 18.889524656076571, 70.200749411652296 ] ], [ [ 18.892326316099467, 70.200583174981986 ], [ 18.892124078556854, 70.200602565199205 ], [ 18.892154466692233, 70.200610529444134 ], [ 18.892326316099467, 70.200583174981986 ] ], [ [ 18.892438452486864, 70.200534299440719 ], [ 18.892464276720933, 70.200554579539059 ], [ 18.892476348396684, 70.20054272950955 ], [ 18.892438452486864, 70.200534299440719 ] ], [ [ 18.887833737278168, 70.200625815649332 ], [ 18.887950899523027, 70.200611957509494 ], [ 18.88799442729395, 70.200525226807443 ], [ 18.887833737278168, 70.200625815649332 ] ], [ [ 18.887066385015263, 70.200891723607015 ], [ 18.885858165913831, 70.201099178710109 ], [ 18.886520883312084, 70.201270407638248 ], [ 18.887066385015263, 70.200891723607015 ] ], [ [ 18.886770752415714, 70.201155042157112 ], [ 18.887147414857356, 70.201291864408986 ], [ 18.887189258745423, 70.201023355729461 ], [ 18.886770752415714, 70.201155042157112 ] ], [ [ 18.885038880308219, 70.201431418291349 ], [ 18.884951330496477, 70.201374656054583 ], [ 18.884877434032152, 70.201417039035107 ], [ 18.885038880308219, 70.201431418291349 ] ], [ [ 18.885448388981185, 70.2013699979655 ], [ 18.885222246062678, 70.201456641109388 ], [ 18.885343120690916, 70.20144135694396 ], [ 18.885118328264333, 70.201604056058414 ], [ 18.885189892126274, 70.201660356034026 ], [ 18.885448388981185, 70.2013699979655 ] ], [ [ 18.884999930001854, 70.201595930812076 ], [ 18.885060029297168, 70.201580166598333 ], [ 18.884999132474125, 70.201566394264461 ], [ 18.884999930001854, 70.201595930812076 ] ], [ [ 18.8858562275664, 70.201571004269695 ], [ 18.88586140789727, 70.201606913598837 ], [ 18.885968023081453, 70.201605951309162 ], [ 18.8858562275664, 70.201571004269695 ] ], [ [ 18.886028518016978, 70.201534663661263 ], [ 18.885907389339945, 70.20154438437352 ], [ 18.886005389082953, 70.201562383031188 ], [ 18.886028518016978, 70.201534663661263 ] ], [ [ 18.886022973097223, 70.201478550631464 ], [ 18.886157224146675, 70.20153421077579 ], [ 18.88618677441929, 70.201452005506539 ], [ 18.886022973097223, 70.201478550631464 ] ], [ [ 18.892604655537465, 70.20095271323288 ], [ 18.892446530024294, 70.200995220820204 ], [ 18.892670464910687, 70.201038779314928 ], [ 18.892604655537465, 70.20095271323288 ] ], [ [ 18.885932018864679, 70.201779023953634 ], [ 18.886023840736033, 70.2017431690346 ], [ 18.885986403366726, 70.201702029803883 ], [ 18.885932018864679, 70.201779023953634 ] ], [ [ 18.67938117315196, 70.204425494108776 ], [ 18.679178322983173, 70.20442624096232 ], [ 18.679318908134984, 70.204464133087043 ], [ 18.67938117315196, 70.204425494108776 ] ], [ [ 18.628399662724792, 70.205552239391352 ], [ 18.628835511572618, 70.20556991911225 ], [ 18.628720478889072, 70.205392178658769 ], [ 18.628399662724792, 70.205552239391352 ] ], [ [ 18.627504393627017, 70.205608778675838 ], [ 18.6283991663874, 70.20532664960264 ], [ 18.627478299901355, 70.205213608714956 ], [ 18.627504393627017, 70.205608778675838 ] ], [ [ 18.677365268552776, 70.204074341718041 ], [ 18.677153369489748, 70.204242682531074 ], [ 18.677203946633693, 70.204249908719888 ], [ 18.677365268552776, 70.204074341718041 ] ], [ [ 18.867206687792997, 70.200015624190073 ], [ 18.867010034654101, 70.200069089743153 ], [ 18.867338559566058, 70.200037752983519 ], [ 18.867206687792997, 70.200015624190073 ] ], [ [ 18.679451169720995, 70.202735039143747 ], [ 18.680054480633217, 70.202541961427883 ], [ 18.679680385541417, 70.202429375260508 ], [ 18.679451169720995, 70.202735039143747 ] ], [ [ 18.693594359914155, 70.202488515898622 ], [ 18.692938734575787, 70.202560481628609 ], [ 18.693373583625224, 70.202609459940902 ], [ 18.693594359914155, 70.202488515898622 ] ], [ [ 18.686830494517647, 70.202116694786 ], [ 18.687260707083496, 70.202200630371067 ], [ 18.687137658620156, 70.202060805092714 ], [ 18.686830494517647, 70.202116694786 ] ], [ [ 18.975069653752367, 70.196164251619535 ], [ 18.974648552730009, 70.196042873613749 ], [ 18.97470015085587, 70.196210173761429 ], [ 18.975069653752367, 70.196164251619535 ] ], [ [ 18.889624906987269, 70.198109929384941 ], [ 18.889342893831945, 70.198064483295809 ], [ 18.889588860305523, 70.198215183037519 ], [ 18.889624906987269, 70.198109929384941 ] ], [ [ 18.894345507043496, 70.198226671166736 ], [ 18.893176424271868, 70.19847743658822 ], [ 18.894332856901205, 70.198531379825454 ], [ 18.894345507043496, 70.198226671166736 ] ], [ [ 18.964270017281734, 70.196778304166799 ], [ 18.96508291155968, 70.19679204381778 ], [ 18.964527369680724, 70.196599590833088 ], [ 18.964270017281734, 70.196778304166799 ] ], [ [ 18.977192109927962, 70.196538613649906 ], [ 18.977024911364868, 70.196967070886487 ], [ 18.978657603400219, 70.196707428673108 ], [ 18.977192109927962, 70.196538613649906 ] ], [ [ 18.894070565712688, 70.198659154019765 ], [ 18.894131198876963, 70.198615437747591 ], [ 18.894034226983443, 70.198622483908835 ], [ 18.894070565712688, 70.198659154019765 ] ], [ [ 18.894359049161491, 70.19898418324037 ], [ 18.893877433514444, 70.198841659824168 ], [ 18.894123493001121, 70.199134283536935 ], [ 18.894359049161491, 70.19898418324037 ] ], [ [ 18.969485494782617, 70.197345056662414 ], [ 18.96978168094115, 70.197558060105194 ], [ 18.969963369327093, 70.197308605146318 ], [ 18.969485494782617, 70.197345056662414 ] ], [ [ 18.950571505252451, 70.198001324786631 ], [ 18.950324935169224, 70.19798950808233 ], [ 18.950432254500711, 70.198111205742379 ], [ 18.950571505252451, 70.198001324786631 ] ], [ [ 18.968807717814663, 70.197466244753571 ], [ 18.968869341428814, 70.197454639581025 ], [ 18.968804841550941, 70.197451305760566 ], [ 18.968807717814663, 70.197466244753571 ] ], [ [ 18.986614667167686, 70.196713793179242 ], [ 18.986950645976233, 70.19675079308044 ], [ 18.98685775965502, 70.196676047000366 ], [ 18.986614667167686, 70.196713793179242 ] ], [ [ 19.010917690850221, 70.19591345146668 ], [ 19.011139824327191, 70.196002454925917 ], [ 19.01123791360115, 70.195764431150025 ], [ 19.010917690850221, 70.19591345146668 ] ], [ [ 18.981903310178016, 70.196605379448229 ], [ 18.982499573743734, 70.196467353872919 ], [ 18.981617945602409, 70.196501126219815 ], [ 18.981903310178016, 70.196605379448229 ] ], [ [ 18.954628398671421, 70.196952380736747 ], [ 18.954715849200696, 70.196944163733093 ], [ 18.954603187397094, 70.196924548842375 ], [ 18.954628398671421, 70.196952380736747 ] ], [ [ 18.953247626381753, 70.196797316159603 ], [ 18.953271573588029, 70.196766064691673 ], [ 18.953043087959923, 70.196737952517111 ], [ 18.953247626381753, 70.196797316159603 ] ], [ [ 18.9808137078765, 70.195567695328904 ], [ 18.983839909813312, 70.196040409506224 ], [ 18.984386087393283, 70.195681770799084 ], [ 18.9808137078765, 70.195567695328904 ] ], [ [ 19.003937692039198, 70.195338426603513 ], [ 19.003651890932165, 70.195348401932478 ], [ 19.003690245035607, 70.195429928059212 ], [ 19.003937692039198, 70.195338426603513 ] ], [ [ 19.004623545963693, 70.19529831440363 ], [ 19.004548573991958, 70.195306547081415 ], [ 19.004581925903384, 70.195310473850029 ], [ 19.004623545963693, 70.19529831440363 ] ], [ [ 19.004909043764417, 70.19510129889953 ], [ 19.005498827943114, 70.195215876121821 ], [ 19.005558713736679, 70.195030457524567 ], [ 19.004909043764417, 70.19510129889953 ] ], [ [ 18.984452404485733, 70.195613637728471 ], [ 18.984588030844034, 70.195629939012136 ], [ 18.984687164677929, 70.195598628695123 ], [ 18.984452404485733, 70.195613637728471 ] ], [ [ 18.875514796863516, 70.19801538620672 ], [ 18.876635443909894, 70.197871065484279 ], [ 18.875743255466567, 70.197802945384879 ], [ 18.875514796863516, 70.19801538620672 ] ], [ [ 18.687095285434889, 70.20187279836847 ], [ 18.687523055482789, 70.201723897205412 ], [ 18.687057189300891, 70.201852385366806 ], [ 18.687095285434889, 70.20187279836847 ] ], [ [ 18.882728444243728, 70.197439766731293 ], [ 18.884198869111032, 70.197478890792198 ], [ 18.883500602931388, 70.197209613648255 ], [ 18.882728444243728, 70.197439766731293 ] ], [ [ 18.895036733966379, 70.197126961886696 ], [ 18.895365907962727, 70.197199042322282 ], [ 18.895320391237945, 70.197106787326817 ], [ 18.895036733966379, 70.197126961886696 ] ], [ [ 18.973105238770721, 70.195462952528274 ], [ 18.974348816902737, 70.195231643893251 ], [ 18.973274211486562, 70.195198682255054 ], [ 18.973105238770721, 70.195462952528274 ] ], [ [ 18.9881187766882, 70.194878020419523 ], [ 18.988210889420333, 70.194951525262681 ], [ 18.98829680061846, 70.194894364063174 ], [ 18.9881187766882, 70.194878020419523 ] ], [ [ 18.987770676412275, 70.194896004076128 ], [ 18.988011422140968, 70.194842137253161 ], [ 18.987986455179929, 70.194834966499911 ], [ 18.987770676412275, 70.194896004076128 ] ], [ [ 18.976009400761718, 70.195029260453722 ], [ 18.976393407690612, 70.195006460925001 ], [ 18.976288491532063, 70.19496800161815 ], [ 18.976009400761718, 70.195029260453722 ] ], [ [ 19.003116816442773, 70.194321628568176 ], [ 19.003305370091038, 70.194459005212181 ], [ 19.003254943319178, 70.194331661132821 ], [ 19.003116816442773, 70.194321628568176 ] ], [ [ 18.974152191509706, 70.195165480136481 ], [ 18.974541207927263, 70.194908908327534 ], [ 18.973618177061461, 70.195122065535443 ], [ 18.974152191509706, 70.195165480136481 ] ], [ [ 18.890352343032205, 70.19731451916509 ], [ 18.891749064375489, 70.195649491533018 ], [ 18.887677591668552, 70.196518872616437 ], [ 18.890352343032205, 70.19731451916509 ] ], [ [ 18.958886254451532, 70.194915561985354 ], [ 18.958811793333833, 70.195050701364792 ], [ 18.959138504295353, 70.194870195409493 ], [ 18.958886254451532, 70.194915561985354 ] ], [ [ 18.952076373874299, 70.194716595845776 ], [ 18.952087632270025, 70.194733865497128 ], [ 18.952099327280507, 70.194723007220006 ], [ 18.952076373874299, 70.194716595845776 ] ], [ [ 18.952195033202251, 70.194661157592364 ], [ 18.95220027271672, 70.194682961809491 ], [ 18.952216375974196, 70.194666077259214 ], [ 18.952195033202251, 70.194661157592364 ] ], [ [ 18.893446767981029, 70.195841885523222 ], [ 18.893390034443673, 70.195871144238097 ], [ 18.893459070847996, 70.195874765667384 ], [ 18.893446767981029, 70.195841885523222 ] ], [ [ 18.954129130094618, 70.194223782002993 ], [ 18.955442551587282, 70.194317258139364 ], [ 18.955474755636217, 70.194167511249859 ], [ 18.954129130094618, 70.194223782002993 ] ], [ [ 18.883321637159952, 70.19659007483078 ], [ 18.883562435820661, 70.196480209387076 ], [ 18.883233183363359, 70.196556507705296 ], [ 18.883321637159952, 70.19659007483078 ] ], [ [ 18.885522394254536, 70.196918520808509 ], [ 18.883082155352469, 70.196934814518855 ], [ 18.884591128945637, 70.197291185337349 ], [ 18.885522394254536, 70.196918520808509 ] ], [ [ 18.68603666777862, 70.20121879685891 ], [ 18.686205738678556, 70.201044138649166 ], [ 18.686073763987526, 70.201014338004669 ], [ 18.68603666777862, 70.20121879685891 ] ], [ [ 18.895157332444835, 70.196828531997355 ], [ 18.896075912570051, 70.196992639886133 ], [ 18.895875542483861, 70.196790383481812 ], [ 18.895157332444835, 70.196828531997355 ] ], [ [ 18.89303291239219, 70.196864511467439 ], [ 18.893181742164234, 70.196841697632408 ], [ 18.893078949023973, 70.196836113953296 ], [ 18.89303291239219, 70.196864511467439 ] ], [ [ 18.893327325938717, 70.196988283602494 ], [ 18.893491682584877, 70.196970522231979 ], [ 18.893306734798955, 70.196905907415825 ], [ 18.893327325938717, 70.196988283602494 ] ], [ [ 18.893850490613357, 70.196704380788944 ], [ 18.893928731218864, 70.19670762258005 ], [ 18.893882290306564, 70.196679166727506 ], [ 18.893850490613357, 70.196704380788944 ] ], [ [ 18.975849194599181, 70.195061291101894 ], [ 18.97572674749744, 70.195069306486815 ], [ 18.975737569320902, 70.195091076559166 ], [ 18.975849194599181, 70.195061291101894 ] ], [ [ 18.985700799022251, 70.194958287031895 ], [ 18.985697293670096, 70.194922340049843 ], [ 18.985648434898316, 70.194961517266336 ], [ 18.985700799022251, 70.194958287031895 ] ], [ [ 18.875355155505286, 70.197584784686285 ], [ 18.875120458325718, 70.197678067597721 ], [ 18.875757280817815, 70.197714071377831 ], [ 18.875355155505286, 70.197584784686285 ] ], [ [ 18.68713622552055, 70.201636556001475 ], [ 18.687502500537143, 70.201600107722825 ], [ 18.687466442282023, 70.201557019935052 ], [ 18.68713622552055, 70.201636556001475 ] ], [ [ 18.624852921720372, 70.203196936206311 ], [ 18.625351182780285, 70.203039493010778 ], [ 18.624994881139603, 70.202961553626153 ], [ 18.624852921720372, 70.203196936206311 ] ], [ [ 18.974627408671509, 70.193559895807041 ], [ 18.974565453092126, 70.193616428969747 ], [ 18.974696224930007, 70.193609038205537 ], [ 18.974627408671509, 70.193559895807041 ] ], [ [ 18.978231257215899, 70.193111458206417 ], [ 18.97794345403193, 70.193250982333225 ], [ 18.97806509148857, 70.193278648471832 ], [ 18.978231257215899, 70.193111458206417 ] ], [ [ 18.978993723627468, 70.193144577897883 ], [ 18.978822366875221, 70.193143439640778 ], [ 18.978796021570034, 70.193212839494251 ], [ 18.978993723627468, 70.193144577897883 ] ], [ [ 18.946077112506533, 70.193126687663963 ], [ 18.94631343232659, 70.19318769438496 ], [ 18.94609399076559, 70.193039087046543 ], [ 18.946077112506533, 70.193126687663963 ] ], [ [ 18.892749816965814, 70.194261007931814 ], [ 18.892515004801883, 70.194239425864296 ], [ 18.89260062084751, 70.194278978892598 ], [ 18.892749816965814, 70.194261007931814 ] ], [ [ 18.892474548630759, 70.194382953954488 ], [ 18.892258334273777, 70.19430132077693 ], [ 18.892255743202863, 70.194378810376421 ], [ 18.892474548630759, 70.194382953954488 ] ], [ [ 18.894063738618115, 70.193774076339793 ], [ 18.900248031220862, 70.193217012434175 ], [ 18.898399646516026, 70.191440838346551 ], [ 18.891202586007903, 70.192594022335328 ], [ 18.894063738618115, 70.193774076339793 ] ], [ [ 18.953870162908164, 70.192184039681734 ], [ 18.955644638129773, 70.192077252470469 ], [ 18.95424071057208, 70.191716900422449 ], [ 18.953870162908164, 70.192184039681734 ] ], [ [ 18.95877836632032, 70.191787359751629 ], [ 18.958466475451544, 70.192112443228922 ], [ 18.959131012643269, 70.191993291196326 ], [ 18.95877836632032, 70.191787359751629 ] ], [ [ 18.951221422977447, 70.192076148465219 ], [ 18.950194537916136, 70.191578992733255 ], [ 18.950355059883304, 70.192118237195146 ], [ 18.951221422977447, 70.192076148465219 ] ], [ [ 18.948711746293586, 70.192342910314721 ], [ 18.948187839682209, 70.192134353467978 ], [ 18.947978039124013, 70.192329422574204 ], [ 18.948711746293586, 70.192342910314721 ] ], [ [ 18.953654580876247, 70.191856853515503 ], [ 18.953998307506911, 70.19177893247435 ], [ 18.953784644605562, 70.191725611080258 ], [ 18.953654580876247, 70.191856853515503 ] ], [ [ 18.958782854980893, 70.191159490751886 ], [ 18.959672664615951, 70.19117631345685 ], [ 18.959503927856929, 70.190973508400916 ], [ 18.958782854980893, 70.191159490751886 ] ], [ [ 18.96383115117602, 70.190953078868546 ], [ 18.963711374186012, 70.190941802529892 ], [ 18.96368747424097, 70.191020038929821 ], [ 18.96383115117602, 70.190953078868546 ] ], [ [ 18.963447640309219, 70.190794822574077 ], [ 18.963865054694349, 70.190818024674783 ], [ 18.963672620592689, 70.190698844898236 ], [ 18.963447640309219, 70.190794822574077 ] ], [ [ 18.951076541607346, 70.190769819872202 ], [ 18.953189424963661, 70.190488952607907 ], [ 18.951979550712124, 70.189983535318007 ], [ 18.951076541607346, 70.190769819872202 ] ], [ [ 18.954783755955162, 70.190447680458277 ], [ 18.954372896930714, 70.190432308288976 ], [ 18.954388755805279, 70.190520535844982 ], [ 18.954783755955162, 70.190447680458277 ] ], [ [ 18.965449924036307, 70.190231562599649 ], [ 18.965257795376221, 70.190225571008511 ], [ 18.965356457084532, 70.190268935565712 ], [ 18.965449924036307, 70.190231562599649 ] ], [ [ 18.954152434484516, 70.190285439617398 ], [ 18.953881896557267, 70.190282153484247 ], [ 18.954043615575866, 70.190351981940211 ], [ 18.954152434484516, 70.190285439617398 ] ], [ [ 18.960300370696547, 70.189789761401556 ], [ 18.9621518550898, 70.189867163863624 ], [ 18.961634439881234, 70.189292960067249 ], [ 18.960300370696547, 70.189789761401556 ] ], [ [ 18.955435792292295, 70.189943154979957 ], [ 18.954375561380385, 70.189585643958608 ], [ 18.954570597079726, 70.190133108719436 ], [ 18.955435792292295, 70.189943154979957 ] ], [ [ 18.949948911046093, 70.189899824514157 ], [ 18.9501675374256, 70.189745522395981 ], [ 18.949526389511409, 70.189835918267661 ], [ 18.949948911046093, 70.189899824514157 ] ], [ [ 18.899900731657809, 70.190903166210305 ], [ 18.899493271666771, 70.190909693310644 ], [ 18.899631277597329, 70.190971369601797 ], [ 18.899900731657809, 70.190903166210305 ] ], [ [ 18.948409807969409, 70.189818471467873 ], [ 18.948400220418332, 70.18984033275828 ], [ 18.948422749226516, 70.189832110797397 ], [ 18.948409807969409, 70.189818471467873 ] ], [ [ 18.893645866691983, 70.191290457947005 ], [ 18.894192775354643, 70.190940908777407 ], [ 18.892860417345489, 70.191017722305418 ], [ 18.893645866691983, 70.191290457947005 ] ], [ [ 18.892604798449881, 70.191202842328423 ], [ 18.892732260546552, 70.191170880207792 ], [ 18.892630803100889, 70.191144157772499 ], [ 18.892604798449881, 70.191202842328423 ] ], [ [ 18.892946564746701, 70.191304295773904 ], [ 18.892684871676217, 70.191259403456868 ], [ 18.89266983503494, 70.191289194142044 ], [ 18.892946564746701, 70.191304295773904 ] ], [ [ 18.95316174639709, 70.190054402430619 ], [ 18.95327528086727, 70.190005544002688 ], [ 18.953203577486459, 70.190010089723287 ], [ 18.95316174639709, 70.190054402430619 ] ], [ [ 18.955589750693662, 70.190000127223925 ], [ 18.955833345200187, 70.189996908272292 ], [ 18.955798108944009, 70.189915396773188 ], [ 18.955589750693662, 70.190000127223925 ] ], [ [ 18.958389838119245, 70.189590928776084 ], [ 18.958340965341602, 70.189605393387836 ], [ 18.958332393314706, 70.189622831056099 ], [ 18.958389838119245, 70.189590928776084 ] ], [ [ 18.899430118528819, 70.191329317631499 ], [ 18.898569357594713, 70.191387202470693 ], [ 18.898833223462717, 70.191514952720141 ], [ 18.899430118528819, 70.191329317631499 ] ], [ [ 18.893722908998807, 70.191332352371177 ], [ 18.893361574932563, 70.191559384359977 ], [ 18.89403490397444, 70.191400943827361 ], [ 18.893722908998807, 70.191332352371177 ] ], [ [ 18.892869786903209, 70.191708580650086 ], [ 18.892835259990669, 70.191623902024602 ], [ 18.89265811705647, 70.191656493645993 ], [ 18.892869786903209, 70.191708580650086 ] ], [ [ 18.892014451954122, 70.191733617502933 ], [ 18.891943420148301, 70.191708120609476 ], [ 18.891974707292292, 70.191743373406496 ], [ 18.892014451954122, 70.191733617502933 ] ], [ [ 18.890714294635519, 70.192001052378686 ], [ 18.890982380143853, 70.191926784471534 ], [ 18.890945246447263, 70.191892826193154 ], [ 18.890714294635519, 70.192001052378686 ] ], [ [ 18.884464290950294, 70.193604735888499 ], [ 18.884453680834842, 70.192888936826321 ], [ 18.883402744688585, 70.193097917034052 ], [ 18.884464290950294, 70.193604735888499 ] ], [ [ 18.890310518860783, 70.193354025852599 ], [ 18.88965729775386, 70.193370981867318 ], [ 18.889678087391154, 70.19353033787246 ], [ 18.890310518860783, 70.193354025852599 ] ], [ [ 18.884468085738771, 70.189818440421845 ], [ 18.884936228866106, 70.189604114601735 ], [ 18.884374681070462, 70.18967125778677 ], [ 18.884468085738771, 70.189818440421845 ] ], [ [ 18.873706064856318, 70.187887688036383 ], [ 18.872464216699086, 70.18828218527743 ], [ 18.873165438720878, 70.188501937848244 ], [ 18.873706064856318, 70.187887688036383 ] ], [ [ 18.891959358230086, 70.190081764076908 ], [ 18.891629588538486, 70.190081646372917 ], [ 18.891849714512738, 70.190156187804234 ], [ 18.891959358230086, 70.190081764076908 ] ], [ [ 18.95676662441252, 70.189293564112248 ], [ 18.956608907816548, 70.18938265813641 ], [ 18.956661123508919, 70.189382853208301 ], [ 18.95676662441252, 70.189293564112248 ] ], [ [ 18.952756502567908, 70.188991787054917 ], [ 18.952999718180624, 70.189104107825656 ], [ 18.952913807615033, 70.188961278133277 ], [ 18.952756502567908, 70.188991787054917 ] ], [ [ 18.959099403755022, 70.188805818982601 ], [ 18.958981142092021, 70.188874100512123 ], [ 18.959088482909493, 70.188895176945451 ], [ 18.959099403755022, 70.188805818982601 ] ], [ [ 18.951745813338725, 70.18900427762506 ], [ 18.951572616345114, 70.188969825872135 ], [ 18.951446233444287, 70.189029027967209 ], [ 18.951745813338725, 70.18900427762506 ] ], [ [ 18.954981280337446, 70.188802394934996 ], [ 18.955549505465378, 70.188521250506454 ], [ 18.955435642984636, 70.188493757997264 ], [ 18.954981280337446, 70.188802394934996 ] ], [ [ 18.954487964812579, 70.188628936393854 ], [ 18.954412645874374, 70.188563491102215 ], [ 18.954409083383737, 70.188631934173401 ], [ 18.954487964812579, 70.188628936393854 ] ], [ [ 18.901124454510164, 70.189784562146556 ], [ 18.900970219048979, 70.189826096272725 ], [ 18.901081191505309, 70.189862488399925 ], [ 18.901124454510164, 70.189784562146556 ] ], [ [ 18.954329857905279, 70.188688391366981 ], [ 18.95372372214527, 70.188842352766542 ], [ 18.954403206237284, 70.188772565859935 ], [ 18.954329857905279, 70.188688391366981 ] ], [ [ 18.954913218627823, 70.188441950876594 ], [ 18.954805202741063, 70.188464277317266 ], [ 18.954914419782469, 70.18848136198892 ], [ 18.954913218627823, 70.188441950876594 ] ], [ [ 18.956086664008506, 70.187606014000281 ], [ 18.956109916138441, 70.187913635609505 ], [ 18.95772938904387, 70.18811622043971 ], [ 18.95766232399901, 70.187424441781786 ], [ 18.956086664008506, 70.187606014000281 ] ], [ [ 18.957182908535, 70.188274447041337 ], [ 18.956549847752317, 70.188216103473977 ], [ 18.956651295349271, 70.18835697188544 ], [ 18.957182908535, 70.188274447041337 ] ], [ [ 18.955172147222473, 70.187956698190675 ], [ 18.955336235593851, 70.187783468875153 ], [ 18.95511966447831, 70.187821127108194 ], [ 18.955172147222473, 70.187956698190675 ] ], [ [ 18.95478954672015, 70.188160261400341 ], [ 18.954542502423198, 70.187885695550605 ], [ 18.954201489273849, 70.188093460565014 ], [ 18.95478954672015, 70.188160261400341 ] ], [ [ 18.89713693139192, 70.187204943008439 ], [ 18.897171510671285, 70.187330492681426 ], [ 18.897371301371198, 70.187289049143089 ], [ 18.89713693139192, 70.187204943008439 ] ], [ [ 18.896133371119983, 70.187272840646074 ], [ 18.896294487177439, 70.187159835723435 ], [ 18.895959296149183, 70.187203681847038 ], [ 18.896133371119983, 70.187272840646074 ] ], [ [ 18.892855514958654, 70.186149494000176 ], [ 18.89827129009543, 70.186322846932867 ], [ 18.899008301085914, 70.18471196697682 ], [ 18.892855514958654, 70.186149494000176 ] ], [ [ 18.898614540887287, 70.1861297921145 ], [ 18.898839243886204, 70.186269262375845 ], [ 18.899059248362938, 70.186016814376117 ], [ 18.898614540887287, 70.1861297921145 ] ], [ [ 18.898798262895689, 70.185835284451727 ], [ 18.899235596240043, 70.1857813953375 ], [ 18.89914613865696, 70.185515466767228 ], [ 18.898798262895689, 70.185835284451727 ] ], [ [ 18.947897076561944, 70.182892381435821 ], [ 18.948594721207961, 70.183116241764097 ], [ 18.948690830019775, 70.182782814205112 ], [ 18.947897076561944, 70.182892381435821 ] ], [ [ 18.895237845067236, 70.183387564132573 ], [ 18.896287569589216, 70.183344984685178 ], [ 18.896161011610335, 70.182775786588863 ], [ 18.895237845067236, 70.183387564132573 ] ], [ [ 18.896854475711429, 70.182997502918866 ], [ 18.896734834709338, 70.183097210731304 ], [ 18.896773957290364, 70.183113697387228 ], [ 18.896854475711429, 70.182997502918866 ] ], [ [ 18.896946891674194, 70.182498552161491 ], [ 18.897348596429289, 70.182678281380873 ], [ 18.897086562682308, 70.182436227156401 ], [ 18.896946891674194, 70.182498552161491 ] ], [ [ 18.897630724107387, 70.182107292670707 ], [ 18.897774108298915, 70.18241920956693 ], [ 18.898200519560408, 70.181884696854155 ], [ 18.8975773415033, 70.181889177633821 ], [ 18.897630724107387, 70.182107292670707 ] ], [ [ 18.895649756250581, 70.181941507660483 ], [ 18.897142285191837, 70.18132956320666 ], [ 18.8967617682368, 70.181110476812748 ], [ 18.895649756250581, 70.181941507660483 ] ], [ [ 18.897172103562532, 70.181228125126481 ], [ 18.897785052312241, 70.181316752500251 ], [ 18.897496423305302, 70.181146872330061 ], [ 18.897172103562532, 70.181228125126481 ] ], [ [ 18.897264551371446, 70.180481331178925 ], [ 18.897777210686446, 70.180692242392595 ], [ 18.897465364757981, 70.180426030140652 ], [ 18.897264551371446, 70.180481331178925 ] ], [ [ 18.896424606149274, 70.181169999028882 ], [ 18.896342894177945, 70.181094791010011 ], [ 18.896260197075467, 70.181162973513395 ], [ 18.896424606149274, 70.181169999028882 ] ], [ [ 18.89753555073359, 70.181995906664596 ], [ 18.897355410165954, 70.182062615547082 ], [ 18.897556061948038, 70.182047023243101 ], [ 18.89753555073359, 70.181995906664596 ] ], [ [ 18.895883547604591, 70.182408483604178 ], [ 18.895994756302006, 70.182395915347158 ], [ 18.896003958913884, 70.182350710341495 ], [ 18.895883547604591, 70.182408483604178 ] ], [ [ 18.895824078438206, 70.182697861882829 ], [ 18.896063074001134, 70.182667963368772 ], [ 18.895976365865259, 70.182611189082124 ], [ 18.895824078438206, 70.182697861882829 ] ], [ [ 18.895753873601549, 70.182774755471911 ], [ 18.895412524089629, 70.182693063319093 ], [ 18.895379722590324, 70.18293721608849 ], [ 18.895753873601549, 70.182774755471911 ] ], [ [ 18.894668769793451, 70.183298782215587 ], [ 18.894830697093195, 70.183216841750308 ], [ 18.894804955316854, 70.183206711352597 ], [ 18.894668769793451, 70.183298782215587 ] ], [ [ 18.894800770571141, 70.183424370914068 ], [ 18.894677809168716, 70.183492529061866 ], [ 18.89487917699072, 70.183475038063179 ], [ 18.894800770571141, 70.183424370914068 ] ], [ [ 18.948381277135777, 70.177951501697223 ], [ 18.948412315981241, 70.178146926715087 ], [ 18.948629270432495, 70.177947114877199 ], [ 18.948381277135777, 70.177951501697223 ] ], [ [ 18.947464939960039, 70.177844126259586 ], [ 18.948374479316787, 70.177830195086003 ], [ 18.948164321124263, 70.177575742931197 ], [ 18.947464939960039, 70.177844126259586 ] ], [ [ 18.949103579056683, 70.177523512248754 ], [ 18.948987589983847, 70.177582754284387 ], [ 18.94896721472692, 70.177615992993353 ], [ 18.949103579056683, 70.177523512248754 ] ], [ [ 18.947741392226273, 70.177130588439994 ], [ 18.947913264770566, 70.177155907944808 ], [ 18.947890130737189, 70.177137372738969 ], [ 18.947741392226273, 70.177130588439994 ] ], [ [ 18.948981990871289, 70.17622412822881 ], [ 18.948545471300651, 70.176301394286682 ], [ 18.948718642282572, 70.176357048405933 ], [ 18.948981990871289, 70.17622412822881 ] ], [ [ 18.948176946217217, 70.175569098575295 ], [ 18.947643633615176, 70.175717308883193 ], [ 18.948117613795134, 70.176033772961048 ], [ 18.948176946217217, 70.175569098575295 ] ], [ [ 18.892033173085906, 70.174866026209983 ], [ 18.892434621328576, 70.174923330186516 ], [ 18.892149408187301, 70.174798913453344 ], [ 18.892033173085906, 70.174866026209983 ] ], [ [ 18.893316232506653, 70.174227484949256 ], [ 18.892686224243654, 70.174412031046799 ], [ 18.893068943758223, 70.174405152578046 ], [ 18.893316232506653, 70.174227484949256 ] ], [ [ 18.891409677817467, 70.16856174009429 ], [ 18.892055311703661, 70.169230150940137 ], [ 18.892112935919823, 70.167982058324299 ], [ 18.891409677817467, 70.16856174009429 ] ], [ [ 18.957970866018833, 70.167659046880758 ], [ 18.958094196378195, 70.167692345413428 ], [ 18.958137831115238, 70.167671527460584 ], [ 18.957970866018833, 70.167659046880758 ] ], [ [ 18.893095187169212, 70.168103541475645 ], [ 18.893044835584931, 70.168184494811811 ], [ 18.893095090905003, 70.168296678267481 ], [ 18.893095187169212, 70.168103541475645 ] ], [ [ 18.892881799482169, 70.167991939221309 ], [ 18.893038556187143, 70.167905619036077 ], [ 18.892870102718621, 70.167883588876322 ], [ 18.892881799482169, 70.167991939221309 ] ], [ [ 18.892455155041237, 70.168009385915738 ], [ 18.892649178521243, 70.167858297234403 ], [ 18.892393601231007, 70.167907419023024 ], [ 18.892455155041237, 70.168009385915738 ] ], [ [ 18.956863556821531, 70.166252076607634 ], [ 18.957024672714191, 70.166333501144678 ], [ 18.957080194043289, 70.166249086818794 ], [ 18.956863556821531, 70.166252076607634 ] ], [ [ 18.956986372680159, 70.165864418387585 ], [ 18.956680211113362, 70.166039444413371 ], [ 18.956778635151291, 70.166224486834182 ], [ 18.956986372680159, 70.165864418387585 ] ], [ [ 18.9563217295314, 70.165938663249037 ], [ 18.956614089342274, 70.165842099559967 ], [ 18.956618875752977, 70.165832561100174 ], [ 18.9563217295314, 70.165938663249037 ] ], [ [ 18.890000260014176, 70.164868278436956 ], [ 18.889801423340579, 70.164974104913156 ], [ 18.889966623906624, 70.165046422993584 ], [ 18.890000260014176, 70.164868278436956 ] ], [ [ 18.890190452466033, 70.16459861012072 ], [ 18.890106918329508, 70.164649471736396 ], [ 18.890226605770849, 70.164650105783451 ], [ 18.890190452466033, 70.16459861012072 ] ], [ [ 18.890707347600681, 70.164329030535512 ], [ 18.891048720841535, 70.16438449479007 ], [ 18.890907212135446, 70.164162724966914 ], [ 18.890707347600681, 70.164329030535512 ] ], [ [ 18.955261336611919, 70.162757571636376 ], [ 18.958431741200805, 70.162087323601 ], [ 18.960433291515148, 70.160729756590129 ], [ 18.955740103094957, 70.160962057940338 ], [ 18.955261336611919, 70.162757571636376 ] ], [ [ 18.96424945666109, 70.160474707007708 ], [ 18.964297861406276, 70.16059599197655 ], [ 18.964336520985736, 70.160458405555488 ], [ 18.96424945666109, 70.160474707007708 ] ], [ [ 18.963790380722408, 70.160527542769785 ], [ 18.964021760738948, 70.160491426887631 ], [ 18.963971707970586, 70.16043459078854 ], [ 18.963790380722408, 70.160527542769785 ] ], [ [ 18.891947157073155, 70.163342077736402 ], [ 18.892873249970886, 70.163151361200306 ], [ 18.892388501341017, 70.162878214834038 ], [ 18.891947157073155, 70.163342077736402 ] ], [ [ 18.89084806676054, 70.163350330444899 ], [ 18.890406608910364, 70.163141185568378 ], [ 18.89067218987914, 70.163388376802914 ], [ 18.89084806676054, 70.163350330444899 ] ], [ [ 18.891522704490143, 70.16311936081506 ], [ 18.891718098976106, 70.163245278307556 ], [ 18.891774072675332, 70.163189984223138 ], [ 18.891522704490143, 70.16311936081506 ] ], [ [ 18.890307928353455, 70.163531484287191 ], [ 18.890052032007333, 70.163660110019535 ], [ 18.890333813470772, 70.163684351420599 ], [ 18.890307928353455, 70.163531484287191 ] ], [ [ 18.891994817720217, 70.163722729710869 ], [ 18.891892500459122, 70.163664048579832 ], [ 18.891702397675562, 70.163845594120076 ], [ 18.891994817720217, 70.163722729710869 ] ], [ [ 18.891633968576727, 70.163975178724741 ], [ 18.891398612808736, 70.16379865678924 ], [ 18.891569529541311, 70.163996790763065 ], [ 18.891633968576727, 70.163975178724741 ] ], [ [ 18.890936470649823, 70.164108820129016 ], [ 18.890642790297075, 70.164049534901196 ], [ 18.890868158649873, 70.164133749917141 ], [ 18.890936470649823, 70.164108820129016 ] ], [ [ 18.889860208995064, 70.164350846253825 ], [ 18.889587664517599, 70.164031581840021 ], [ 18.889608690114791, 70.164377778488088 ], [ 18.889860208995064, 70.164350846253825 ] ], [ [ 18.891904630174864, 70.16401196612496 ], [ 18.891984501941792, 70.164039964061345 ], [ 18.891982167492387, 70.163977043947853 ], [ 18.891904630174864, 70.16401196612496 ] ], [ [ 18.891681161050954, 70.16396732611534 ], [ 18.891806026675173, 70.163985632848821 ], [ 18.891766463235466, 70.163911843885671 ], [ 18.891681161050954, 70.16396732611534 ] ], [ [ 18.885656349648976, 70.162950487013575 ], [ 18.885883368911152, 70.162838394351922 ], [ 18.885617909564399, 70.162786933086892 ], [ 18.885656349648976, 70.162950487013575 ] ], [ [ 18.966466051204154, 70.187163640438172 ], [ 18.966294722520761, 70.187601699093079 ], [ 18.966842640839253, 70.187204896334848 ], [ 18.966466051204154, 70.187163640438172 ] ], [ [ 18.967519736648534, 70.186374198306112 ], [ 18.967657098756462, 70.186534839300336 ], [ 18.967902172838219, 70.186367439632392 ], [ 18.967519736648534, 70.186374198306112 ] ], [ [ 18.962939812668576, 70.18646796891268 ], [ 18.964154094765622, 70.186185714660724 ], [ 18.964083346607833, 70.186115230940999 ], [ 18.962939812668576, 70.18646796891268 ] ], [ [ 18.965090873160872, 70.185622744331056 ], [ 18.963713055432621, 70.185920570480235 ], [ 18.965120583532258, 70.185700154542758 ], [ 18.965090873160872, 70.185622744331056 ] ], [ [ 18.9663201426225, 70.185381646589178 ], [ 18.966893391120038, 70.185659400437359 ], [ 18.967743077092674, 70.185262292954405 ], [ 18.9663201426225, 70.185381646589178 ] ], [ [ 18.974256995251583, 70.19294940131401 ], [ 18.973873636154657, 70.192954754292273 ], [ 18.973976282551501, 70.193044741458834 ], [ 18.974256995251583, 70.19294940131401 ] ], [ [ 18.974623084409917, 70.192810483786118 ], [ 18.974456855081449, 70.192895021819808 ], [ 18.974498718299557, 70.192910174584867 ], [ 18.974623084409917, 70.192810483786118 ] ], [ [ 18.973593416231378, 70.192196275344386 ], [ 18.973242854201793, 70.192336014628467 ], [ 18.973420539318163, 70.192363160291237 ], [ 18.973593416231378, 70.192196275344386 ] ], [ [ 18.970909259021973, 70.191910773138218 ], [ 18.970376949450735, 70.192135743993234 ], [ 18.970649755259398, 70.192136889300926 ], [ 18.970909259021973, 70.191910773138218 ] ], [ [ 18.980178432624431, 70.192142739881291 ], [ 18.979924935005982, 70.192061854199878 ], [ 18.979870059559122, 70.1921947736747 ], [ 18.980178432624431, 70.192142739881291 ] ], [ [ 18.980419460484857, 70.191965530222276 ], [ 18.980806897166236, 70.191949830880304 ], [ 18.98052171891629, 70.191792658960821 ], [ 18.980419460484857, 70.191965530222276 ] ], [ [ 18.980267167999568, 70.191702184622116 ], [ 18.979827824798807, 70.191744009880452 ], [ 18.979863260653847, 70.191806827974148 ], [ 18.980267167999568, 70.191702184622116 ] ], [ [ 19.002722171449481, 70.191676232662516 ], [ 19.002545568454522, 70.191761300266108 ], [ 19.002728796656807, 70.191728101588751 ], [ 19.002722171449481, 70.191676232662516 ] ], [ [ 18.990475493022721, 70.191886084872635 ], [ 18.990883350320232, 70.191865057805032 ], [ 18.990699744513432, 70.191766370069274 ], [ 18.990475493022721, 70.191886084872635 ] ], [ [ 19.003010275642083, 70.191573312740687 ], [ 19.002743422601696, 70.191578282751152 ], [ 19.002999042771819, 70.191630072370629 ], [ 19.003010275642083, 70.191573312740687 ] ], [ [ 19.000285065474703, 70.188352775496938 ], [ 19.000409289890726, 70.188462032370637 ], [ 19.000497519633516, 70.188333839619787 ], [ 19.000285065474703, 70.188352775496938 ] ], [ [ 18.994696120833073, 70.187766970019567 ], [ 18.996207717501857, 70.18734364682237 ], [ 18.995786936672474, 70.187065094856507 ], [ 18.994696120833073, 70.187766970019567 ] ], [ [ 19.004218600881718, 70.187662847242436 ], [ 19.003899146864235, 70.187763595718963 ], [ 19.00403990269303, 70.187795578728569 ], [ 19.004218600881718, 70.187662847242436 ] ], [ [ 18.999600967276642, 70.18641638111751 ], [ 18.999230757475633, 70.186538108175696 ], [ 18.999387897833731, 70.186604137243791 ], [ 18.999600967276642, 70.18641638111751 ] ], [ [ 18.999992857386136, 70.186392812501623 ], [ 19.000076292629245, 70.1864106252184 ], [ 18.999993583381688, 70.186275017489621 ], [ 18.999992857386136, 70.186392812501623 ] ], [ [ 19.004098483162359, 70.185727697785552 ], [ 19.006165793793585, 70.185680243993531 ], [ 19.00510412533124, 70.185336707748107 ], [ 19.004098483162359, 70.185727697785552 ] ], [ [ 19.000681641949285, 70.185524149344459 ], [ 19.000985264978294, 70.185288641760309 ], [ 19.00076899087399, 70.185170300303255 ], [ 19.000681641949285, 70.185524149344459 ] ], [ [ 18.995822394881852, 70.186016427489662 ], [ 18.9949153719948, 70.186151908715033 ], [ 18.995183997146377, 70.186330090233085 ], [ 18.995822394881852, 70.186016427489662 ] ], [ [ 18.999449990549589, 70.185813966533559 ], [ 18.998911120935219, 70.185737768359658 ], [ 18.999597522062668, 70.186145953138777 ], [ 18.999449990549589, 70.185813966533559 ] ], [ [ 18.996590423038473, 70.185206028690075 ], [ 18.996443486902802, 70.185226733793428 ], [ 18.996608783139486, 70.185228348457485 ], [ 18.996590423038473, 70.185206028690075 ] ], [ [ 19.001694859492229, 70.185014961867566 ], [ 19.001788488840329, 70.185052580213949 ], [ 19.001712483405598, 70.185003428327406 ], [ 19.001694859492229, 70.185014961867566 ] ], [ [ 19.002077708866231, 70.184521821363788 ], [ 19.001964010293744, 70.184554096951345 ], [ 19.00203827943534, 70.184558817132597 ], [ 19.002077708866231, 70.184521821363788 ] ], [ [ 19.006289692962312, 70.184302931012112 ], [ 19.006505651081333, 70.184268186860734 ], [ 19.006274670660098, 70.184184678740024 ], [ 19.006289692962312, 70.184302931012112 ] ], [ [ 19.00177574568097, 70.184425877881921 ], [ 19.001904630321025, 70.184407727406537 ], [ 19.001899317734281, 70.184395358399641 ], [ 19.00177574568097, 70.184425877881921 ] ], [ [ 19.01138847716399, 70.184002463198922 ], [ 19.011482420328132, 70.184013027908009 ], [ 19.011429330776487, 70.183982412888057 ], [ 19.01138847716399, 70.184002463198922 ] ], [ [ 19.005657457691747, 70.183844058282745 ], [ 19.006384283756493, 70.183827362561885 ], [ 19.005747219407503, 70.183760837200765 ], [ 19.005657457691747, 70.183844058282745 ] ], [ [ 19.011523849711203, 70.183916960132933 ], [ 19.011421542527685, 70.183957342202078 ], [ 19.011483181463014, 70.183958388215572 ], [ 19.011523849711203, 70.183916960132933 ] ], [ [ 19.007847451336325, 70.183661685225701 ], [ 19.008360952209692, 70.183859527360141 ], [ 19.00807419552762, 70.18356120471779 ], [ 19.007847451336325, 70.183661685225701 ] ], [ [ 19.005776733458447, 70.183263724923904 ], [ 19.007627767291424, 70.183073387216595 ], [ 19.006055278228366, 70.183018166443517 ], [ 19.005776733458447, 70.183263724923904 ] ], [ [ 19.010969450987709, 70.182247836035572 ], [ 19.013091788934403, 70.182931529493189 ], [ 19.01145308986067, 70.181924457602463 ], [ 19.010969450987709, 70.182247836035572 ] ], [ [ 19.020516779419921, 70.181794826526172 ], [ 19.020805229940617, 70.182019514792032 ], [ 19.020924760622766, 70.181827179088302 ], [ 19.020516779419921, 70.181794826526172 ] ], [ [ 19.011119008901499, 70.18138418194016 ], [ 19.013435669433768, 70.181753751544036 ], [ 19.013796764340992, 70.180743587502207 ], [ 19.011119008901499, 70.18138418194016 ] ], [ [ 19.0202878051448, 70.181494864734674 ], [ 19.020619775437542, 70.181468729881445 ], [ 19.020483706479521, 70.181429467806907 ], [ 19.0202878051448, 70.181494864734674 ] ], [ [ 19.013817905255713, 70.181577638718039 ], [ 19.014218195385507, 70.181450802113858 ], [ 19.013892687855179, 70.181410837560165 ], [ 19.013817905255713, 70.181577638718039 ] ], [ [ 19.011489048250656, 70.180877017740045 ], [ 19.011785911850154, 70.180935865186086 ], [ 19.011832479646898, 70.180780477616011 ], [ 19.011489048250656, 70.180877017740045 ] ], [ [ 19.006204503375944, 70.180870003435018 ], [ 19.006450892645013, 70.180907617808998 ], [ 19.006488187114481, 70.180867883482136 ], [ 19.006204503375944, 70.180870003435018 ] ], [ [ 19.005202720764025, 70.181297392906956 ], [ 19.004100101498068, 70.181240908724575 ], [ 19.005068079459651, 70.181554467880659 ], [ 19.005202720764025, 70.181297392906956 ] ], [ [ 19.01256094457063, 70.180437868272563 ], [ 19.013485041793505, 70.180506294367646 ], [ 19.01282679664725, 70.180259691643073 ], [ 19.01256094457063, 70.180437868272563 ] ], [ [ 19.008825160097441, 70.18048294146493 ], [ 19.010114797329038, 70.179848026310509 ], [ 19.00923293448988, 70.179713325183329 ], [ 19.008825160097441, 70.18048294146493 ] ], [ [ 19.015325716939511, 70.179728278270801 ], [ 19.014422260748304, 70.180134564419234 ], [ 19.015539145726706, 70.179773356831589 ], [ 19.015325716939511, 70.179728278270801 ] ], [ [ 19.012411710752822, 70.179950953090042 ], [ 19.012550671075932, 70.179573657786833 ], [ 19.012379114110946, 70.17957911654733 ], [ 19.012411710752822, 70.179950953090042 ] ], [ [ 19.000893661540719, 70.18027120177446 ], [ 19.000237203245497, 70.180073927429589 ], [ 19.000390778319858, 70.180524634990462 ], [ 19.000893661540719, 70.18027120177446 ] ], [ [ 18.99879066541742, 70.180608502816057 ], [ 18.998230648122753, 70.180382836233747 ], [ 18.998173179580427, 70.180718857798198 ], [ 18.99879066541742, 70.180608502816057 ] ], [ [ 19.00169079789945, 70.18153226136566 ], [ 18.998623379060746, 70.181099162193405 ], [ 19.001635795597338, 70.181894373147301 ], [ 19.00169079789945, 70.18153226136566 ] ], [ [ 18.998570118013205, 70.181368070316381 ], [ 18.998085231120452, 70.181528830002335 ], [ 18.998670867460156, 70.181674777945531 ], [ 18.998570118013205, 70.181368070316381 ] ], [ [ 18.999166734592748, 70.181401293355663 ], [ 18.999081674921165, 70.181527977753461 ], [ 18.999177758211555, 70.181540117909847 ], [ 18.999166734592748, 70.181401293355663 ] ], [ [ 19.002567364191968, 70.181560389518921 ], [ 19.003572435040432, 70.181706296639291 ], [ 19.00310246830205, 70.181238311978518 ], [ 19.002567364191968, 70.181560389518921 ] ], [ [ 19.001981242669554, 70.181790171791036 ], [ 19.002279148577809, 70.18154328887708 ], [ 19.001860718001993, 70.181507354674864 ], [ 19.001981242669554, 70.181790171791036 ] ], [ [ 19.006196262687798, 70.180546675759487 ], [ 19.006595709785628, 70.180602159878774 ], [ 19.006411071345774, 70.180451674358181 ], [ 19.006196262687798, 70.180546675759487 ] ], [ [ 19.000324866598181, 70.180685840095407 ], [ 19.000107330025905, 70.180620801499046 ], [ 19.000220118190889, 70.180716387877865 ], [ 19.000324866598181, 70.180685840095407 ] ], [ [ 18.999277521198653, 70.180490819407424 ], [ 18.999698327235571, 70.180401201167086 ], [ 18.999536112486929, 70.180277340411948 ], [ 18.999277521198653, 70.180490819407424 ] ], [ [ 19.003994404424546, 70.180340206019693 ], [ 19.003844168066443, 70.180369616322508 ], [ 19.003874474352337, 70.180372981929949 ], [ 19.003994404424546, 70.180340206019693 ] ], [ [ 19.005864029090322, 70.180075079243153 ], [ 19.00620231379219, 70.180067875800148 ], [ 19.005912966825431, 70.180046224827436 ], [ 19.005864029090322, 70.180075079243153 ] ], [ [ 19.001896582401603, 70.180044691935834 ], [ 19.002284892740338, 70.180004665447157 ], [ 19.002117890807945, 70.179935356216703 ], [ 19.001896582401603, 70.180044691935834 ] ], [ [ 19.004225554383996, 70.180242057229847 ], [ 19.004329897794161, 70.180223105265497 ], [ 19.004203642083731, 70.180182354552258 ], [ 19.004225554383996, 70.180242057229847 ] ], [ [ 19.004462567965025, 70.182042980177769 ], [ 19.004827630481699, 70.18195531442143 ], [ 19.004412408004814, 70.181910060783864 ], [ 19.004462567965025, 70.182042980177769 ] ], [ [ 18.999364633153892, 70.182256904414942 ], [ 18.998992510095501, 70.182231788617244 ], [ 18.999263289581904, 70.18234604024903 ], [ 18.999364633153892, 70.182256904414942 ] ], [ [ 19.009360287783313, 70.182248897238935 ], [ 19.008444426176343, 70.182597928936033 ], [ 19.009303835519997, 70.182735025185863 ], [ 19.009360287783313, 70.182248897238935 ] ], [ [ 19.008491657869371, 70.182764692939941 ], [ 19.008466727883032, 70.182630940290608 ], [ 19.008401016939395, 70.182621180114808 ], [ 19.008491657869371, 70.182764692939941 ] ], [ [ 19.003204701464785, 70.183080606694872 ], [ 19.002391671640144, 70.182812538541739 ], [ 19.002706661508075, 70.183113561952808 ], [ 19.003204701464785, 70.183080606694872 ] ], [ [ 19.006356680139859, 70.182781260040372 ], [ 19.006409270612782, 70.182825722793552 ], [ 19.006601768010785, 70.182798420342493 ], [ 19.006356680139859, 70.182781260040372 ] ], [ [ 19.004752897088121, 70.18344993453502 ], [ 19.004064484727053, 70.183474839403928 ], [ 19.004381781721229, 70.183810756471345 ], [ 19.004752897088121, 70.18344993453502 ] ], [ [ 18.991456793570244, 70.184131239279111 ], [ 18.991632333947866, 70.183995626928294 ], [ 18.991324314748081, 70.184091157158846 ], [ 18.991456793570244, 70.184131239279111 ] ], [ [ 19.006020044905274, 70.183705327316147 ], [ 19.006339261793908, 70.183553280583496 ], [ 19.005911904348853, 70.183549357624273 ], [ 19.006020044905274, 70.183705327316147 ] ], [ [ 19.005040607798573, 70.183514747734861 ], [ 19.005379887892833, 70.18355738555826 ], [ 19.005265417685322, 70.183427430787603 ], [ 19.005040607798573, 70.183514747734861 ] ], [ [ 19.004928732171987, 70.183433607414472 ], [ 19.005035092802128, 70.183385412476454 ], [ 19.005089666025583, 70.18332552778773 ], [ 19.004928732171987, 70.183433607414472 ] ], [ [ 19.003960514765428, 70.184036052306368 ], [ 19.004068175915645, 70.183975431174133 ], [ 19.00401609169494, 70.183918558649793 ], [ 19.003960514765428, 70.184036052306368 ] ], [ [ 19.002389683968847, 70.18419439854361 ], [ 19.002204964563941, 70.183983448782541 ], [ 19.002052886574724, 70.184148195816604 ], [ 19.002389683968847, 70.18419439854361 ] ], [ [ 19.010024034394167, 70.179020027644611 ], [ 19.009519300007959, 70.179227802251731 ], [ 19.010066596896451, 70.179294883289899 ], [ 19.010024034394167, 70.179020027644611 ] ], [ [ 19.011422882074967, 70.178744621362426 ], [ 19.011608264285627, 70.17888520310575 ], [ 19.01138840718307, 70.178623121051317 ], [ 19.011422882074967, 70.178744621362426 ] ], [ [ 19.001542356501197, 70.17880114423977 ], [ 19.002127468864767, 70.178804067694969 ], [ 19.001613743316657, 70.178468942149379 ], [ 19.001542356501197, 70.17880114423977 ] ], [ [ 19.000082025891565, 70.178702675857963 ], [ 19.000051944792272, 70.178688164611316 ], [ 19.000002128429639, 70.178687929127264 ], [ 19.000082025891565, 70.178702675857963 ] ], [ [ 18.999724973737212, 70.178798688583271 ], [ 18.999483443185653, 70.178751793669406 ], [ 18.999612069394228, 70.178826723073058 ], [ 18.999724973737212, 70.178798688583271 ] ], [ [ 19.001709393075455, 70.178151291062534 ], [ 19.001999208738425, 70.178303833351251 ], [ 19.00173181761669, 70.177974795436938 ], [ 19.001709393075455, 70.178151291062534 ] ], [ [ 19.004956620211367, 70.178038220558662 ], [ 19.005321493011305, 70.178068605575135 ], [ 19.005042269410968, 70.177856178131577 ], [ 19.004956620211367, 70.178038220558662 ] ], [ [ 19.00203462121592, 70.177335744520363 ], [ 19.003465051221156, 70.177431988564209 ], [ 19.002883689723852, 70.176925527541556 ], [ 19.00203462121592, 70.177335744520363 ] ], [ [ 19.003121445078619, 70.177685825378049 ], [ 19.003327968288168, 70.177696932928001 ], [ 19.003247790432994, 70.177624786670592 ], [ 19.003121445078619, 70.177685825378049 ] ], [ [ 19.003500670978482, 70.176893774240142 ], [ 19.00480938496823, 70.176877193384101 ], [ 19.00454883432748, 70.176631287302456 ], [ 19.003500670978482, 70.176893774240142 ] ], [ [ 18.999202480517877, 70.176981141441772 ], [ 18.997110367613963, 70.175787693505583 ], [ 18.995351094663299, 70.175739432112692 ], [ 18.994867259898005, 70.177447540552265 ], [ 18.999202480517877, 70.176981141441772 ] ], [ [ 19.002039885853264, 70.175689414638484 ], [ 19.003180561013544, 70.176155171403096 ], [ 19.002945946324537, 70.175389143833783 ], [ 19.002039885853264, 70.175689414638484 ] ], [ [ 19.004249394807733, 70.175912078177632 ], [ 19.008440798838794, 70.175541823318156 ], [ 19.007275652717716, 70.174473372910867 ], [ 19.004245425391058, 70.174609227136656 ], [ 19.004249394807733, 70.175912078177632 ] ], [ [ 19.002881974090954, 70.17517531843194 ], [ 19.003228172133561, 70.174880456673165 ], [ 19.002630954985971, 70.175178950385956 ], [ 19.002881974090954, 70.17517531843194 ] ], [ [ 18.996614858327785, 70.175536239201264 ], [ 18.99650780854499, 70.175465947735006 ], [ 18.996150782121784, 70.175440222190218 ], [ 18.996614858327785, 70.175536239201264 ] ], [ [ 18.995918239237216, 70.175520154721852 ], [ 18.996064164235669, 70.175415292459576 ], [ 18.996011820382797, 70.17541699900741 ], [ 18.995918239237216, 70.175520154721852 ] ], [ [ 18.995211758509644, 70.175587118625359 ], [ 18.995094207872771, 70.175535028281985 ], [ 18.995141288466392, 70.175599111362473 ], [ 18.995211758509644, 70.175587118625359 ] ], [ [ 18.996078134240285, 70.175622777622962 ], [ 18.995945270272998, 70.175636521708427 ], [ 18.996035260958994, 70.175655626610492 ], [ 18.996078134240285, 70.175622777622962 ] ], [ [ 18.996183217942288, 70.175502475584636 ], [ 18.996254358909795, 70.175615612693505 ], [ 18.9962616270392, 70.175497312746728 ], [ 18.996183217942288, 70.175502475584636 ] ], [ [ 18.991644714936051, 70.177813762054939 ], [ 18.992273359741798, 70.17717025907352 ], [ 18.992020224102454, 70.177085072758686 ], [ 18.991644714936051, 70.177813762054939 ] ], [ [ 18.999209928349401, 70.178258484197301 ], [ 18.998693538397195, 70.177871034880482 ], [ 18.998439252010822, 70.178263735326126 ], [ 18.999209928349401, 70.178258484197301 ] ], [ [ 19.002062796404072, 70.177755382634587 ], [ 19.002079771254195, 70.177896140752608 ], [ 19.002278687845571, 70.177807967508528 ], [ 19.002062796404072, 70.177755382634587 ] ], [ [ 19.001109808231789, 70.177758249281581 ], [ 19.001338519935661, 70.177749997421117 ], [ 19.001197836243218, 70.17769752876923 ], [ 19.001109808231789, 70.177758249281581 ] ], [ [ 19.001093006657918, 70.177226507790564 ], [ 19.000770668022781, 70.177419492850674 ], [ 19.000859900954953, 70.177437354739979 ], [ 19.001093006657918, 70.177226507790564 ] ], [ [ 19.001249303086286, 70.177259851428914 ], [ 19.002022356380955, 70.177187873750768 ], [ 19.001725853453795, 70.177101782410332 ], [ 19.001249303086286, 70.177259851428914 ] ], [ [ 18.991943633417147, 70.174740472764682 ], [ 18.99290635420148, 70.174822871541991 ], [ 18.992547177911099, 70.174346737589204 ], [ 18.991943633417147, 70.174740472764682 ] ], [ [ 18.991413776893122, 70.174857029869926 ], [ 18.99165558238229, 70.174808520063991 ], [ 18.991525957552607, 70.174762356470666 ], [ 18.991413776893122, 70.174857029869926 ] ], [ [ 18.993749412039193, 70.174107652052982 ], [ 18.994067828914311, 70.174165147113172 ], [ 18.993877692339275, 70.174066161697596 ], [ 18.993749412039193, 70.174107652052982 ] ], [ [ 18.991416973365098, 70.173905930962661 ], [ 18.990956526482883, 70.174035045206878 ], [ 18.991287635250714, 70.174040515463901 ], [ 18.991416973365098, 70.173905930962661 ] ], [ [ 18.995028290505601, 70.172522594360316 ], [ 18.994952448822211, 70.172536863148693 ], [ 18.994973990240162, 70.172541503542035 ], [ 18.995028290505601, 70.172522594360316 ] ], [ [ 18.992360230083719, 70.17017836221379 ], [ 18.991970622952639, 70.170272392168215 ], [ 18.992097912428623, 70.170409253845392 ], [ 18.992360230083719, 70.17017836221379 ] ], [ [ 18.995555770503675, 70.168228133055621 ], [ 18.996037000098664, 70.16868842088877 ], [ 18.997129195500495, 70.168380338685736 ], [ 18.995555770503675, 70.168228133055621 ] ], [ [ 18.994015811183836, 70.168542866991999 ], [ 18.994552120251374, 70.168485178736503 ], [ 18.994292058120362, 70.168369157661019 ], [ 18.994015811183836, 70.168542866991999 ] ], [ [ 18.993776758844838, 70.168722843669528 ], [ 18.993927803419965, 70.168669255841522 ], [ 18.993727478635527, 70.168673273632635 ], [ 18.993776758844838, 70.168722843669528 ] ], [ [ 18.995598640554547, 70.167748246911799 ], [ 18.996432832616438, 70.167978847120594 ], [ 18.995950416665281, 70.167650470112449 ], [ 18.995598640554547, 70.167748246911799 ] ], [ [ 18.996610755869163, 70.167365680491486 ], [ 18.99738492356752, 70.167934061899885 ], [ 18.997227794359535, 70.167296030165346 ], [ 18.996610755869163, 70.167365680491486 ] ], [ [ 18.990746340204691, 70.167657171904395 ], [ 18.99088486020576, 70.167552478244545 ], [ 18.990793446515084, 70.16751211157225 ], [ 18.990746340204691, 70.167657171904395 ] ], [ [ 18.991162024121337, 70.167851572321638 ], [ 18.991016485989888, 70.16775707149867 ], [ 18.991146677760142, 70.16789674359903 ], [ 18.991162024121337, 70.167851572321638 ] ], [ [ 18.996304651191036, 70.166604390237381 ], [ 18.996150433011636, 70.166972307029653 ], [ 18.996232591237195, 70.167312040495929 ], [ 18.996304651191036, 70.166604390237381 ] ], [ [ 18.996900951242623, 70.166353908779016 ], [ 18.998047788582149, 70.166819279154879 ], [ 18.998132422305169, 70.166375023239624 ], [ 18.996900951242623, 70.166353908779016 ] ], [ [ 19.002419842286514, 70.17391019659307 ], [ 19.002155750113943, 70.173977367022289 ], [ 19.002442342785468, 70.17397572568602 ], [ 19.002419842286514, 70.17391019659307 ] ], [ [ 19.002641630031579, 70.173792762619087 ], [ 19.002543596246639, 70.173837267244181 ], [ 19.002578300086576, 70.173841522859547 ], [ 19.002641630031579, 70.173792762619087 ] ], [ [ 19.003066789132042, 70.173614454751657 ], [ 19.002825130380238, 70.173677172064743 ], [ 19.002855961140142, 70.173684658536473 ], [ 19.003066789132042, 70.173614454751657 ] ], [ [ 19.00355435666663, 70.173487756168669 ], [ 19.003776062087944, 70.173509124127676 ], [ 19.003782465883113, 70.173461635694039 ], [ 19.00355435666663, 70.173487756168669 ] ], [ [ 19.003292951651595, 70.17333539109579 ], [ 19.003164836677282, 70.173426745733749 ], [ 19.003229163500244, 70.173436358468962 ], [ 19.003292951651595, 70.17333539109579 ] ], [ [ 19.003502179417012, 70.17316963347173 ], [ 19.004028745920692, 70.173264503910275 ], [ 19.004172877966568, 70.173011528939426 ], [ 19.003502179417012, 70.17316963347173 ] ], [ [ 19.004214810135458, 70.172688787138199 ], [ 19.005140019807065, 70.173089540122405 ], [ 19.004865552923352, 70.17255888604744 ], [ 19.004214810135458, 70.172688787138199 ] ], [ [ 19.005603536231238, 70.172514445449877 ], [ 19.005537311517667, 70.172634155007799 ], [ 19.005651876441739, 70.17267489585457 ], [ 19.005603536231238, 70.172514445449877 ] ], [ [ 19.003244941861894, 70.17272214316138 ], [ 19.003581973174533, 70.172689995024427 ], [ 19.00344691926761, 70.172667768532335 ], [ 19.003244941861894, 70.17272214316138 ] ], [ [ 19.003247757431112, 70.173058707928206 ], [ 19.003025901177768, 70.173007875521066 ], [ 19.003205242694513, 70.173081039755829 ], [ 19.003247757431112, 70.173058707928206 ] ], [ [ 19.010797970009538, 70.178095682273721 ], [ 19.011005966989529, 70.178265495223286 ], [ 19.011107263849951, 70.178121999264903 ], [ 19.010797970009538, 70.178095682273721 ] ], [ [ 19.016770594416528, 70.178802701682272 ], [ 19.016921868233627, 70.178815481685135 ], [ 19.016788988256618, 70.178795191945511 ], [ 19.016770594416528, 70.178802701682272 ] ], [ [ 19.020338585601717, 70.178739030971826 ], [ 19.0206650453473, 70.178691636721197 ], [ 19.02036265223655, 70.178677758674169 ], [ 19.020338585601717, 70.178739030971826 ] ], [ [ 19.016678300175027, 70.178815461680372 ], [ 19.016661352185896, 70.178761038984405 ], [ 19.016563916961211, 70.178799069470287 ], [ 19.016678300175027, 70.178815461680372 ] ], [ [ 19.016572724200081, 70.178570947065111 ], [ 19.016151208644093, 70.178521729846409 ], [ 19.016552841651489, 70.178634730214682 ], [ 19.016572724200081, 70.178570947065111 ] ], [ [ 19.020981418210315, 70.176602208650976 ], [ 19.020421882235262, 70.17798986717348 ], [ 19.022719036340192, 70.177353263020407 ], [ 19.020981418210315, 70.176602208650976 ] ], [ [ 19.023446135489085, 70.177693515178149 ], [ 19.023233879430045, 70.177666657482604 ], [ 19.023301894476248, 70.177716788733278 ], [ 19.023446135489085, 70.177693515178149 ] ], [ [ 19.028192167053163, 70.176494314003676 ], [ 19.027796434497024, 70.176761594760293 ], [ 19.02801307021419, 70.176852944443809 ], [ 19.028192167053163, 70.176494314003676 ] ], [ [ 19.018655244501296, 70.176980880981944 ], [ 19.018560913204951, 70.176666398764297 ], [ 19.018250410976506, 70.177056622557799 ], [ 19.018655244501296, 70.176980880981944 ] ], [ [ 19.028344131388582, 70.176307261452962 ], [ 19.028387510640314, 70.176380315362479 ], [ 19.028431966411915, 70.176334125558427 ], [ 19.028344131388582, 70.176307261452962 ] ], [ [ 19.019855556170477, 70.176414550822784 ], [ 19.020320446340495, 70.17643520427049 ], [ 19.020361008138675, 70.176374370330549 ], [ 19.019855556170477, 70.176414550822784 ] ], [ [ 19.001765471890881, 70.184774233668549 ], [ 19.001721088988827, 70.184696974819474 ], [ 19.001596248469085, 70.184776933938693 ], [ 19.001765471890881, 70.184774233668549 ] ], [ [ 19.001928682824634, 70.187265690044242 ], [ 19.001660045747318, 70.187450916477076 ], [ 19.001748613995076, 70.187541563242164 ], [ 19.001928682824634, 70.187265690044242 ] ], [ [ 19.004697281574494, 70.187893821068045 ], [ 19.00504564589065, 70.187826025088015 ], [ 19.004772890237405, 70.187812624058395 ], [ 19.004697281574494, 70.187893821068045 ] ], [ [ 19.006623717803478, 70.189883568645087 ], [ 19.006140068480558, 70.19009777415161 ], [ 19.006788250263099, 70.189991471825053 ], [ 19.006623717803478, 70.189883568645087 ] ], [ [ 19.007674095159196, 70.189430296860166 ], [ 19.009157908020946, 70.189747582106733 ], [ 19.008610432867581, 70.189285831522213 ], [ 19.007674095159196, 70.189430296860166 ] ], [ [ 19.008800897998537, 70.189101982789651 ], [ 19.009577802925691, 70.189009500951641 ], [ 19.008948349378709, 70.188905350296622 ], [ 19.008800897998537, 70.189101982789651 ] ], [ [ 19.009336412099508, 70.188871426171318 ], [ 19.009428190628487, 70.18895930291734 ], [ 19.009385841424201, 70.188866816855395 ], [ 19.009336412099508, 70.188871426171318 ] ], [ [ 19.006069221291167, 70.192413710120078 ], [ 19.006630553006413, 70.192318154707422 ], [ 19.006723499438547, 70.192185720467492 ], [ 19.006069221291167, 70.192413710120078 ] ], [ [ 19.006540567775058, 70.19236903833503 ], [ 19.006606857455285, 70.192400707663083 ], [ 19.006654297161944, 70.192354458240132 ], [ 19.006540567775058, 70.19236903833503 ] ], [ [ 19.007700395643777, 70.197766277641406 ], [ 19.007503080741404, 70.197746340811392 ], [ 19.007503853102651, 70.197778935283964 ], [ 19.007700395643777, 70.197766277641406 ] ], [ [ 18.976532624588568, 70.198178657979668 ], [ 18.976270560626414, 70.198237742093099 ], [ 18.97630675655893, 70.19826191417323 ], [ 18.976532624588568, 70.198178657979668 ] ], [ [ 18.979270627976671, 70.197998530420463 ], [ 18.979066320148586, 70.1980177072722 ], [ 18.978818870688478, 70.198070092582697 ], [ 18.979270627976671, 70.197998530420463 ] ], [ [ 18.984006203175877, 70.197904436593888 ], [ 18.983969714069776, 70.197939115977547 ], [ 18.984028732495943, 70.197915435275476 ], [ 18.984006203175877, 70.197904436593888 ] ], [ [ 18.979547423172519, 70.1979087498474 ], [ 18.979578680261291, 70.197977320633569 ], [ 18.9796601308269, 70.197903733241688 ], [ 18.979547423172519, 70.1979087498474 ] ], [ [ 18.979053694418649, 70.197948184005085 ], [ 18.979039761972508, 70.197880127125828 ], [ 18.978819622389352, 70.197949065381636 ], [ 18.979053694418649, 70.197948184005085 ] ], [ [ 18.978313052905829, 70.197842348011392 ], [ 18.978934670840804, 70.197806546582257 ], [ 18.979042540844524, 70.19771332784218 ], [ 18.978313052905829, 70.197842348011392 ] ], [ [ 19.007125522759672, 70.199878402894313 ], [ 19.007483010997461, 70.199812917650789 ], [ 19.007091826383618, 70.199796413669972 ], [ 19.007125522759672, 70.199878402894313 ] ], [ [ 19.011808921185185, 70.199620250254171 ], [ 19.011815735084401, 70.199766896126135 ], [ 19.012510195670917, 70.199530712839874 ], [ 19.011808921185185, 70.199620250254171 ] ], [ [ 19.006313860921626, 70.199706975521551 ], [ 19.006221902913506, 70.199659258771149 ], [ 19.00614164176676, 70.199689440935458 ], [ 19.006313860921626, 70.199706975521551 ] ], [ [ 19.006085903190289, 70.199687631499728 ], [ 19.006191632941739, 70.199619417412649 ], [ 19.005997833182533, 70.199670822370734 ], [ 19.006085903190289, 70.199687631499728 ] ], [ [ 18.962305333369393, 70.200669747578601 ], [ 18.962270256628987, 70.200645817693939 ], [ 18.962254747151135, 70.200668529408915 ], [ 18.962305333369393, 70.200669747578601 ] ], [ [ 18.962014722210508, 70.200787473957419 ], [ 18.962075420420874, 70.200725494032454 ], [ 18.961717238088895, 70.200712294886458 ], [ 18.962014722210508, 70.200787473957419 ] ], [ [ 18.681067619214733, 70.207599288792252 ], [ 18.681710178259387, 70.206953194481528 ], [ 18.681088428496228, 70.207119350813414 ], [ 18.681067619214733, 70.207599288792252 ] ], [ [ 18.68162228312795, 70.207502587421757 ], [ 18.681552082424489, 70.207545790724993 ], [ 18.681626975716529, 70.207527369330535 ], [ 18.68162228312795, 70.207502587421757 ] ], [ [ 18.875657823843479, 70.203791680281697 ], [ 18.875459958367998, 70.203706306226337 ], [ 18.875478377857728, 70.203816936260125 ], [ 18.875657823843479, 70.203791680281697 ] ], [ [ 18.713241041373937, 70.137238387692236 ], [ 18.714662959219723, 70.137354910807318 ], [ 18.714553108800391, 70.136678452556666 ], [ 18.713241041373937, 70.137238387692236 ] ], [ [ 18.806253513199142, 70.134838779959949 ], [ 18.829437145974492, 70.131934664711039 ], [ 18.84761010336187, 70.131549481772012 ], [ 18.84518100204102, 70.127657536359877 ], [ 18.850554727190278, 70.120783688407315 ], [ 18.845656637833642, 70.117930149841001 ], [ 18.84849821122349, 70.117908335340019 ], [ 18.849146327720298, 70.116251088492859 ], [ 18.846569859643747, 70.117194492088075 ], [ 18.846596913984321, 70.114571243035741 ], [ 18.850050880158349, 70.114508906146938 ], [ 18.848496488312872, 70.111149897781644 ], [ 18.855777404384085, 70.108971555184553 ], [ 18.846650973142562, 70.098411613852775 ], [ 18.847123177713154, 70.092410538047417 ], [ 18.830344245582641, 70.085925580032779 ], [ 18.821981028192972, 70.079607991227817 ], [ 18.813938795657851, 70.082045858347811 ], [ 18.81031449212022, 70.086276723233865 ], [ 18.815689404352749, 70.087417119350292 ], [ 18.810506036538367, 70.091618140341836 ], [ 18.817091883789995, 70.092279689892507 ], [ 18.817030574487323, 70.100391686411896 ], [ 18.797314970806738, 70.108147909862438 ], [ 18.798404932663811, 70.111062754265802 ], [ 18.802880941176344, 70.109530566902222 ], [ 18.80839429823849, 70.112630353850548 ], [ 18.798608188039047, 70.116554596803411 ], [ 18.803521673501574, 70.122055876663538 ], [ 18.793173579534461, 70.133228109644307 ], [ 18.806253513199142, 70.134838779959949 ] ], [ [ 18.979055347806231, 70.130601285706632 ], [ 18.979475858566833, 70.13052320249831 ], [ 18.979227339329267, 70.130473842198825 ], [ 18.979055347806231, 70.130601285706632 ] ], [ [ 19.067082199739414, 70.128279405326722 ], [ 19.06822362818281, 70.128438966712537 ], [ 19.06769078353804, 70.12811992167191 ], [ 19.067082199739414, 70.128279405326722 ] ], [ [ 19.066232640640372, 70.128551282715307 ], [ 19.066830125553242, 70.128301670727097 ], [ 19.066484190085006, 70.128245479748074 ], [ 19.066232640640372, 70.128551282715307 ] ], [ [ 18.973198370268104, 70.130161590725862 ], [ 18.97341317550822, 70.130340803910983 ], [ 18.974036761442562, 70.130083757798346 ], [ 18.973198370268104, 70.130161590725862 ] ], [ [ 18.970966397705638, 70.13005575166892 ], [ 18.972765378738355, 70.129876276320573 ], [ 18.97116196245744, 70.129854127136738 ], [ 18.970966397705638, 70.13005575166892 ] ], [ [ 18.973193254811118, 70.129960289946268 ], [ 18.972982848428984, 70.130040517769373 ], [ 18.972987655352121, 70.130075177861499 ], [ 18.973193254811118, 70.129960289946268 ] ], [ [ 18.970540161590193, 70.129863263509463 ], [ 18.970783431589492, 70.129782219104086 ], [ 18.970740534738457, 70.12977337945992 ], [ 18.970540161590193, 70.129863263509463 ] ], [ [ 18.967091991613444, 70.129868734407793 ], [ 18.967180382958169, 70.129818710908708 ], [ 18.96700094094221, 70.129847037542049 ], [ 18.967091991613444, 70.129868734407793 ] ], [ [ 18.963767538695087, 70.129972641830975 ], [ 18.963893341956055, 70.129948292495698 ], [ 18.963751339321263, 70.129952877612865 ], [ 18.963767538695087, 70.129972641830975 ] ], [ [ 18.972843353631266, 70.130151690834381 ], [ 18.972528206819725, 70.130176120586441 ], [ 18.972190018971837, 70.130311650771858 ], [ 18.972843353631266, 70.130151690834381 ] ], [ [ 18.84508743944679, 70.131989988442527 ], [ 18.845417277693027, 70.132126259913619 ], [ 18.845329554552265, 70.131965470397134 ], [ 18.84508743944679, 70.131989988442527 ] ], [ [ 18.950440781213921, 70.129183868299819 ], [ 18.950888741697067, 70.129199394542042 ], [ 18.951031288088323, 70.1290718233207 ], [ 18.950440781213921, 70.129183868299819 ] ], [ [ 18.948476920098884, 70.128971753427322 ], [ 18.949934553843079, 70.128987622317965 ], [ 18.949863643702933, 70.128755887180958 ], [ 18.948476920098884, 70.128971753427322 ] ], [ [ 18.954469485880434, 70.125100377649019 ], [ 18.955288744855402, 70.124822360691056 ], [ 18.954876510121601, 70.124773626325677 ], [ 18.954469485880434, 70.125100377649019 ] ], [ [ 18.951239279371695, 70.125174042443987 ], [ 18.951743694683625, 70.124700242647222 ], [ 18.950773465679692, 70.125097735561042 ], [ 18.951239279371695, 70.125174042443987 ] ], [ [ 18.956056754146168, 70.124595422188008 ], [ 18.955801951975271, 70.124676881494935 ], [ 18.955900616548568, 70.12469715723168 ], [ 18.956056754146168, 70.124595422188008 ] ], [ [ 18.948978421508322, 70.125351829520397 ], [ 18.952493936383828, 70.1242667324222 ], [ 18.952716148188347, 70.123733947471109 ], [ 18.949765455381456, 70.124377431505309 ], [ 18.948978421508322, 70.125351829520397 ] ], [ [ 18.953989454477533, 70.124166106273037 ], [ 18.953558089695264, 70.124151211021854 ], [ 18.953460850581191, 70.12423097912216 ], [ 18.953989454477533, 70.124166106273037 ] ], [ [ 18.957255998906057, 70.12393257514843 ], [ 18.957356139228946, 70.123970245493368 ], [ 18.957423507021986, 70.123922129514739 ], [ 18.957255998906057, 70.12393257514843 ] ], [ [ 18.957540365488903, 70.123822160772519 ], [ 18.957482171758862, 70.123857496728803 ], [ 18.957545713145393, 70.123851508491072 ], [ 18.957540365488903, 70.123822160772519 ] ], [ [ 18.94801776209999, 70.124533449011324 ], [ 18.948203418369594, 70.124438166629062 ], [ 18.94798577880648, 70.124519422380487 ], [ 18.94801776209999, 70.124533449011324 ] ], [ [ 18.951893528723719, 70.125088073114838 ], [ 18.951642154155742, 70.125064522814199 ], [ 18.951417402852996, 70.12511126369067 ], [ 18.951893528723719, 70.125088073114838 ] ], [ [ 18.95614967662101, 70.122988902907835 ], [ 18.955286707637669, 70.123554467754545 ], [ 18.955463084749699, 70.123532418582855 ], [ 18.956092527828631, 70.123231376080454 ], [ 18.95614967662101, 70.122988902907835 ] ], [ [ 18.956850050374765, 70.122773158521127 ], [ 18.956647273573633, 70.122791032238013 ], [ 18.956657932945774, 70.122801217242127 ], [ 18.956850050374765, 70.122773158521127 ] ], [ [ 18.955236632546427, 70.122666563694509 ], [ 18.955433761989323, 70.122609468582525 ], [ 18.955310397246226, 70.12259665663295 ], [ 18.955236632546427, 70.122666563694509 ] ], [ [ 18.955884946941318, 70.122375974023441 ], [ 18.955650684325608, 70.122495698223133 ], [ 18.955906157383577, 70.122510437637587 ], [ 18.955884946941318, 70.122375974023441 ] ], [ [ 18.955050247926398, 70.121883189664629 ], [ 18.954912206773692, 70.121898551237351 ], [ 18.954923171856201, 70.121950413212218 ], [ 18.955050247926398, 70.121883189664629 ] ], [ [ 18.959069576280154, 70.121051813151396 ], [ 18.95871443185889, 70.121123192571446 ], [ 18.958790099047736, 70.121240010214308 ], [ 18.959069576280154, 70.121051813151396 ] ], [ [ 18.958802584392622, 70.120615105430119 ], [ 18.958672388728054, 70.120701805650668 ], [ 18.958843881580794, 70.120619850459789 ], [ 18.958802584392622, 70.120615105430119 ] ], [ [ 18.953535213943656, 70.119858575434293 ], [ 18.956031031294842, 70.120026775378975 ], [ 18.954996968652026, 70.118939022447293 ], [ 18.953535213943656, 70.119858575434293 ] ], [ [ 18.958825848764121, 70.120370955500974 ], [ 18.959137863386193, 70.120495115304493 ], [ 18.959275082154996, 70.120173248569827 ], [ 18.958825848764121, 70.120370955500974 ] ], [ [ 18.958193572396056, 70.11981989095851 ], [ 18.957817337341407, 70.11991617130704 ], [ 18.958253310665853, 70.119845159450747 ], [ 18.958193572396056, 70.11981989095851 ] ], [ [ 18.956557802078027, 70.117498550785712 ], [ 18.956735549044271, 70.11776016995573 ], [ 18.957151684399616, 70.117414342648686 ], [ 18.956557802078027, 70.117498550785712 ] ], [ [ 18.902163235608462, 70.117610300195153 ], [ 18.904879702481427, 70.117598044606083 ], [ 18.903760349175492, 70.116856055870585 ], [ 18.902163235608462, 70.117610300195153 ] ], [ [ 18.881716847364775, 70.116996782680388 ], [ 18.882981143310118, 70.117101549281799 ], [ 18.882070028595958, 70.116512836078286 ], [ 18.881716847364775, 70.116996782680388 ] ], [ [ 18.901982250909949, 70.117690518000714 ], [ 18.901960936460213, 70.117487785369875 ], [ 18.901839623059548, 70.117694170653422 ], [ 18.901982250909949, 70.117690518000714 ] ], [ [ 18.901049890560845, 70.113687517608852 ], [ 18.900231239030514, 70.113766920730228 ], [ 18.90001896983371, 70.113885459010007 ], [ 18.901049890560845, 70.113687517608852 ] ], [ [ 18.901695783377207, 70.113496539453294 ], [ 18.901457426622084, 70.113491951830397 ], [ 18.901595892173042, 70.113530790083985 ], [ 18.901695783377207, 70.113496539453294 ] ], [ [ 18.895493995642134, 70.113221131422733 ], [ 18.89682335201627, 70.113060995268057 ], [ 18.896521995847589, 70.112760794737568 ], [ 18.895493995642134, 70.113221131422733 ] ], [ [ 18.899613123694646, 70.112237473861612 ], [ 18.8993475996227, 70.112479523445941 ], [ 18.899919915483178, 70.112361752079181 ], [ 18.899613123694646, 70.112237473861612 ] ], [ [ 18.900181674370426, 70.112242672451742 ], [ 18.900016292629743, 70.112279429623129 ], [ 18.900040324527552, 70.112314568019968 ], [ 18.900181674370426, 70.112242672451742 ] ], [ [ 18.900246125195249, 70.110959557150636 ], [ 18.900159786274536, 70.11098866048448 ], [ 18.900256744463736, 70.110989328910435 ], [ 18.900246125195249, 70.110959557150636 ] ], [ [ 18.85261780500916, 70.096749560017983 ], [ 18.851946759908586, 70.097751055673243 ], [ 18.853129842370446, 70.097637593730084 ], [ 18.85261780500916, 70.096749560017983 ] ], [ [ 18.851110375764552, 70.08974232527558 ], [ 18.850651272441393, 70.090010750239301 ], [ 18.850860372769198, 70.090050974105523 ], [ 18.851110375764552, 70.08974232527558 ] ], [ [ 18.851230678602818, 70.089522977378891 ], [ 18.851531023798266, 70.089593300341477 ], [ 18.851454969247548, 70.089478974259364 ], [ 18.851230678602818, 70.089522977378891 ] ], [ [ 18.819692468188492, 70.079774659340075 ], [ 18.820046131738017, 70.079462044905554 ], [ 18.819280557041349, 70.079726526355131 ], [ 18.819692468188492, 70.079774659340075 ] ], [ [ 18.820412218532095, 70.079411541491723 ], [ 18.820398673207386, 70.079472463121377 ], [ 18.820437441264396, 70.079411181178017 ], [ 18.820412218532095, 70.079411541491723 ] ], [ [ 18.818595164342202, 70.079172873374645 ], [ 18.820037381511082, 70.079043918828432 ], [ 18.81969954504271, 70.078664006094812 ], [ 18.818595164342202, 70.079172873374645 ] ], [ [ 18.820600912904489, 70.07869950364082 ], [ 18.820647735717507, 70.078742066164338 ], [ 18.820728283108217, 70.07867593734089 ], [ 18.820600912904489, 70.07869950364082 ] ], [ [ 18.803468132469199, 70.099255232704238 ], [ 18.80364232162162, 70.098919895983329 ], [ 18.80316853094817, 70.099243378290552 ], [ 18.803468132469199, 70.099255232704238 ] ], [ [ 18.803282481575145, 70.100380269161747 ], [ 18.803843213961706, 70.099609412304162 ], [ 18.802722483346038, 70.09994379506135 ], [ 18.803282481575145, 70.100380269161747 ] ], [ [ 18.804847168159071, 70.100186072291081 ], [ 18.805336519878527, 70.100428500323261 ], [ 18.805544939136666, 70.100266779285562 ], [ 18.804847168159071, 70.100186072291081 ] ], [ [ 18.805591972308239, 70.100024601471191 ], [ 18.806037963133939, 70.100098364923724 ], [ 18.805842710386361, 70.100002911210808 ], [ 18.805591972308239, 70.100024601471191 ] ], [ [ 18.805709834012127, 70.101948891426744 ], [ 18.806309434395697, 70.101901084828867 ], [ 18.80581195113264, 70.101718025483592 ], [ 18.805709834012127, 70.101948891426744 ] ], [ [ 18.806833686456773, 70.103407031224478 ], [ 18.807462209135323, 70.103225037615829 ], [ 18.807457021644218, 70.103084843873091 ], [ 18.806833686456773, 70.103407031224478 ] ], [ [ 18.726924432810261, 70.12072151344627 ], [ 18.726335818366071, 70.120589267354973 ], [ 18.726765032518841, 70.120821299710371 ], [ 18.726924432810261, 70.12072151344627 ] ], [ [ 18.768592179355874, 70.120612115504372 ], [ 18.76590997794592, 70.120839653551783 ], [ 18.76608344254425, 70.121507404673878 ], [ 18.768592179355874, 70.120612115504372 ] ], [ [ 18.77350836848062, 70.120364701025494 ], [ 18.7677896999799, 70.123007469537839 ], [ 18.763189906299047, 70.125260378862905 ], [ 18.770449572171696, 70.1220138514132 ], [ 18.772853202776734, 70.122775841529602 ], [ 18.77350836848062, 70.120364701025494 ] ], [ [ 18.764980019135276, 70.122187498704321 ], [ 18.765231400924726, 70.122099480599331 ], [ 18.765073133016816, 70.122087005305715 ], [ 18.764980019135276, 70.122187498704321 ] ], [ [ 18.7685574700369, 70.125031016949734 ], [ 18.768437521603843, 70.125352406844584 ], [ 18.768601148395895, 70.125381113998941 ], [ 18.768934636712871, 70.125159594270883 ], [ 18.7685574700369, 70.125031016949734 ] ], [ [ 18.778797584834145, 70.123230278532091 ], [ 18.783159268932547, 70.123113340152784 ], [ 18.782589549393389, 70.122540926393683 ], [ 18.778797584834145, 70.123230278532091 ] ], [ [ 18.779421094049983, 70.126613506106409 ], [ 18.780199838640367, 70.126573871429059 ], [ 18.779944240492046, 70.126296158233657 ], [ 18.779421094049983, 70.126613506106409 ] ], [ [ 18.644222747757141, 70.131420362562835 ], [ 18.646109858878958, 70.131659870092648 ], [ 18.64671316729688, 70.131033266289961 ], [ 18.644222747757141, 70.131420362562835 ] ], [ [ 18.644187736932253, 70.131410478200849 ], [ 18.643900983902366, 70.131367014027035 ], [ 18.644036414619912, 70.131465830733134 ], [ 18.644187736932253, 70.131410478200849 ] ], [ [ 18.645511304768181, 70.13214429391742 ], [ 18.644527679030638, 70.132091770358898 ], [ 18.644301598997686, 70.132860663893084 ], [ 18.645511304768181, 70.13214429391742 ] ], [ [ 18.645635278771824, 70.132925903781242 ], [ 18.645361273690966, 70.13255473230744 ], [ 18.645104133753463, 70.132929812203088 ], [ 18.645635278771824, 70.132925903781242 ] ], [ [ 18.648262785737728, 70.131945039625137 ], [ 18.64708287657519, 70.133635897611228 ], [ 18.646143889808378, 70.136032505775347 ], [ 18.648262785737728, 70.131945039625137 ] ], [ [ 18.644048719984326, 70.135863060635415 ], [ 18.64343014327283, 70.135445916085487 ], [ 18.643275284801675, 70.135982274176996 ], [ 18.644048719984326, 70.135863060635415 ] ], [ [ 18.794016403021583, 70.134225045929028 ], [ 18.793005144072847, 70.13394298326665 ], [ 18.793385718239779, 70.134304441263737 ], [ 18.794016403021583, 70.134225045929028 ] ], [ [ 18.550724705001848, 70.110617178725491 ], [ 18.55577912175378, 70.11098861306931 ], [ 18.54918413120382, 70.11025264269648 ], [ 18.550724705001848, 70.110617178725491 ] ], [ [ 18.552046287989999, 70.109894850512944 ], [ 18.559081471575386, 70.110102432779229 ], [ 18.551591371942109, 70.109318191932985 ], [ 18.544183623404486, 70.109403462933983 ], [ 18.548453205175544, 70.110769785547859 ], [ 18.548421450966671, 70.110094645548756 ], [ 18.552046287989999, 70.109894850512944 ] ], [ [ 18.561631576895604, 70.109521427228145 ], [ 18.561374471339519, 70.109604590773515 ], [ 18.561620084140586, 70.109598798218983 ], [ 18.561631576895604, 70.109521427228145 ] ], [ [ 18.551502101455469, 70.108651198379377 ], [ 18.556200218516842, 70.108879450901497 ], [ 18.550933727079453, 70.108460254815483 ], [ 18.551502101455469, 70.108651198379377 ] ], [ [ 18.564326099776085, 70.108413133617759 ], [ 18.564680811520116, 70.108547949958393 ], [ 18.564834981380379, 70.108337246457225 ], [ 18.564326099776085, 70.108413133617759 ] ], [ [ 18.522299854209553, 70.109163565315029 ], [ 18.522370577742901, 70.109134333016229 ], [ 18.522319374344807, 70.109104630065303 ], [ 18.522299854209553, 70.109163565315029 ] ], [ [ 18.531778453270427, 70.110731419594913 ], [ 18.533163297402499, 70.110583534931209 ], [ 18.530274198105214, 70.110300902085754 ], [ 18.531778453270427, 70.110731419594913 ] ], [ [ 18.520524895705091, 70.108052134181136 ], [ 18.522021978418909, 70.10825028316755 ], [ 18.521174607028591, 70.107849763517592 ], [ 18.520524895705091, 70.108052134181136 ] ], [ [ 18.556806424644975, 70.10753119315784 ], [ 18.5593149912781, 70.107199621013649 ], [ 18.555543552967453, 70.107276674374774 ], [ 18.556806424644975, 70.10753119315784 ] ], [ [ 18.562340048644376, 70.107234356731382 ], [ 18.562313043850796, 70.107285903977314 ], [ 18.562387314428939, 70.107246974978437 ], [ 18.562340048644376, 70.107234356731382 ] ], [ [ 18.554450061540564, 70.107108492294216 ], [ 18.556490739664056, 70.106938034284326 ], [ 18.554146354734662, 70.106843055877462 ], [ 18.554450061540564, 70.107108492294216 ] ], [ [ 18.522498045614828, 70.107957307446512 ], [ 18.522401291415807, 70.107290373210077 ], [ 18.52166339794152, 70.107679746886291 ], [ 18.522498045614828, 70.107957307446512 ] ], [ [ 18.515124003729177, 70.107547799123481 ], [ 18.515708074400525, 70.107241223922671 ], [ 18.515213035754137, 70.107354412722614 ], [ 18.515124003729177, 70.107547799123481 ] ], [ [ 18.522266553891232, 70.106860724689753 ], [ 18.524230574431854, 70.107204468093528 ], [ 18.524130133655138, 70.106393654609647 ], [ 18.522266553891232, 70.106860724689753 ] ], [ [ 18.563208146987556, 70.105747757915225 ], [ 18.56450050491074, 70.105503667836118 ], [ 18.560860944176738, 70.105381087801192 ], [ 18.563208146987556, 70.105747757915225 ] ], [ [ 18.565478503909034, 70.105802154389664 ], [ 18.566282478507411, 70.105689929764807 ], [ 18.565315985722208, 70.105689818467681 ], [ 18.565478503909034, 70.105802154389664 ] ], [ [ 18.562118271745639, 70.105347406463494 ], [ 18.55860998592097, 70.103765360921727 ], [ 18.554997089223399, 70.104095915481679 ], [ 18.558484549294754, 70.104995931165604 ], [ 18.562118271745639, 70.105347406463494 ] ], [ [ 18.563655512547435, 70.104392845960902 ], [ 18.564980740646213, 70.104844709980441 ], [ 18.563823346458928, 70.10433992644154 ], [ 18.563655512547435, 70.104392845960902 ] ], [ [ 18.563513620349308, 70.104161106351953 ], [ 18.564399047243768, 70.104136440769565 ], [ 18.563590728761316, 70.103993070867759 ], [ 18.563513620349308, 70.104161106351953 ] ], [ [ 18.518273952891693, 70.106375781752845 ], [ 18.517829919068692, 70.103747512942348 ], [ 18.518339336439361, 70.102866860493975 ], [ 18.499026256334751, 70.098474418696824 ], [ 18.499419446303168, 70.097466526647153 ], [ 18.49099047726698, 70.101060338441741 ], [ 18.487682551241946, 70.097246794833495 ], [ 18.489249653570564, 70.101008137232469 ], [ 18.484105080022552, 70.100492694576701 ], [ 18.485119225327111, 70.103439146852011 ], [ 18.488150320198283, 70.104644460472599 ], [ 18.491376980910999, 70.102641423750711 ], [ 18.495512688993976, 70.104827731245436 ], [ 18.501160363554391, 70.105144342451652 ], [ 18.502198210253852, 70.108004518605455 ], [ 18.503025751886867, 70.106575475979113 ], [ 18.506909487597575, 70.10758489960628 ], [ 18.518273952891693, 70.106375781752845 ] ], [ [ 18.561687655374527, 70.103260673659108 ], [ 18.562038862157312, 70.10335730664022 ], [ 18.562101082038943, 70.10327748732 ], [ 18.561687655374527, 70.103260673659108 ] ], [ [ 18.561048706034519, 70.10326945801495 ], [ 18.562038353512914, 70.103027554858798 ], [ 18.560359010029199, 70.103196182301218 ], [ 18.561048706034519, 70.10326945801495 ] ], [ [ 18.519109160401975, 70.104031239359443 ], [ 18.519177691787547, 70.103667721231631 ], [ 18.518580980325613, 70.103903616416815 ], [ 18.519109160401975, 70.104031239359443 ] ], [ [ 18.560367175578097, 70.10287532835973 ], [ 18.560627426732726, 70.102950606823555 ], [ 18.5606937630102, 70.102920816855288 ], [ 18.560367175578097, 70.10287532835973 ] ], [ [ 18.559508296964932, 70.102860830093292 ], [ 18.55986258144668, 70.102808151026224 ], [ 18.559422354257016, 70.10278566980422 ], [ 18.559508296964932, 70.102860830093292 ] ], [ [ 18.560170917115887, 70.102667570348757 ], [ 18.561130725492411, 70.102657243336594 ], [ 18.560203526770835, 70.102588790811694 ], [ 18.560170917115887, 70.102667570348757 ] ], [ [ 18.558544058728558, 70.102581258728847 ], [ 18.558962775008194, 70.102222053555721 ], [ 18.557602245475177, 70.102386100973348 ], [ 18.558544058728558, 70.102581258728847 ] ], [ [ 18.559828508820317, 70.102588270577726 ], [ 18.559444494493029, 70.102699645275919 ], [ 18.559906569100804, 70.102744950423514 ], [ 18.559828508820317, 70.102588270577726 ] ], [ [ 18.558544470693381, 70.102860092520757 ], [ 18.558672178886628, 70.10282378255603 ], [ 18.558596990718335, 70.102815850665962 ], [ 18.558544470693381, 70.102860092520757 ] ], [ [ 18.518756304116469, 70.103701613420327 ], [ 18.518307661898771, 70.103668151552526 ], [ 18.518551840822536, 70.103794093952999 ], [ 18.518756304116469, 70.103701613420327 ] ], [ [ 18.558484116817141, 70.102886349934366 ], [ 18.558433567559497, 70.10295282393416 ], [ 18.558566886419566, 70.102963010687759 ], [ 18.558484116817141, 70.102886349934366 ] ], [ [ 18.519980029437242, 70.104147440758652 ], [ 18.519864203580234, 70.104046091724783 ], [ 18.51965478851449, 70.10407679800629 ], [ 18.519980029437242, 70.104147440758652 ] ], [ [ 18.514330955722269, 70.101756511964808 ], [ 18.514302451299326, 70.101919612255998 ], [ 18.514502061057104, 70.101778290555316 ], [ 18.514330955722269, 70.101756511964808 ] ], [ [ 18.513594281128849, 70.101533746738625 ], [ 18.513566506452843, 70.101635857698284 ], [ 18.513729594750675, 70.101650790189495 ], [ 18.513594281128849, 70.101533746738625 ] ], [ [ 18.512673558170007, 70.101312262540802 ], [ 18.513243950628933, 70.101484240973562 ], [ 18.512842780617238, 70.101245176863543 ], [ 18.512673558170007, 70.101312262540802 ] ], [ [ 18.51121981119319, 70.100829423473485 ], [ 18.512212624069825, 70.100871332700621 ], [ 18.511223921941266, 70.100585982855193 ], [ 18.51121981119319, 70.100829423473485 ] ], [ [ 18.507993057022183, 70.100262769577 ], [ 18.508585093052137, 70.100016315508711 ], [ 18.507934267735987, 70.099954292010793 ], [ 18.507993057022183, 70.100262769577 ] ], [ [ 18.568496602958071, 70.098293306707433 ], [ 18.56897246392446, 70.098301222203546 ], [ 18.568472530852361, 70.098257596183743 ], [ 18.568496602958071, 70.098293306707433 ] ], [ [ 18.568507789722226, 70.098153077299187 ], [ 18.570006465330472, 70.098370814811446 ], [ 18.567933563181654, 70.097783415428694 ], [ 18.568507789722226, 70.098153077299187 ] ], [ [ 18.570142873379535, 70.098031678808738 ], [ 18.570664610751447, 70.098035080610956 ], [ 18.570121540212387, 70.097949125273104 ], [ 18.570142873379535, 70.098031678808738 ] ], [ [ 18.569791179881829, 70.097997756284727 ], [ 18.56919938935587, 70.097884483261311 ], [ 18.569909971468377, 70.098118145840871 ], [ 18.569791179881829, 70.097997756284727 ] ], [ [ 18.675689554819165, 70.095689774607294 ], [ 18.676349826039139, 70.095470961529429 ], [ 18.676038388535719, 70.095412257432542 ], [ 18.675689554819165, 70.095689774607294 ] ], [ [ 18.567244810742519, 70.097613609918596 ], [ 18.567628744892733, 70.097539307086862 ], [ 18.566789553675587, 70.097400523670942 ], [ 18.567244810742519, 70.097613609918596 ] ], [ [ 18.567721349334242, 70.097464715567895 ], [ 18.567886198570083, 70.097543414875332 ], [ 18.568009859696161, 70.097554325796324 ], [ 18.567721349334242, 70.097464715567895 ] ], [ [ 18.566415859941436, 70.097433220220879 ], [ 18.566606658714061, 70.097350202862813 ], [ 18.566246246888472, 70.097371228664016 ], [ 18.566415859941436, 70.097433220220879 ] ], [ [ 18.565950926774786, 70.097428941733568 ], [ 18.565722397497357, 70.097340106753521 ], [ 18.565571708564718, 70.097357483460328 ], [ 18.565950926774786, 70.097428941733568 ] ], [ [ 18.503496913442866, 70.098834990431186 ], [ 18.502883561415199, 70.098779129128445 ], [ 18.503161144101913, 70.098941432677279 ], [ 18.503496913442866, 70.098834990431186 ] ], [ [ 18.550763877561856, 70.098382187740597 ], [ 18.549927706902427, 70.098549945657936 ], [ 18.550772603238325, 70.098419282807882 ], [ 18.550763877561856, 70.098382187740597 ] ], [ [ 18.506460584461085, 70.099433374613113 ], [ 18.505863349641768, 70.099379451768471 ], [ 18.506547029425715, 70.099623401621585 ], [ 18.506460584461085, 70.099433374613113 ] ], [ [ 18.503198956570444, 70.098410152233697 ], [ 18.502761839397952, 70.098406600530339 ], [ 18.502974993942058, 70.098526165486746 ], [ 18.503198956570444, 70.098410152233697 ] ], [ [ 18.566256752355191, 70.097113548567577 ], [ 18.566127744209016, 70.097155817874565 ], [ 18.566287499843629, 70.097165111283715 ], [ 18.566256752355191, 70.097113548567577 ] ], [ [ 18.565778323366978, 70.097105857203019 ], [ 18.566070829220127, 70.096998089458921 ], [ 18.565629805339167, 70.097023956401486 ], [ 18.565778323366978, 70.097105857203019 ] ], [ [ 18.564103630699886, 70.096496637917696 ], [ 18.564256321079611, 70.096420400375308 ], [ 18.564040704824972, 70.096443382073545 ], [ 18.564103630699886, 70.096496637917696 ] ], [ [ 18.563218719217858, 70.096186505955927 ], [ 18.563436572847792, 70.096224098683948 ], [ 18.563822307082457, 70.096204818135988 ], [ 18.563218719217858, 70.096186505955927 ] ], [ [ 18.493356880909829, 70.09785682901898 ], [ 18.492664716152781, 70.09786632209898 ], [ 18.492898242056985, 70.09818386645162 ], [ 18.493356880909829, 70.09785682901898 ] ], [ [ 18.562766854394809, 70.096014204095596 ], [ 18.563846313435537, 70.09611139137283 ], [ 18.562858184950848, 70.095904527103599 ], [ 18.562766854394809, 70.096014204095596 ] ], [ [ 18.499028013498187, 70.097319648743792 ], [ 18.499272708737667, 70.097310814631811 ], [ 18.499262755495291, 70.097267456693956 ], [ 18.499028013498187, 70.097319648743792 ] ], [ [ 18.49095996403685, 70.103639068829992 ], [ 18.490256090794958, 70.103888631451568 ], [ 18.490709477765215, 70.104053895482707 ], [ 18.49095996403685, 70.103639068829992 ] ], [ [ 18.503724018825324, 70.107841887140367 ], [ 18.504617142538773, 70.107878793979651 ], [ 18.504089412593569, 70.107641563151788 ], [ 18.503724018825324, 70.107841887140367 ] ], [ [ 18.503426914104807, 70.107404189195279 ], [ 18.503717060441787, 70.107440437618436 ], [ 18.503594203706051, 70.10736732437563 ], [ 18.503426914104807, 70.107404189195279 ] ], [ [ 18.516498329924215, 70.107214270859572 ], [ 18.516157448860472, 70.107281683627733 ], [ 18.516412451361294, 70.107320489081729 ], [ 18.516498329924215, 70.107214270859572 ] ], [ [ 18.51833003265839, 70.106409430698918 ], [ 18.518983514203072, 70.106398718822803 ], [ 18.519041149866894, 70.106259828787827 ], [ 18.51833003265839, 70.106409430698918 ] ], [ [ 18.554902909885271, 70.104871988676848 ], [ 18.555611131930661, 70.105091477472357 ], [ 18.555749849881938, 70.105014718674511 ], [ 18.554902909885271, 70.104871988676848 ] ], [ [ 18.521680327421183, 70.104599763541685 ], [ 18.521319030759933, 70.104582368021127 ], [ 18.521410606565198, 70.10463094194489 ], [ 18.521680327421183, 70.104599763541685 ] ], [ [ 18.520339720903621, 70.108340631611938 ], [ 18.520451972255284, 70.108262448549723 ], [ 18.520194341972989, 70.108211397515419 ], [ 18.520339720903621, 70.108340631611938 ] ], [ [ 18.680351398168924, 70.090514725563409 ], [ 18.6817168804738, 70.090558337343779 ], [ 18.681444502559266, 70.090312564861051 ], [ 18.680351398168924, 70.090514725563409 ] ], [ [ 18.681405616583188, 70.089948004732292 ], [ 18.680485670327535, 70.090034329509692 ], [ 18.680689374640593, 70.090213978976806 ], [ 18.681405616583188, 70.089948004732292 ] ], [ [ 18.681464045418601, 70.090060414316554 ], [ 18.681762687161935, 70.090143890782528 ], [ 18.681869313733692, 70.090039394414191 ], [ 18.681464045418601, 70.090060414316554 ] ], [ [ 18.681503909658819, 70.089955408579911 ], [ 18.681435565728382, 70.090020226110923 ], [ 18.681655266048985, 70.089985608707394 ], [ 18.681503909658819, 70.089955408579911 ] ], [ [ 18.456174960506669, 70.093647776256333 ], [ 18.458444689019434, 70.093924148004859 ], [ 18.456965054833674, 70.093267013487619 ], [ 18.456174960506669, 70.093647776256333 ] ], [ [ 18.682860093151156, 70.088850125633314 ], [ 18.683706570263112, 70.088892030589349 ], [ 18.683744334889738, 70.088644712512263 ], [ 18.682860093151156, 70.088850125633314 ] ], [ [ 18.45679360273126, 70.09308579952517 ], [ 18.457204443323317, 70.093139627867458 ], [ 18.456867563975326, 70.093017289911643 ], [ 18.45679360273126, 70.09308579952517 ] ], [ [ 18.683102590223907, 70.087960098651223 ], [ 18.683697760959191, 70.088380992084282 ], [ 18.684600085264304, 70.087647095446854 ], [ 18.683102590223907, 70.087960098651223 ] ], [ [ 18.684825076481808, 70.087372471443317 ], [ 18.68413803356221, 70.087450507599229 ], [ 18.684584521633408, 70.087522395700219 ], [ 18.684825076481808, 70.087372471443317 ] ], [ [ 18.687307898167258, 70.08723247495378 ], [ 18.687379957018543, 70.087290982534839 ], [ 18.687426235992014, 70.08724745482202 ], [ 18.687307898167258, 70.08723247495378 ] ], [ [ 18.683877233507506, 70.087025052025723 ], [ 18.684962840211927, 70.087032556433726 ], [ 18.684800259802198, 70.086709168998908 ], [ 18.683877233507506, 70.087025052025723 ] ], [ [ 18.697292140585446, 70.086631163342801 ], [ 18.698162733793197, 70.086563284272344 ], [ 18.697559323436973, 70.086412409300138 ], [ 18.697292140585446, 70.086631163342801 ] ], [ [ 18.697017839149083, 70.08649215205439 ], [ 18.697203932794501, 70.086301842603007 ], [ 18.696908190305642, 70.086487506904234 ], [ 18.697017839149083, 70.08649215205439 ] ], [ [ 18.697386244489067, 70.086273637293957 ], [ 18.697502340949114, 70.086236115219563 ], [ 18.697480414490592, 70.086231360075331 ], [ 18.697386244489067, 70.086273637293957 ] ], [ [ 18.683778647552536, 70.086922453094886 ], [ 18.683730342772389, 70.086846299701293 ], [ 18.683620634126008, 70.08690065532916 ], [ 18.683778647552536, 70.086922453094886 ] ], [ [ 18.683483256749135, 70.087021774514682 ], [ 18.683250982695895, 70.086983905019068 ], [ 18.683380542290607, 70.087063591359609 ], [ 18.683483256749135, 70.087021774514682 ] ], [ [ 18.683921249631553, 70.086876759275071 ], [ 18.683690598946914, 70.086987498753587 ], [ 18.683645245737619, 70.087057052276961 ], [ 18.683921249631553, 70.086876759275071 ] ], [ [ 18.524494513221324, 70.08663817981315 ], [ 18.526215830129132, 70.086786491865553 ], [ 18.525046054542258, 70.086480825256331 ], [ 18.524494513221324, 70.08663817981315 ] ], [ [ 18.967169974242488, 70.10866001991883 ], [ 18.966376574523647, 70.10908827850686 ], [ 18.967676174996676, 70.108740771484378 ], [ 18.967169974242488, 70.10866001991883 ] ], [ [ 18.965752490796202, 70.104373321330712 ], [ 18.96525616126301, 70.104360084032677 ], [ 18.964906615578982, 70.104526673876578 ], [ 18.965752490796202, 70.104373321330712 ] ], [ [ 18.974361070694609, 70.099381988132706 ], [ 18.977936153236048, 70.098272403517839 ], [ 18.977289591705087, 70.097542950668597 ], [ 18.974181757318675, 70.098429032732625 ], [ 18.974361070694609, 70.099381988132706 ] ], [ [ 18.975309129406085, 70.099425929271376 ], [ 18.976581681164713, 70.099245054142159 ], [ 18.976351507699654, 70.099094131751528 ], [ 18.975309129406085, 70.099425929271376 ] ], [ [ 18.973475402646493, 70.098289332523223 ], [ 18.974052696102579, 70.098042011450332 ], [ 18.973130825165459, 70.098260884688514 ], [ 18.973475402646493, 70.098289332523223 ] ], [ [ 18.972886324293441, 70.098648581143266 ], [ 18.972599518292022, 70.098433153722908 ], [ 18.972341403589805, 70.098650821000504 ], [ 18.972886324293441, 70.098648581143266 ] ], [ [ 18.973622331627659, 70.099065310676821 ], [ 18.973569926389519, 70.098984545239844 ], [ 18.973428327093206, 70.099074029306749 ], [ 18.973622331627659, 70.099065310676821 ] ], [ [ 18.973234449872436, 70.099386034996016 ], [ 18.973600416464581, 70.099264607908594 ], [ 18.973606829959397, 70.099254044097265 ], [ 18.973234449872436, 70.099386034996016 ] ], [ [ 18.917885545974936, 70.091336563999874 ], [ 18.916653436339637, 70.09263140327927 ], [ 18.919581447745788, 70.091281553086688 ], [ 18.917885545974936, 70.091336563999874 ] ], [ [ 18.921129817370584, 70.090640193365843 ], [ 18.920865636708641, 70.090723521211203 ], [ 18.920886059592924, 70.090731157636611 ], [ 18.921129817370584, 70.090640193365843 ] ], [ [ 18.921638409085542, 70.090518168422747 ], [ 18.921935672627352, 70.090611173191249 ], [ 18.921917413523843, 70.090522999074622 ], [ 18.921638409085542, 70.090518168422747 ] ], [ [ 18.9204619050257, 70.088673240554044 ], [ 18.92089345134081, 70.088799140658253 ], [ 18.921011508315505, 70.088757200852953 ], [ 18.9204619050257, 70.088673240554044 ] ], [ [ 18.940400288572476, 70.093898212097869 ], [ 18.939950482518327, 70.093896639390223 ], [ 18.93989086199058, 70.093983836632646 ], [ 18.940400288572476, 70.093898212097869 ] ], [ [ 18.940688205524083, 70.093636189103151 ], [ 18.940802266347266, 70.093624598394726 ], [ 18.940336672147545, 70.093460864801074 ], [ 18.940688205524083, 70.093636189103151 ] ], [ [ 18.941158437310602, 70.093411015951105 ], [ 18.940795152846846, 70.09359133698662 ], [ 18.940886717613811, 70.09364447436424 ], [ 18.941158437310602, 70.093411015951105 ] ], [ [ 18.941235732991689, 70.093157503705186 ], [ 18.940845461598649, 70.093256850972736 ], [ 18.940564308385426, 70.093401850506623 ], [ 18.941235732991689, 70.093157503705186 ] ], [ [ 18.974289555216767, 70.097265308085227 ], [ 18.975554147667687, 70.097192060439653 ], [ 18.975286347893896, 70.097038650947084 ], [ 18.974289555216767, 70.097265308085227 ] ], [ [ 18.970307311575052, 70.097064437854371 ], [ 18.97676721031867, 70.095890975246803 ], [ 18.973416627625856, 70.095967631441709 ], [ 18.975638533596538, 70.094552557536929 ], [ 18.97087561473284, 70.095513523548007 ], [ 18.970307311575052, 70.097064437854371 ] ], [ [ 18.971754119895987, 70.094706922667285 ], [ 18.972109140622482, 70.094638834349666 ], [ 18.972152965850263, 70.094603361970911 ], [ 18.971754119895987, 70.094706922667285 ] ], [ [ 18.971471572023908, 70.094692275465334 ], [ 18.971738532450889, 70.094644832670539 ], [ 18.971729955062006, 70.094619330080647 ], [ 18.971471572023908, 70.094692275465334 ] ], [ [ 18.971989459154763, 70.094762776769585 ], [ 18.972108339547056, 70.094737852595799 ], [ 18.972051018422452, 70.094730413566722 ], [ 18.971989459154763, 70.094762776769585 ] ], [ [ 18.972559561478135, 70.094241705611239 ], [ 18.972259688380166, 70.094367770727004 ], [ 18.972721546957473, 70.094176203739352 ], [ 18.972559561478135, 70.094241705611239 ] ], [ [ 18.972348702284865, 70.093058750826088 ], [ 18.97549812234935, 70.093130234904649 ], [ 18.976248190637861, 70.091856077631959 ], [ 18.972348702284865, 70.093058750826088 ] ], [ [ 18.974864340889866, 70.092175989851285 ], [ 18.974954985302247, 70.092140013221396 ], [ 18.974910603192725, 70.092136779010758 ], [ 18.974864340889866, 70.092175989851285 ] ], [ [ 18.975116526621047, 70.091804198119945 ], [ 18.974809378612811, 70.091834304599018 ], [ 18.974872118441159, 70.091854917884092 ], [ 18.975116526621047, 70.091804198119945 ] ], [ [ 18.978050266801567, 70.091670305799752 ], [ 18.978085800365253, 70.09171398361751 ], [ 18.978075373828108, 70.091666512201343 ], [ 18.978050266801567, 70.091670305799752 ] ], [ [ 18.975259985830135, 70.091631211285318 ], [ 18.975159025637257, 70.091728866542567 ], [ 18.975305739816125, 70.091627856716713 ], [ 18.975259985830135, 70.091631211285318 ] ], [ [ 18.978325869226957, 70.091576123674713 ], [ 18.978246476183177, 70.091614366909454 ], [ 18.97829097990904, 70.091622358961473 ], [ 18.978325869226957, 70.091576123674713 ] ], [ [ 18.979312544643054, 70.091478310844039 ], [ 18.979218535710586, 70.091499451829591 ], [ 18.979148650988243, 70.091536405519292 ], [ 18.979312544643054, 70.091478310844039 ] ], [ [ 18.979403461766942, 70.091336676561994 ], [ 18.979211456757088, 70.091421361012166 ], [ 18.97948294843513, 70.091338767782901 ], [ 18.979403461766942, 70.091336676561994 ] ], [ [ 18.979336725167666, 70.091255423633925 ], [ 18.979235589344217, 70.091306729285904 ], [ 18.979238380155415, 70.091328138281597 ], [ 18.979336725167666, 70.091255423633925 ] ], [ [ 18.980093646231513, 70.091062198774935 ], [ 18.97998856802856, 70.091168483651686 ], [ 18.980132136702277, 70.091073199228944 ], [ 18.980093646231513, 70.091062198774935 ] ], [ [ 18.979246339062207, 70.091034461236433 ], [ 18.979148043171143, 70.09107034131587 ], [ 18.979173612348994, 70.091078575490187 ], [ 18.979246339062207, 70.091034461236433 ] ], [ [ 18.969459604802033, 70.129474543961138 ], [ 18.969732938223039, 70.129504770079791 ], [ 18.969740204880626, 70.129382969915184 ], [ 18.969459604802033, 70.129474543961138 ] ], [ [ 18.96862622801526, 70.129545416716951 ], [ 18.969117390889014, 70.129521668489275 ], [ 18.969095895321626, 70.129471567611333 ], [ 18.96862622801526, 70.129545416716951 ] ], [ [ 19.007197450971343, 70.127054491832197 ], [ 19.008698491629691, 70.126745124069544 ], [ 19.007310246703852, 70.126618306819822 ], [ 19.007197450971343, 70.127054491832197 ] ], [ [ 19.008117046916652, 70.126521791215865 ], [ 19.007966928715121, 70.12654159727937 ], [ 19.007975732029539, 70.126570687735963 ], [ 19.008117046916652, 70.126521791215865 ] ], [ [ 19.008214717322684, 70.126285748258141 ], [ 19.008638958787699, 70.126206071559409 ], [ 19.008525706586976, 70.126146261911899 ], [ 19.008214717322684, 70.126285748258141 ] ], [ [ 19.004534853517665, 70.126301818540497 ], [ 19.005149249638237, 70.126287696497869 ], [ 19.005196168114527, 70.126223128778449 ], [ 19.004534853517665, 70.126301818540497 ] ], [ [ 19.008247554737803, 70.125923586057041 ], [ 19.010302286806759, 70.125906076627587 ], [ 19.010492454276854, 70.125735965962875 ], [ 19.008247554737803, 70.125923586057041 ] ], [ [ 19.005276798546824, 70.126170383351919 ], [ 19.0048262154376, 70.125968006416286 ], [ 19.004702281179839, 70.126090359108133 ], [ 19.005276798546824, 70.126170383351919 ] ], [ [ 19.007562839008934, 70.12483004243775 ], [ 19.008876689750345, 70.125058695261231 ], [ 19.010242828644632, 70.124150766936097 ], [ 19.007562839008934, 70.12483004243775 ] ], [ [ 19.010393604188664, 70.124778960563035 ], [ 19.01610259553927, 70.124680626457376 ], [ 19.014513616223226, 70.124354348642541 ], [ 19.010393604188664, 70.124778960563035 ] ], [ [ 19.013512103218122, 70.124147473759606 ], [ 19.014078224892671, 70.123781330606576 ], [ 19.012619911614532, 70.124244225750175 ], [ 19.013512103218122, 70.124147473759606 ] ], [ [ 19.014327637313617, 70.123562987804178 ], [ 19.019351867222294, 70.123725454112147 ], [ 19.021088555571122, 70.123250309245151 ], [ 19.014327637313617, 70.123562987804178 ] ], [ [ 19.018434384284632, 70.123013159369435 ], [ 19.018595502435709, 70.123016185625602 ], [ 19.018626335464614, 70.123002285877078 ], [ 19.018434384284632, 70.123013159369435 ] ], [ [ 19.018076177417935, 70.123042144297784 ], [ 19.018270199076674, 70.122950817152557 ], [ 19.018239338014972, 70.12292105484525 ], [ 19.018076177417935, 70.123042144297784 ] ], [ [ 19.003216860304725, 70.12334911254672 ], [ 19.002932703465465, 70.123273721792955 ], [ 19.002989379886415, 70.123427515622154 ], [ 19.003216860304725, 70.12334911254672 ] ], [ [ 19.010523212979916, 70.124115189063858 ], [ 19.010056206411992, 70.124040676684487 ], [ 19.009728144646132, 70.124087744679684 ], [ 19.010523212979916, 70.124115189063858 ] ], [ [ 19.012274976126928, 70.124239659693771 ], [ 19.01222342817557, 70.124148101471022 ], [ 19.012174877120987, 70.12413328940724 ], [ 19.012274976126928, 70.124239659693771 ] ], [ [ 19.005578108881448, 70.125059952168044 ], [ 19.005963986523014, 70.125054989343369 ], [ 19.005892884016927, 70.124979589932806 ], [ 19.005578108881448, 70.125059952168044 ] ], [ [ 19.024204887008406, 70.122095707663036 ], [ 19.024467787033007, 70.122533964275064 ], [ 19.024708785714648, 70.122039442019016 ], [ 19.024204887008406, 70.122095707663036 ] ], [ [ 19.025384427976519, 70.12231917736797 ], [ 19.025199847220186, 70.122452076612248 ], [ 19.025502048858925, 70.1223945109178 ], [ 19.025384427976519, 70.12231917736797 ] ], [ [ 19.011753297294781, 70.120641227364374 ], [ 19.018467726004147, 70.119186808324912 ], [ 19.018278585430476, 70.117721444777743 ], [ 19.027817242634487, 70.114569889557416 ], [ 19.020348510224107, 70.115181894996141 ], [ 19.019557253946815, 70.114677539278418 ], [ 19.018838301348246, 70.116602918272548 ], [ 19.012019135032855, 70.118149919176744 ], [ 19.014211821031115, 70.118986690230173 ], [ 19.011753297294781, 70.120641227364374 ] ], [ [ 19.020482243012374, 70.118489886703799 ], [ 19.021576655380489, 70.117981559544759 ], [ 19.020133610580874, 70.117958773040684 ], [ 19.020482243012374, 70.118489886703799 ] ], [ [ 19.091194706075974, 70.11681922751491 ], [ 19.091256671384148, 70.116939102399428 ], [ 19.091368752062106, 70.11688379612184 ], [ 19.091194706075974, 70.11681922751491 ] ], [ [ 19.022246920081468, 70.117828300215365 ], [ 19.022678777418562, 70.117831068223907 ], [ 19.022679303990607, 70.117763136433396 ], [ 19.022246920081468, 70.117828300215365 ] ], [ [ 19.025221674793709, 70.117589997826173 ], [ 19.025267517820236, 70.117692732127097 ], [ 19.025354170882942, 70.117682245475137 ], [ 19.025221674793709, 70.117589997826173 ] ], [ [ 19.025879509593228, 70.116257205945743 ], [ 19.025645800621454, 70.117148487101304 ], [ 19.027618077085858, 70.115896038795441 ], [ 19.025879509593228, 70.116257205945743 ] ], [ [ 19.032693667774243, 70.115904027223536 ], [ 19.032603502097178, 70.115933014536196 ], [ 19.03263118631002, 70.115945057541282 ], [ 19.032693667774243, 70.115904027223536 ] ], [ [ 19.032830684837187, 70.115836428576316 ], [ 19.032718840318612, 70.115889623489821 ], [ 19.03275072044633, 70.115893396161965 ], [ 19.032830684837187, 70.115836428576316 ] ], [ [ 19.032694842604652, 70.115821974920891 ], [ 19.032796779370244, 70.115793800014856 ], [ 19.032779667723847, 70.115789963598971 ], [ 19.032694842604652, 70.115821974920891 ] ], [ [ 19.032813877265486, 70.115484537159162 ], [ 19.032469969330695, 70.115712231283936 ], [ 19.032954878567477, 70.115488901780921 ], [ 19.032813877265486, 70.115484537159162 ] ], [ [ 19.033069171065549, 70.115437448257282 ], [ 19.033642922907973, 70.115414166453277 ], [ 19.033320421382832, 70.115319474968615 ], [ 19.033069171065549, 70.115437448257282 ] ], [ [ 19.028430777582454, 70.115485112111571 ], [ 19.028721817592182, 70.115301562794201 ], [ 19.028001311788863, 70.115659921976558 ], [ 19.028430777582454, 70.115485112111571 ] ], [ [ 19.033234210759371, 70.115139760047683 ], [ 19.033476917431148, 70.115163570461348 ], [ 19.03334504730714, 70.115107161297757 ], [ 19.033234210759371, 70.115139760047683 ] ], [ [ 19.028925865624135, 70.115250154919593 ], [ 19.029205874785195, 70.115266302062224 ], [ 19.029169584145681, 70.115162544522178 ], [ 19.028925865624135, 70.115250154919593 ] ], [ [ 19.041419495427132, 70.11449950398719 ], [ 19.04387417444379, 70.111651469350463 ], [ 19.040845708129819, 70.110544934161638 ], [ 19.036384905618874, 70.111499631684566 ], [ 19.041419495427132, 70.11449950398719 ] ], [ [ 19.053698056801988, 70.110301579361817 ], [ 19.05615958124908, 70.11108746003643 ], [ 19.056938626020099, 70.110783258825322 ], [ 19.053698056801988, 70.110301579361817 ] ], [ [ 19.051121117379079, 70.110463890049175 ], [ 19.052426204216161, 70.110189827352499 ], [ 19.051415141419636, 70.110008273929566 ], [ 19.051121117379079, 70.110463890049175 ] ], [ [ 19.033907058873975, 70.110807656284678 ], [ 19.03352750318923, 70.10990342931278 ], [ 19.032585426511524, 70.109931523947949 ], [ 19.033907058873975, 70.110807656284678 ] ], [ [ 19.019233010395343, 70.110660228684509 ], [ 19.019492791633102, 70.110564363850457 ], [ 19.019358169122626, 70.110538283993577 ], [ 19.019233010395343, 70.110660228684509 ] ], [ [ 19.043418987206653, 70.110609530097221 ], [ 19.043313637248964, 70.110551090621328 ], [ 19.04336034872825, 70.110610587649674 ], [ 19.043418987206653, 70.110609530097221 ] ], [ [ 19.051791763331259, 70.110817939417061 ], [ 19.051818074312315, 70.110791916951072 ], [ 19.051740991284845, 70.110803907261911 ], [ 19.051791763331259, 70.110817939417061 ] ], [ [ 19.029258856181617, 70.111503522397683 ], [ 19.02841718869735, 70.111406515518226 ], [ 19.028087694798309, 70.111769268069395 ], [ 19.029258856181617, 70.111503522397683 ] ], [ [ 19.017203481595224, 70.111880091807606 ], [ 19.016871251002833, 70.111897802988835 ], [ 19.016887572863393, 70.111946578927032 ], [ 19.017203481595224, 70.111880091807606 ] ], [ [ 19.025955492411686, 70.111689300667209 ], [ 19.024733947189755, 70.111960830341317 ], [ 19.025608940937101, 70.11213966812079 ], [ 19.025955492411686, 70.111689300667209 ] ], [ [ 19.023606010512918, 70.11202432684513 ], [ 19.021233837046683, 70.113430647299623 ], [ 19.02559825200278, 70.114243187359676 ], [ 19.026575643533732, 70.112776513784098 ], [ 19.023606010512918, 70.11202432684513 ] ], [ [ 19.02145235825872, 70.112149177123953 ], [ 19.02120756718671, 70.112155135656565 ], [ 19.021392832982922, 70.11235769043968 ], [ 19.02145235825872, 70.112149177123953 ] ], [ [ 19.022016802698019, 70.112344724123886 ], [ 19.021639202867394, 70.112351696163614 ], [ 19.021942474399221, 70.112448456782587 ], [ 19.022016802698019, 70.112344724123886 ] ], [ [ 19.022284127620402, 70.112102873354061 ], [ 19.02262491135059, 70.112281352416332 ], [ 19.022442343607661, 70.112060140818954 ], [ 19.022284127620402, 70.112102873354061 ] ], [ [ 19.02164754232032, 70.112534604680292 ], [ 19.021783407543907, 70.112473239719975 ], [ 19.021703004366355, 70.112465526295338 ], [ 19.02164754232032, 70.112534604680292 ] ], [ [ 19.020811828345277, 70.113142410640094 ], [ 19.020918876511391, 70.113097057739381 ], [ 19.020870144119119, 70.113066260783711 ], [ 19.020811828345277, 70.113142410640094 ] ], [ [ 19.020704596459883, 70.113118859520142 ], [ 19.020266647215504, 70.113255479294637 ], [ 19.020857587046368, 70.11324487785194 ], [ 19.020704596459883, 70.113118859520142 ] ], [ [ 19.012079871529092, 70.113645580234476 ], [ 19.011954871067122, 70.11367057736679 ], [ 19.011963304007114, 70.113692309062344 ], [ 19.012079871529092, 70.113645580234476 ] ], [ [ 19.028924040840071, 70.114005079457684 ], [ 19.027094394204319, 70.114400478817146 ], [ 19.029159937705895, 70.114262547644358 ], [ 19.028924040840071, 70.114005079457684 ] ], [ [ 19.029459242757884, 70.113878822476309 ], [ 19.029413486101429, 70.113965114143937 ], [ 19.029542633327683, 70.113885566790131 ], [ 19.029459242757884, 70.113878822476309 ] ], [ [ 19.027274078699453, 70.114108486952688 ], [ 19.02716992571278, 70.113715441462418 ], [ 19.026681622103975, 70.113920054496646 ], [ 19.027274078699453, 70.114108486952688 ] ], [ [ 19.032789071991324, 70.113451881194251 ], [ 19.032333667338321, 70.113503935343417 ], [ 19.03245893388916, 70.113548185669956 ], [ 19.032789071991324, 70.113451881194251 ] ], [ [ 19.029303918881158, 70.112797126215312 ], [ 19.030619705681374, 70.113161676011742 ], [ 19.029000802201551, 70.112241551991445 ], [ 19.029303918881158, 70.112797126215312 ] ], [ [ 19.032324637829117, 70.113082151090751 ], [ 19.032189399240668, 70.11310865174903 ], [ 19.03221682559786, 70.113112614778274 ], [ 19.032324637829117, 70.113082151090751 ] ], [ [ 19.034644129248097, 70.111876666683287 ], [ 19.035841934228849, 70.111879352500907 ], [ 19.035008237217696, 70.111572953073576 ], [ 19.034644129248097, 70.111876666683287 ] ], [ [ 19.035823131509332, 70.111551313632432 ], [ 19.035959101181611, 70.111513742808739 ], [ 19.035863351082746, 70.111508538609343 ], [ 19.035823131509332, 70.111551313632432 ] ], [ [ 19.027791379079193, 70.111829134385459 ], [ 19.027776913280061, 70.111814456928997 ], [ 19.027745290573701, 70.111820111080078 ], [ 19.027791379079193, 70.111829134385459 ] ], [ [ 19.025593163929642, 70.111658024115243 ], [ 19.025579374180051, 70.111673967221776 ], [ 19.025627308193332, 70.111665340551852 ], [ 19.025593163929642, 70.111658024115243 ] ], [ [ 19.021065090560665, 70.114703539735359 ], [ 19.021300550089379, 70.114562401463758 ], [ 19.021278993961779, 70.114557406250924 ], [ 19.021065090560665, 70.114703539735359 ] ], [ [ 19.017091896892541, 70.11565546224314 ], [ 19.017484154190644, 70.115579533157501 ], [ 19.01730809935145, 70.115527789769786 ], [ 19.017091896892541, 70.11565546224314 ] ], [ [ 19.017297550597586, 70.1159903473702 ], [ 19.017603824819478, 70.115975915444807 ], [ 19.01757041460101, 70.115870384935974 ], [ 19.017297550597586, 70.1159903473702 ] ], [ [ 19.018260936124978, 70.116195715630923 ], [ 19.018368436700261, 70.1161838651404 ], [ 19.01836726269152, 70.116164216396982 ], [ 19.018260936124978, 70.116195715630923 ] ], [ [ 19.013020022786524, 70.118963861924883 ], [ 19.013203604855551, 70.118776555300073 ], [ 19.012487485016255, 70.118985161671446 ], [ 19.013020022786524, 70.118963861924883 ] ], [ [ 19.010776792276442, 70.119216176055701 ], [ 19.010576619724233, 70.119406547159628 ], [ 19.011398496665649, 70.119249030476112 ], [ 19.010776792276442, 70.119216176055701 ] ], [ [ 19.037943390179699, 70.109469283568728 ], [ 19.03762012503887, 70.109535436576252 ], [ 19.037899199820085, 70.109557968661406 ], [ 19.037943390179699, 70.109469283568728 ] ], [ [ 19.018538908278693, 70.109802857968688 ], [ 19.018861968733713, 70.109761182076682 ], [ 19.018919918116367, 70.109713071401899 ], [ 19.018538908278693, 70.109802857968688 ] ], [ [ 19.015581314958226, 70.109860194094693 ], [ 19.015903597574155, 70.109761402509506 ], [ 19.015830917465109, 70.109714522249604 ], [ 19.015581314958226, 70.109860194094693 ] ], [ [ 19.030122289350864, 70.107334971738496 ], [ 19.029558411169528, 70.107565199094125 ], [ 19.030360017743703, 70.107575056439103 ], [ 19.030122289350864, 70.107334971738496 ] ], [ [ 19.030417001806015, 70.107005520780575 ], [ 19.03094019106241, 70.107135755853164 ], [ 19.030498661993963, 70.106957409750109 ], [ 19.030417001806015, 70.107005520780575 ] ], [ [ 19.03375300775723, 70.106465648015245 ], [ 19.034070402220362, 70.106506366422607 ], [ 19.034029427368711, 70.106420594024755 ], [ 19.03375300775723, 70.106465648015245 ] ], [ [ 19.032273027028289, 70.106434824792615 ], [ 19.033356258798349, 70.106372366344161 ], [ 19.033355525678253, 70.106271040947135 ], [ 19.032273027028289, 70.106434824792615 ] ], [ [ 19.033511095354857, 70.106216408023812 ], [ 19.033501758609912, 70.106286336371682 ], [ 19.033681956474659, 70.106240311085728 ], [ 19.033511095354857, 70.106216408023812 ] ], [ [ 19.022628092384327, 70.106010183358592 ], [ 19.022551016265471, 70.106018118090603 ], [ 19.022569713763978, 70.106031532593462 ], [ 19.022628092384327, 70.106010183358592 ] ], [ [ 19.022467395046995, 70.105592895910064 ], [ 19.021759607405919, 70.105848439456111 ], [ 19.022248670202291, 70.105914781006305 ], [ 19.022467395046995, 70.105592895910064 ] ], [ [ 19.031444902508838, 70.105617446612484 ], [ 19.03149973423081, 70.105656548152226 ], [ 19.031478340971891, 70.105622531658767 ], [ 19.031444902508838, 70.105617446612484 ] ], [ [ 19.021381929214396, 70.105419505816613 ], [ 19.02107955212907, 70.105470874137325 ], [ 19.021095744888708, 70.105494497197313 ], [ 19.021381929214396, 70.105419505816613 ] ], [ [ 19.131981972225077, 70.198475459736514 ], [ 19.131422312768578, 70.198672817821375 ], [ 19.131500536330655, 70.198739121920426 ], [ 19.131981972225077, 70.198475459736514 ] ], [ [ 19.138794334471289, 70.198305858175786 ], [ 19.137940504173223, 70.198554413990919 ], [ 19.138620904001908, 70.198626046089316 ], [ 19.138794334471289, 70.198305858175786 ] ], [ [ 19.142178132420664, 70.198147394398788 ], [ 19.142657199581201, 70.198227345987704 ], [ 19.142569236191438, 70.198100891136775 ], [ 19.142178132420664, 70.198147394398788 ] ], [ [ 19.137992940630578, 70.198064505833898 ], [ 19.137834265799938, 70.198049029416097 ], [ 19.137974065257769, 70.198106452466746 ], [ 19.137992940630578, 70.198064505833898 ] ], [ [ 19.142023957764799, 70.197810150798318 ], [ 19.141968273747256, 70.197981435347984 ], [ 19.14223483350008, 70.197886235168738 ], [ 19.142023957764799, 70.197810150798318 ] ], [ [ 19.147517826471674, 70.197109542343512 ], [ 19.147439037462622, 70.197240840961314 ], [ 19.1477642591014, 70.197220019799715 ], [ 19.147517826471674, 70.197109542343512 ] ], [ [ 19.189535633975041, 70.257586614143875 ], [ 19.189585110767656, 70.257625895705999 ], [ 19.189596022867104, 70.257590777636523 ], [ 19.189535633975041, 70.257586614143875 ] ], [ [ 19.190454599805417, 70.256707526518881 ], [ 19.189032280558802, 70.256897476770945 ], [ 19.189910193201047, 70.257567280868827 ], [ 19.190454599805417, 70.256707526518881 ] ], [ [ 19.180650138518235, 70.256519447747252 ], [ 19.181043171031266, 70.256415958900277 ], [ 19.180871947375678, 70.256377800042713 ], [ 19.180650138518235, 70.256519447747252 ] ], [ [ 19.180816476268124, 70.256060826679885 ], [ 19.184426011304407, 70.255413443728074 ], [ 19.183250255564072, 70.254732220541442 ], [ 19.180816476268124, 70.256060826679885 ] ], [ [ 19.180435526467285, 70.255564077762031 ], [ 19.180569228117808, 70.255506696070697 ], [ 19.180553361333715, 70.255479659592297 ], [ 19.180435526467285, 70.255564077762031 ] ], [ [ 19.178766968851825, 70.255705042240919 ], [ 19.178618793866978, 70.255670389010135 ], [ 19.17864442022772, 70.255755873392857 ], [ 19.178766968851825, 70.255705042240919 ] ], [ [ 19.180096645717452, 70.255643662931632 ], [ 19.179809865273995, 70.255737670446777 ], [ 19.180122349617619, 70.255732110611518 ], [ 19.180096645717452, 70.255643662931632 ] ], [ [ 19.179674273958934, 70.256401071576761 ], [ 19.179256739296175, 70.256445553749856 ], [ 19.179325334347414, 70.256462648474383 ], [ 19.179674273958934, 70.256401071576761 ] ], [ [ 19.288568712705359, 70.252466124953472 ], [ 19.288579441086753, 70.252541714046558 ], [ 19.288816398538465, 70.252431726762197 ], [ 19.288568712705359, 70.252466124953472 ] ], [ [ 19.298342249594921, 70.252237818448648 ], [ 19.298526730579216, 70.252272316962291 ], [ 19.298400757570285, 70.252212604736258 ], [ 19.298342249594921, 70.252237818448648 ] ], [ [ 19.301512074985197, 70.252116315426903 ], [ 19.302263939041971, 70.251934940734031 ], [ 19.302164853996285, 70.251740957726682 ], [ 19.301512074985197, 70.252116315426903 ] ], [ [ 19.301590019919551, 70.251794260243202 ], [ 19.301507054138362, 70.251761019226535 ], [ 19.301495659941267, 70.251784027851571 ], [ 19.301590019919551, 70.251794260243202 ] ], [ [ 19.296629171669153, 70.25095310454239 ], [ 19.296355525942062, 70.250971240311031 ], [ 19.296383757966769, 70.251026191463538 ], [ 19.296629171669153, 70.25095310454239 ] ], [ [ 19.297560780181328, 70.249983201850199 ], [ 19.297630248934471, 70.249997715915498 ], [ 19.297626489980431, 70.249979743012872 ], [ 19.297560780181328, 70.249983201850199 ] ], [ [ 19.218199451823761, 70.250828743147778 ], [ 19.218101510166701, 70.250834456804085 ], [ 19.218133706340616, 70.250838553349737 ], [ 19.218199451823761, 70.250828743147778 ] ], [ [ 19.298217551281471, 70.250387879278549 ], [ 19.298302840020408, 70.250331920142898 ], [ 19.298270298350328, 70.250332608739441 ], [ 19.298217551281471, 70.250387879278549 ] ] ], [ [ [ 18.726089839759346, 70.225345284289617 ], [ 18.726143076222904, 70.225422499476977 ], [ 18.725954472368961, 70.225428388855619 ], [ 18.726089839759346, 70.225345284289617 ] ] ], [ [ [ 19.299862502689059, 70.249937210088987 ], [ 19.299643779052374, 70.24993327805025 ], [ 19.299667154177104, 70.249868465263972 ], [ 19.299862502689059, 70.249937210088987 ] ] ] ] } },
{ "type": "Feature", "properties": { "naturvernId": "VV00003634", "navn": "Karlsøyfjorden", "offisieltNavn": "Karlsøyfjorden marine verneområde", "faktaark": "https://faktaark.naturbase.no/?id=VV00003634", "verneform": "MarintVerneomraade", "kommune": "Bodø (1804)", "forvaltningsmyndighet": "Statsforvalteren i Nordland", "iucn": "IkkeVurdert", "majorEcosystemType": "Marin", "is_mpa": true, "area_m2": 162383461.31694999 }, "geometry": { "type": "Polygon", "coordinates": [ [ [ 14.664799803460221, 67.618617269121046 ], [ 14.379866008715439, 67.581805839749705 ], [ 14.380468806832493, 67.523829841188487 ], [ 14.635183085988123, 67.470720152449033 ], [ 14.66655342536791, 67.483314136903857 ], [ 14.662089454106749, 67.483605012256945 ], [ 14.661971292614961, 67.48492093468883 ], [ 14.659021773281401, 67.48395567269668 ], [ 14.65879062769781, 67.485403034648868 ], [ 14.653709485899444, 67.483028641906913 ], [ 14.658411484302457, 67.486202987368387 ], [ 14.651840362315154, 67.485836909611294 ], [ 14.652105179180134, 67.486947249052335 ], [ 14.659707727559338, 67.488707811883529 ], [ 14.657227965654714, 67.487194989496629 ], [ 14.663301843851958, 67.48725582037784 ], [ 14.662176285297932, 67.488972575711571 ], [ 14.666799470019594, 67.487363703345792 ], [ 14.668437721553142, 67.488440328714915 ], [ 14.675322646905832, 67.488059518835442 ], [ 14.679533851743811, 67.491828312370998 ], [ 14.692860361330954, 67.493672365343372 ], [ 14.692947031438516, 67.494882220927366 ], [ 14.683933109883197, 67.496502968939922 ], [ 14.707340152089015, 67.505149172725723 ], [ 14.712879983325864, 67.50476835934117 ], [ 14.715530778329022, 67.507077328837042 ], [ 14.735241521698804, 67.509735089454622 ], [ 14.736003715697377, 67.512398072173283 ], [ 14.746240424699677, 67.513756873302583 ], [ 14.749249504035602, 67.517975360273809 ], [ 14.740400388287147, 67.515629778740148 ], [ 14.740777906607114, 67.517128988944279 ], [ 14.734231883985206, 67.516199771224677 ], [ 14.74087265310652, 67.520105630408622 ], [ 14.732741463691736, 67.520226611002826 ], [ 14.747823255430143, 67.522015619765725 ], [ 14.755589055587762, 67.524516491774477 ], [ 14.762585607801563, 67.524400777295369 ], [ 14.794908867327205, 67.528798719145527 ], [ 14.801463019037159, 67.530069840891059 ], [ 14.798690976502428, 67.530623630617214 ], [ 14.808793016327956, 67.534078054722983 ], [ 14.805133899247563, 67.534531160790735 ], [ 14.816864237453739, 67.538548540584003 ], [ 14.821941126269284, 67.538275950966352 ], [ 14.829321748704077, 67.540515950482813 ], [ 14.782107573410567, 67.616721383472324 ], [ 14.664799803460221, 67.618617269121046 ] ], [ [ 14.557950873030556, 67.558270218705289 ], [ 14.595571407377426, 67.568976790231559 ], [ 14.66758761899524, 67.615142330137488 ], [ 14.777085042029062, 67.612490425822713 ], [ 14.697895808693783, 67.55585232003186 ], [ 14.628112218633001, 67.524796832379167 ], [ 14.61545026606902, 67.521556018262231 ], [ 14.590260349284177, 67.518457919534995 ], [ 14.557089440941594, 67.533682484066517 ], [ 14.557950873030556, 67.558270218705289 ] ], [ [ 14.463500051459247, 67.525460891061329 ], [ 14.459341150801162, 67.524855038796019 ], [ 14.462572845108584, 67.526022757261231 ], [ 14.463500051459247, 67.525460891061329 ] ], [ [ 14.703770720908793, 67.511381555176712 ], [ 14.702613363260301, 67.510448442767256 ], [ 14.701223850375815, 67.510733013577337 ], [ 14.703770720908793, 67.511381555176712 ] ], [ [ 14.653772104143345, 67.485107935328074 ], [ 14.656321628900084, 67.485714989064576 ], [ 14.653603568707348, 67.484885925614606 ], [ 14.653772104143345, 67.485107935328074 ] ], [ [ 14.432748852312429, 67.537008030355324 ], [ 14.431874662739592, 67.536296416667 ], [ 14.43123072675907, 67.53674275580147 ], [ 14.432748852312429, 67.537008030355324 ] ], [ [ 14.564535139517373, 67.523180184204605 ], [ 14.564526161589377, 67.523107413072069 ], [ 14.564424731939395, 67.523129475821747 ], [ 14.564535139517373, 67.523180184204605 ] ], [ [ 14.579137457448947, 67.523371710727929 ], [ 14.578448646579005, 67.523327312464573 ], [ 14.578709372946962, 67.523639878374937 ], [ 14.579137457448947, 67.523371710727929 ] ], [ [ 14.538956356271811, 67.554770258234427 ], [ 14.538520465484352, 67.554964834331642 ], [ 14.539128000153495, 67.555032042819377 ], [ 14.538956356271811, 67.554770258234427 ] ], [ [ 14.556441805058075, 67.557938873808396 ], [ 14.556786765219478, 67.557969776465853 ], [ 14.556888852921377, 67.557920899720827 ], [ 14.556441805058075, 67.557938873808396 ] ], [ [ 14.559509222391879, 67.559765989483267 ], [ 14.559477593071842, 67.559901440315116 ], [ 14.559634292302512, 67.559882669930531 ], [ 14.559509222391879, 67.559765989483267 ] ], [ [ 14.461837235268215, 67.529452825376012 ], [ 14.461967784854348, 67.529392800193548 ], [ 14.461694051930939, 67.529408306508856 ], [ 14.461837235268215, 67.529452825376012 ] ], [ [ 14.46672422394602, 67.528018870220578 ], [ 14.466256200748614, 67.527990598413041 ], [ 14.466604994441409, 67.528108089353481 ], [ 14.46672422394602, 67.528018870220578 ] ], [ [ 14.458628149272606, 67.527337205884066 ], [ 14.461398349541195, 67.526126678611277 ], [ 14.458155497365734, 67.526465612881339 ], [ 14.458628149272606, 67.527337205884066 ] ], [ [ 14.463663980019893, 67.527542234424132 ], [ 14.461442664063982, 67.529338042501337 ], [ 14.46577337455405, 67.528598886167941 ], [ 14.463663980019893, 67.527542234424132 ] ], [ [ 14.662139289822887, 67.491756338257147 ], [ 14.658105473792624, 67.491240254922261 ], [ 14.662092638511142, 67.492073958236844 ], [ 14.662139289822887, 67.491756338257147 ] ], [ [ 14.748034902448246, 67.522942720780875 ], [ 14.747696054807907, 67.523023191827775 ], [ 14.748183418242196, 67.523039378259682 ], [ 14.748034902448246, 67.522942720780875 ] ], [ [ 14.743853544972417, 67.524033364702845 ], [ 14.74473849108859, 67.523503114299302 ], [ 14.743048619711692, 67.523491204244067 ], [ 14.743853544972417, 67.524033364702845 ] ], [ [ 14.735155894627697, 67.518608813322473 ], [ 14.736383719011268, 67.518433480503091 ], [ 14.735000144930112, 67.518411668724582 ], [ 14.735155894627697, 67.518608813322473 ] ], [ [ 14.719641686368439, 67.510760471712985 ], [ 14.720905770593479, 67.511641081478743 ], [ 14.722096788526548, 67.511446149554999 ], [ 14.719641686368439, 67.510760471712985 ] ], [ [ 14.670221408774511, 67.494734271575794 ], [ 14.670145058456185, 67.494584586255556 ], [ 14.669735002781884, 67.494694619198341 ], [ 14.670221408774511, 67.494734271575794 ] ], [ [ 14.796788397980073, 67.529296314324938 ], [ 14.796856280747688, 67.52936376328104 ], [ 14.796943570415362, 67.529355261582396 ], [ 14.796788397980073, 67.529296314324938 ] ], [ [ 14.743016924310773, 67.51434075654511 ], [ 14.743658216813852, 67.514232608692993 ], [ 14.743045971688742, 67.514189838742993 ], [ 14.743016924310773, 67.51434075654511 ] ], [ [ 14.743524333634049, 67.513785963449237 ], [ 14.743708301289271, 67.513717006801414 ], [ 14.743639952807044, 67.513689091861849 ], [ 14.743524333634049, 67.513785963449237 ] ], [ [ 14.726874015288544, 67.51504512143724 ], [ 14.726987109109304, 67.515052039543207 ], [ 14.726943673124163, 67.515039318719232 ], [ 14.726874015288544, 67.51504512143724 ] ], [ [ 14.726499353433903, 67.514963311349163 ], [ 14.726433211027324, 67.514989391867402 ], [ 14.726514400548135, 67.514979213540926 ], [ 14.726499353433903, 67.514963311349163 ] ], [ [ 14.722651870101163, 67.514889046240768 ], [ 14.723013312119477, 67.515038296572115 ], [ 14.723277255205549, 67.514928686569078 ], [ 14.722651870101163, 67.514889046240768 ] ], [ [ 14.716584967173105, 67.514092508705076 ], [ 14.714599892940367, 67.513706813906666 ], [ 14.714107645911657, 67.514074969280742 ], [ 14.716584967173105, 67.514092508705076 ] ], [ [ 14.721021832996767, 67.513307896505268 ], [ 14.718654521990448, 67.513345781092269 ], [ 14.718490255472709, 67.51376277734775 ], [ 14.721021832996767, 67.513307896505268 ] ], [ [ 14.71976096392971, 67.511750062882101 ], [ 14.724355199270612, 67.51298225403616 ], [ 14.721196350696696, 67.514368085056432 ], [ 14.726035841300579, 67.514012701508221 ], [ 14.724720998525024, 67.512673323564229 ], [ 14.71976096392971, 67.511750062882101 ] ], [ [ 14.719640473356142, 67.513005915336677 ], [ 14.719619330698251, 67.5130701932177 ], [ 14.719705495453457, 67.513015356611902 ], [ 14.719640473356142, 67.513005915336677 ] ], [ [ 14.7189792790494, 67.513066841495984 ], [ 14.718775377321734, 67.513191080083999 ], [ 14.718825139889368, 67.513203096499822 ], [ 14.7189792790494, 67.513066841495984 ] ], [ [ 14.717834749127737, 67.513283987357866 ], [ 14.717443624211455, 67.513212353275037 ], [ 14.717489151283152, 67.513324287869352 ], [ 14.717834749127737, 67.513283987357866 ] ], [ [ 14.717609124465339, 67.511550421744715 ], [ 14.715341087131575, 67.512545434127176 ], [ 14.719386795203674, 67.512782662687641 ], [ 14.717609124465339, 67.511550421744715 ] ], [ [ 14.715437406128428, 67.51178091560736 ], [ 14.716006208333535, 67.511862015579496 ], [ 14.715500133253457, 67.511707741354058 ], [ 14.715437406128428, 67.51178091560736 ] ], [ [ 14.733196041510116, 67.517774623286257 ], [ 14.733289159052662, 67.517787962416705 ], [ 14.733254187067766, 67.517772028061231 ], [ 14.733196041510116, 67.517774623286257 ] ], [ [ 14.729905482490292, 67.520406329559108 ], [ 14.729043649686174, 67.519652761976431 ], [ 14.727627152020428, 67.519716853878492 ], [ 14.729905482490292, 67.520406329559108 ] ], [ [ 14.732175879405265, 67.520855186433906 ], [ 14.733548507727726, 67.520653652993801 ], [ 14.73204621898401, 67.520548559363874 ], [ 14.732175879405265, 67.520855186433906 ] ], [ [ 14.735903972501161, 67.515193568235858 ], [ 14.735939507197486, 67.515285119456422 ], [ 14.736107391845129, 67.515274808533619 ], [ 14.735903972501161, 67.515193568235858 ] ], [ [ 14.736364754928605, 67.515224996002004 ], [ 14.73643352708749, 67.51502445058091 ], [ 14.73599305811973, 67.515063021571564 ], [ 14.736364754928605, 67.515224996002004 ] ], [ [ 14.73724403124203, 67.515192428653364 ], [ 14.737281167605689, 67.515287928939699 ], [ 14.737495358610554, 67.515243157448282 ], [ 14.73724403124203, 67.515192428653364 ] ], [ [ 14.736390868796725, 67.515468751497096 ], [ 14.73682727913968, 67.515585532002405 ], [ 14.737144082816924, 67.515436966171521 ], [ 14.736390868796725, 67.515468751497096 ] ], [ [ 14.733476386353193, 67.516098515217578 ], [ 14.734038686071864, 67.516168149079704 ], [ 14.733975062114251, 67.51605358829498 ], [ 14.733476386353193, 67.516098515217578 ] ], [ [ 14.744717360809187, 67.516643244640164 ], [ 14.744837088332153, 67.5166228024502 ], [ 14.744820339412991, 67.516611384263058 ], [ 14.744717360809187, 67.516643244640164 ] ], [ [ 14.735013812764125, 67.511624951608397 ], [ 14.73513039992107, 67.511653487308521 ], [ 14.735138564417911, 67.511635650490391 ], [ 14.735013812764125, 67.511624951608397 ] ], [ [ 14.72287600278988, 67.50829437032084 ], [ 14.723508214278468, 67.508376628952874 ], [ 14.723297995045549, 67.508244411716092 ], [ 14.72287600278988, 67.50829437032084 ] ], [ [ 14.715599402110056, 67.509112013204287 ], [ 14.715810482525574, 67.509169342919108 ], [ 14.715945321602801, 67.509098716895124 ], [ 14.715599402110056, 67.509112013204287 ] ], [ [ 14.703080383513404, 67.511487661390177 ], [ 14.703540737682657, 67.511638033792451 ], [ 14.703496056037142, 67.511482682131856 ], [ 14.703080383513404, 67.511487661390177 ] ], [ [ 14.706912967455501, 67.509740030122344 ], [ 14.706914688897491, 67.509790354668297 ], [ 14.706961286891147, 67.509754020985696 ], [ 14.706912967455501, 67.509740030122344 ] ], [ [ 14.707222174456188, 67.510615428762478 ], [ 14.704945233465121, 67.510225229837204 ], [ 14.706192393519384, 67.511007344747853 ], [ 14.707222174456188, 67.510615428762478 ] ], [ [ 14.705109321725173, 67.509613419116221 ], [ 14.706036598462212, 67.509815493653903 ], [ 14.706481072774556, 67.509619588770846 ], [ 14.705109321725173, 67.509613419116221 ] ], [ [ 14.709611367094016, 67.509725515915804 ], [ 14.710270308039901, 67.509440464985943 ], [ 14.709234485410512, 67.509511444573079 ], [ 14.709611367094016, 67.509725515915804 ] ], [ [ 14.70771894432152, 67.508226999952214 ], [ 14.708157509881703, 67.508413020428875 ], [ 14.708285983127597, 67.50817563785202 ], [ 14.70771894432152, 67.508226999952214 ] ], [ [ 14.70829879941377, 67.508448078405209 ], [ 14.708860743889382, 67.50843043213267 ], [ 14.708860845068898, 67.508383967961123 ], [ 14.70829879941377, 67.508448078405209 ] ], [ [ 14.710311155745908, 67.508857311859799 ], [ 14.710526040873324, 67.508620530596673 ], [ 14.709962210011415, 67.508773177043054 ], [ 14.710311155745908, 67.508857311859799 ] ], [ [ 14.71073183106331, 67.508841559107552 ], [ 14.711453515853568, 67.508787591679763 ], [ 14.710772133357954, 67.508686809737583 ], [ 14.71073183106331, 67.508841559107552 ] ], [ [ 14.687715410496919, 67.508551240439971 ], [ 14.689394248081154, 67.50844620166184 ], [ 14.687617498107926, 67.508355057871697 ], [ 14.687715410496919, 67.508551240439971 ] ], [ [ 14.692259972146665, 67.507222967250925 ], [ 14.693194119140555, 67.507240257821095 ], [ 14.692321691686015, 67.507033280104025 ], [ 14.692259972146665, 67.507222967250925 ] ], [ [ 14.690327930986786, 67.507712273356049 ], [ 14.693591947799646, 67.508031713217051 ], [ 14.6908169260932, 67.507360239632959 ], [ 14.690327930986786, 67.507712273356049 ] ], [ [ 14.694874660585928, 67.508597717773455 ], [ 14.696351249273199, 67.508442621850577 ], [ 14.695080181582814, 67.508189881977358 ], [ 14.694874660585928, 67.508597717773455 ] ], [ [ 14.695837561400023, 67.509739521242011 ], [ 14.698305905401851, 67.510169045116911 ], [ 14.698578709831921, 67.509661405038315 ], [ 14.695837561400023, 67.509739521242011 ] ], [ [ 14.698318060146985, 67.508954266462155 ], [ 14.700522475892006, 67.508835828348168 ], [ 14.69865674573448, 67.508680954517999 ], [ 14.698318060146985, 67.508954266462155 ] ], [ [ 14.703036373463309, 67.50800095949748 ], [ 14.701805323630317, 67.506889382705694 ], [ 14.69502744547991, 67.506641926121048 ], [ 14.697327737302166, 67.508229529630142 ], [ 14.703036373463309, 67.50800095949748 ] ], [ [ 14.69957685061808, 67.505443342647467 ], [ 14.701021223047061, 67.505298998309073 ], [ 14.699251673830188, 67.505190772804681 ], [ 14.69957685061808, 67.505443342647467 ] ], [ [ 14.694122640422329, 67.503257107646959 ], [ 14.695336255791737, 67.503238585459556 ], [ 14.694215093312174, 67.503152243967051 ], [ 14.694122640422329, 67.503257107646959 ] ], [ [ 14.690824800486208, 67.504506460106583 ], [ 14.692267665498985, 67.50483975196417 ], [ 14.692415625290709, 67.504519087706171 ], [ 14.690824800486208, 67.504506460106583 ] ], [ [ 14.678922954487932, 67.504505901399853 ], [ 14.677042555377191, 67.50482768220067 ], [ 14.680613605669594, 67.504670973625338 ], [ 14.678922954487932, 67.504505901399853 ] ], [ [ 14.679740818598498, 67.502351946369686 ], [ 14.68212262387129, 67.503936611332691 ], [ 14.691295195600906, 67.503867978336771 ], [ 14.679740818598498, 67.502351946369686 ] ], [ [ 14.677543490242506, 67.502019283903152 ], [ 14.678834930335134, 67.501887659945453 ], [ 14.677161452490182, 67.501680623489079 ], [ 14.677543490242506, 67.502019283903152 ] ], [ [ 14.689042943742059, 67.502716588911042 ], [ 14.682708348387726, 67.499677918981931 ], [ 14.680104960053278, 67.500023432203818 ], [ 14.689042943742059, 67.502716588911042 ] ], [ [ 14.68126345890216, 67.499092480610926 ], [ 14.681492671526721, 67.499111948087418 ], [ 14.681553003988192, 67.49906551258546 ], [ 14.68126345890216, 67.499092480610926 ] ], [ [ 14.681802169738065, 67.498923918052128 ], [ 14.681855087230167, 67.498959004971695 ], [ 14.681881878799695, 67.498934210778842 ], [ 14.681802169738065, 67.498923918052128 ] ], [ [ 14.681276165515287, 67.498843499006014 ], [ 14.679848539286706, 67.499137947165707 ], [ 14.681316719598112, 67.498944849908526 ], [ 14.681276165515287, 67.498843499006014 ] ], [ [ 14.675180544679645, 67.498749128553769 ], [ 14.673041050504885, 67.498768592104682 ], [ 14.672514530993851, 67.499067663547905 ], [ 14.675180544679645, 67.498749128553769 ] ], [ [ 14.639824290015412, 67.477987760949972 ], [ 14.640267886468632, 67.477970449132116 ], [ 14.639328105597464, 67.477739441420923 ], [ 14.639824290015412, 67.477987760949972 ] ], [ [ 14.660976080693118, 67.48365282559287 ], [ 14.661404916669603, 67.483610219017947 ], [ 14.661202461084432, 67.483547453660705 ], [ 14.660976080693118, 67.48365282559287 ] ], [ [ 14.66272671383509, 67.482610670909594 ], [ 14.663000536743022, 67.482590700154219 ], [ 14.662710449349994, 67.482586059179539 ], [ 14.66272671383509, 67.482610670909594 ] ], [ [ 14.663529957320986, 67.482862965352254 ], [ 14.663582573070757, 67.482898416594224 ], [ 14.663576054683807, 67.482862971508041 ], [ 14.663529957320986, 67.482862965352254 ] ], [ [ 14.662210813863284, 67.482870083740309 ], [ 14.663004213964841, 67.482810024530238 ], [ 14.662211897436615, 67.482694991421042 ], [ 14.662210813863284, 67.482870083740309 ] ], [ [ 14.635954019843551, 67.476859458115982 ], [ 14.63842861834255, 67.476828948681458 ], [ 14.636691452591483, 67.476074623462637 ], [ 14.635954019843551, 67.476859458115982 ] ], [ [ 14.650513465470292, 67.478543577629083 ], [ 14.65123497069054, 67.478400807073925 ], [ 14.650577821293908, 67.478303499461049 ], [ 14.650513465470292, 67.478543577629083 ] ], [ [ 14.652317210136442, 67.47955497692449 ], [ 14.653971517720583, 67.479253453434922 ], [ 14.652353824101729, 67.479002950893886 ], [ 14.652317210136442, 67.47955497692449 ] ], [ [ 14.655871452958772, 67.479403717354899 ], [ 14.656309835455906, 67.479424383306423 ], [ 14.655965744859515, 67.479338705875932 ], [ 14.655871452958772, 67.479403717354899 ] ], [ [ 14.656398254181335, 67.480721097256222 ], [ 14.657053895961315, 67.480182941961928 ], [ 14.655761952580804, 67.479953615536246 ], [ 14.656398254181335, 67.480721097256222 ] ], [ [ 14.657857719449309, 67.480303765700754 ], [ 14.657897376068238, 67.480312012275746 ], [ 14.657890700771782, 67.480304373647598 ], [ 14.657857719449309, 67.480303765700754 ] ], [ [ 14.658617334884044, 67.480391661899603 ], [ 14.658702808297098, 67.480451761930397 ], [ 14.65872762388933, 67.480401851299789 ], [ 14.658617334884044, 67.480391661899603 ] ], [ [ 14.658210016349823, 67.480682686169189 ], [ 14.658330093953634, 67.480711912947129 ], [ 14.658290882510837, 67.480672631171146 ], [ 14.658210016349823, 67.480682686169189 ] ], [ [ 14.657362142250498, 67.480743862226745 ], [ 14.657978033945064, 67.48085316438825 ], [ 14.658028827645763, 67.480640233919715 ], [ 14.657362142250498, 67.480743862226745 ] ], [ [ 14.656602791539548, 67.481171826278469 ], [ 14.657317419126247, 67.481038432484354 ], [ 14.656578710592735, 67.481040902647834 ], [ 14.656602791539548, 67.481171826278469 ] ], [ [ 14.658512987765114, 67.481303692093604 ], [ 14.659130556884728, 67.480856673150242 ], [ 14.658625760753182, 67.480896691468885 ], [ 14.658512987765114, 67.481303692093604 ] ], [ [ 14.660275166208892, 67.481086560201916 ], [ 14.659953481868161, 67.481411137058203 ], [ 14.660694889791552, 67.481203871755284 ], [ 14.660275166208892, 67.481086560201916 ] ], [ [ 14.657013804604949, 67.481632321663866 ], [ 14.657026654671153, 67.481682311882352 ], [ 14.6570646329358, 67.481677279478063 ], [ 14.657013804604949, 67.481632321663866 ] ], [ [ 14.656747537411217, 67.481745227655381 ], [ 14.656868065156559, 67.481743509915148 ], [ 14.656789001288892, 67.481725671287748 ], [ 14.656747537411217, 67.481745227655381 ] ], [ [ 14.658053311291789, 67.483721126230634 ], [ 14.658123729737506, 67.483771148294821 ], [ 14.658216572710495, 67.483726314982746 ], [ 14.658053311291789, 67.483721126230634 ] ], [ [ 14.647886178002071, 67.482744730709214 ], [ 14.64949214439315, 67.482566754282118 ], [ 14.648013350432429, 67.482341984465464 ], [ 14.647886178002071, 67.482744730709214 ] ], [ [ 14.649188862751354, 67.483361378757436 ], [ 14.653060989306415, 67.484349432775886 ], [ 14.65009191893102, 67.483167787845474 ], [ 14.649188862751354, 67.483361378757436 ] ], [ [ 14.643244279042255, 67.488537805510518 ], [ 14.644863971016813, 67.489302563420054 ], [ 14.645208447863871, 67.488569661557619 ], [ 14.643244279042255, 67.488537805510518 ] ], [ [ 14.650796729040962, 67.493523124744243 ], [ 14.652515489104383, 67.493300331177707 ], [ 14.649525758676152, 67.492826637409948 ], [ 14.650796729040962, 67.493523124744243 ] ], [ [ 14.655457000382361, 67.494363016523607 ], [ 14.656567579393624, 67.494317297496991 ], [ 14.655512954342425, 67.494104530490475 ], [ 14.655457000382361, 67.494363016523607 ] ], [ [ 14.652885195979046, 67.491949793286551 ], [ 14.662676428735098, 67.494483530580823 ], [ 14.666206736766378, 67.493990323557185 ], [ 14.662823420025326, 67.492390329237679 ], [ 14.652885195979046, 67.491949793286551 ] ], [ [ 14.658921490295773, 67.495170029306266 ], [ 14.659705020458468, 67.494929309092512 ], [ 14.658355324639221, 67.494946738170938 ], [ 14.658921490295773, 67.495170029306266 ] ], [ [ 14.655624536930723, 67.491412780475486 ], [ 14.658667002305746, 67.492008285612954 ], [ 14.655924530905169, 67.490918363995661 ], [ 14.655624536930723, 67.491412780475486 ] ], [ [ 14.661173315624961, 67.491290031680535 ], [ 14.662089224243877, 67.491639085544293 ], [ 14.662157567528959, 67.491623261619893 ], [ 14.661173315624961, 67.491290031680535 ] ], [ [ 14.666625183278519, 67.494150223935264 ], [ 14.666708361034646, 67.494145282332155 ], [ 14.666685390068293, 67.49413061394101 ], [ 14.666625183278519, 67.494150223935264 ] ], [ [ 14.669580296039534, 67.494556883198143 ], [ 14.66966250540403, 67.494638498515343 ], [ 14.669713163300441, 67.494564689162914 ], [ 14.669580296039534, 67.494556883198143 ] ], [ [ 14.670444163464293, 67.494574252119619 ], [ 14.670607517640162, 67.494544535156678 ], [ 14.670645835973847, 67.494533131541388 ], [ 14.670444163464293, 67.494574252119619 ] ], [ [ 14.727247424219669, 67.514930307569429 ], [ 14.729167264921974, 67.516172545835687 ], [ 14.731753316426351, 67.515608603729831 ], [ 14.727247424219669, 67.514930307569429 ] ], [ [ 14.725583789857126, 67.515397970827692 ], [ 14.723607510874116, 67.515160764503136 ], [ 14.725694185477563, 67.515496558002425 ], [ 14.725583789857126, 67.515397970827692 ] ] ] } },
{ "type": "Feature", "properties": { "naturvernId": "VV00003637", "navn": "Skarnsundet", "offisieltNavn": "Skarnsundet marine verneområde", "faktaark": "https://faktaark.naturbase.no/?id=VV00003637", "verneform": "MarintVerneomraade", "kommune": "Inderøy (5053)", "forvaltningsmyndighet": "Statsforvalteren i Trøndelag", "iucn": "IkkeVurdert", "majorEcosystemType": "Marin", "is_mpa": true, "area_m2": 18479705.436949998 }, "geometry": { "type": "Polygon", "coordinates": [ [ [ 11.083130559486957, 63.817696369618695 ], [ 11.092884972879441, 63.818825205919616 ], [ 11.118111737143971, 63.839594729251871 ], [ 11.098597180604889, 63.838708333157982 ], [ 11.09446156736929, 63.837242893692427 ], [ 11.088911073343368, 63.838736175994427 ], [ 11.088183242604027, 63.842177723638649 ], [ 11.081875002906433, 63.844388878321439 ], [ 11.071922213315563, 63.859305549973726 ], [ 11.069872937343826, 63.868850231126942 ], [ 11.077104797692311, 63.875611379431135 ], [ 11.072913055619972, 63.880905974190441 ], [ 11.075138973368174, 63.886055647838269 ], [ 11.105470055243432, 63.896278604625557 ], [ 11.098359539430685, 63.910461865156172 ], [ 11.048904567970473, 63.90226422700843 ], [ 11.021594376417669, 63.894461232832342 ], [ 11.022777020297037, 63.888323356798814 ], [ 11.031366516191381, 63.886972253790056 ], [ 11.028680009436762, 63.885291075069283 ], [ 11.030333324953368, 63.882419452486452 ], [ 11.03613059916786, 63.880613833801739 ], [ 11.050019407218773, 63.879958389603644 ], [ 11.046826401115291, 63.8751853874601 ], [ 11.04944443191596, 63.873563871181254 ], [ 11.048254638599413, 63.85858171293642 ], [ 11.070851454782799, 63.84203522336793 ], [ 11.065257114065432, 63.836297963124693 ], [ 11.053786038812975, 63.832811165404905 ], [ 11.041271953803166, 63.825503565703052 ], [ 11.083130559486957, 63.817696369618695 ] ], [ [ 11.081560132058749, 63.897348980279958 ], [ 11.085757633608317, 63.895250602222184 ], [ 11.082335893426608, 63.892750213695471 ], [ 11.077958547274765, 63.8927906963198 ], [ 11.081560132058749, 63.897348980279958 ] ] ] } },
{ "type": "Feature", "properties": { "naturvernId": "VV00003234", "navn": "Jærkysten", "offisieltNavn": "Jærkysten marine verneområde", "faktaark": "https://faktaark.naturbase.no/?id=VV00003234", "verneform": "MarintVerneomraade", "kommune": "Klepp (1120),Hå (1119)", "forvaltningsmyndighet": "Statsforvalteren i Rogaland", "iucn": "IkkeVurdert", "majorEcosystemType": "Marin", "is_mpa": true, "area_m2": 143438660.33884999 }, "geometry": { "type": "Polygon", "coordinates": [ [ [ 5.505346421108097, 58.827194492633296 ], [ 5.356290866580827, 58.787010095693098 ], [ 5.525514659151121, 58.649362037523318 ], [ 5.638008945759541, 58.543376882978031 ], [ 5.662245692132645, 58.515635968969576 ], [ 5.791246763711739, 58.507903212306147 ], [ 5.783561167320933, 58.517140029033897 ], [ 5.774847245235693, 58.520287628079849 ], [ 5.774633623748838, 58.522989932493125 ], [ 5.766542923528876, 58.526815238077809 ], [ 5.740481076594766, 58.533007134637742 ], [ 5.727361784455289, 58.534090392391953 ], [ 5.707836798227574, 58.530751474670311 ], [ 5.709595114944416, 58.526676527882309 ], [ 5.706889572731453, 58.523904335193826 ], [ 5.702684032517965, 58.523526495219294 ], [ 5.698578500782928, 58.525937673838207 ], [ 5.698109049383401, 58.529245921398527 ], [ 5.699445062336671, 58.530945994284735 ], [ 5.703425837579057, 58.529745969091429 ], [ 5.706189656522, 58.531548763185647 ], [ 5.703392353438639, 58.531170950238391 ], [ 5.700781270103883, 58.53282371163764 ], [ 5.695139517377205, 58.531451507822062 ], [ 5.692584234600867, 58.532359910345129 ], [ 5.694397993170861, 58.534504307605559 ], [ 5.688386975373118, 58.536926513900873 ], [ 5.690414702301199, 58.536934911474972 ], [ 5.689245359246594, 58.538057100757008 ], [ 5.677742554400752, 58.541848737313288 ], [ 5.672209091496843, 58.541393253386801 ], [ 5.675895255959886, 58.545623808677327 ], [ 5.674437050804212, 58.548118258317004 ], [ 5.664195301958841, 58.547859867481215 ], [ 5.654964029126887, 58.553701459198827 ], [ 5.646999755979171, 58.56583148947584 ], [ 5.648251031446494, 58.570568280582876 ], [ 5.643466409691958, 58.57227735599939 ], [ 5.638512110339386, 58.584185563232893 ], [ 5.622881258163247, 58.595164056269148 ], [ 5.603644630202436, 58.616864895021877 ], [ 5.583130034092682, 58.633155502837539 ], [ 5.584402770799275, 58.638744434887599 ], [ 5.567312275544869, 58.643645275120349 ], [ 5.564684137937294, 58.648268223040965 ], [ 5.552224044601776, 58.651987515337943 ], [ 5.553707322722025, 58.655337463408557 ], [ 5.546824145698717, 58.6569764019739 ], [ 5.550451728293083, 58.660687467549778 ], [ 5.546065692729446, 58.662726382733659 ], [ 5.54609082967955, 58.66560133577088 ], [ 5.541463012385456, 58.665179154940475 ], [ 5.538090752974712, 58.667662489974227 ], [ 5.537135286943147, 58.675234691943636 ], [ 5.539954683299721, 58.675726370746851 ], [ 5.540079782331593, 58.678768025205692 ], [ 5.53452974879722, 58.682606999047159 ], [ 5.537332465830315, 58.685162486173411 ], [ 5.543715834216657, 58.685918052267915 ], [ 5.545018465146272, 58.690187477465912 ], [ 5.538199271106301, 58.693256865424793 ], [ 5.536021462114467, 58.697459738790819 ], [ 5.52708539230859, 58.700051454256986 ], [ 5.524710356865908, 58.698651361738158 ], [ 5.525460264785948, 58.703479147090682 ], [ 5.516407602907361, 58.702715248017377 ], [ 5.51254682389225, 58.706454175409611 ], [ 5.514288490196622, 58.708109697978799 ], [ 5.512299670365439, 58.714665289021646 ], [ 5.516768974877558, 58.71818192185507 ], [ 5.512546854146661, 58.719620844315131 ], [ 5.514799618516121, 58.722401401468709 ], [ 5.508466511495362, 58.724629245628073 ], [ 5.512688549680752, 58.724790288941136 ], [ 5.513288618645074, 58.726204248456042 ], [ 5.50608312190914, 58.733690245768109 ], [ 5.50792192212693, 58.735548639074082 ], [ 5.50426090743643, 58.742256983142646 ], [ 5.494349829711847, 58.747090259547022 ], [ 5.491144273127062, 58.745690275901381 ], [ 5.487458226135076, 58.746718059508389 ], [ 5.487647122107799, 58.74820144809047 ], [ 5.480563925668047, 58.748770883787529 ], [ 5.481033326614739, 58.750834728883241 ], [ 5.486188791057478, 58.752304241856031 ], [ 5.483688761009874, 58.752690250599095 ], [ 5.484480479806127, 58.754240241847867 ], [ 5.492413727237039, 58.759595876573364 ], [ 5.483638857340988, 58.760031946751631 ], [ 5.493499935468956, 58.760773589500467 ], [ 5.499735966602094, 58.767293078627311 ], [ 5.520116016435328, 58.775726440908059 ], [ 5.532171364241461, 58.785429187413087 ], [ 5.541307527430407, 58.797590241962638 ], [ 5.541901778693284, 58.809090255429773 ], [ 5.53316910585284, 58.820589709583082 ], [ 5.505346421108097, 58.827194492633296 ] ] ] } },
{ "type": "Feature", "properties": { "naturvernId": "VV00003745", "navn": "Lopphavet", "offisieltNavn": "Lopphavet marine verneområde", "faktaark": "https://faktaark.naturbase.no/?id=VV00003745", "verneform": "MarintVerneomraade", "kommune": "Loppa (5614),Alta (5601),Hasvik (5616)", "forvaltningsmyndighet": "Verneområdestyret for Lppphavet marine verneområde", "iucn": "IkkeVurdert", "majorEcosystemType": "Marin", "is_mpa": true, "area_m2": 1317986712.5602002 }, "geometry": { "type": "MultiPolygon", "coordinates": [ [ [ [ 22.085645952004384, 70.475289008181861 ], [ 21.869404049095181, 70.661152290949204 ], [ 22.368902742642355, 70.720961116260526 ], [ 22.22502893463659, 70.812673045791939 ], [ 21.886391807509121, 70.735504914214616 ], [ 21.106688195108291, 70.640908090025803 ], [ 21.268152036125052, 70.496520985672234 ], [ 21.000162170102868, 70.481526593620359 ], [ 20.998578379816038, 70.437746021648024 ], [ 20.939194232381485, 70.432834791828938 ], [ 21.021232350557455, 70.413964847076258 ], [ 21.041013245152751, 70.416645919229495 ], [ 21.16603530858827, 70.416636737830871 ], [ 21.166849627473049, 70.324911425488438 ], [ 21.412162768932859, 70.323097062243406 ], [ 21.4608727093756, 70.3161827641879 ], [ 21.702087768516218, 70.393250580732285 ], [ 22.085645952004384, 70.475289008181861 ] ], [ [ 21.388541136579931, 70.343732140321222 ], [ 21.376302463356708, 70.347126390525517 ], [ 21.369422798138814, 70.356999099919463 ], [ 21.38484742899389, 70.367108358272674 ], [ 21.399214269741265, 70.371730955502116 ], [ 21.398855828225265, 70.380101008428412 ], [ 21.404878440242122, 70.388575205663187 ], [ 21.412341122504976, 70.391598670429303 ], [ 21.425273785994165, 70.39337934913452 ], [ 21.435168219284204, 70.390147690758965 ], [ 21.440013156906154, 70.383388796480205 ], [ 21.440167841120193, 70.371144576552965 ], [ 21.455146668882914, 70.361005270654431 ], [ 21.441732792476259, 70.347103380022631 ], [ 21.445110425045002, 70.345043476944511 ], [ 21.450604291583403, 70.346762777473529 ], [ 21.456190808386477, 70.346573112461215 ], [ 21.460830921804739, 70.344144429790589 ], [ 21.464753561774543, 70.344800975633788 ], [ 21.465211126028603, 70.34142098010858 ], [ 21.455430179516497, 70.33327089545071 ], [ 21.432588068767583, 70.330121016954294 ], [ 21.412163384554365, 70.323099022616034 ], [ 21.405104844770637, 70.326581734880278 ], [ 21.416775263207672, 70.330939914726471 ], [ 21.395102902578405, 70.332482619620777 ], [ 21.413436478141897, 70.343536398966776 ], [ 21.388541136579931, 70.343732140321222 ] ] ], [ [ [ 22.516642852791652, 70.274734930007099 ], [ 22.470794909244251, 70.28339825637795 ], [ 22.424548292317258, 70.258234902129246 ], [ 22.474404475815895, 70.249830579088439 ], [ 22.516642852791652, 70.274734930007099 ] ] ], [ [ [ 22.20000015281672, 70.39999908947874 ], [ 22.200000406034878, 70.440001197551553 ], [ 21.999996551098508, 70.440001377497865 ], [ 21.95999670203285, 70.41999611098403 ], [ 21.959988630292735, 70.400002704836325 ], [ 22.20000015281672, 70.39999908947874 ] ] ] ] } },
{ "type": "Feature", "properties": { "naturvernId": "VV00003635", "navn": "Innervisten", "offisieltNavn": "Innervisten marine verneområde", "faktaark": "https://faktaark.naturbase.no/?id=VV00003635", "verneform": "MarintVerneomraade", "kommune": "Vevelstad (1816)", "forvaltningsmyndighet": "Lomsdal-Visten nasjonalparkstyre/Njaarken vaarjelimmiedajveraerie", "iucn": "IkkeVurdert", "majorEcosystemType": "Marin", "is_mpa": true, "area_m2": 5053560.1264000004 }, "geometry": { "type": "Polygon", "coordinates": [ [ [ 12.635198777114127, 65.646010334201534 ], [ 12.644979346385998, 65.646343627727788 ], [ 12.646918741639672, 65.644230979338332 ], [ 12.652733693146935, 65.646225391721046 ], [ 12.661753975384176, 65.645835893908881 ], [ 12.671992300946529, 65.647704681713833 ], [ 12.675503162467544, 65.64617704059232 ], [ 12.681555439843637, 65.646273988581655 ], [ 12.685774634211981, 65.646900935393944 ], [ 12.692256796413691, 65.645293275486537 ], [ 12.697854467064467, 65.640752540673191 ], [ 12.697989181428312, 65.64490329711353 ], [ 12.708019258237055, 65.64508379345736 ], [ 12.713496642559706, 65.644040646828415 ], [ 12.715250545453385, 65.640427540785041 ], [ 12.718279697793458, 65.641401255992974 ], [ 12.723257935013704, 65.639477036143646 ], [ 12.7284071788887, 65.640496064432895 ], [ 12.732002141488987, 65.639020400599691 ], [ 12.742394875871026, 65.639309803847482 ], [ 12.745157208583979, 65.63298408062721 ], [ 12.748454486291612, 65.633204078261016 ], [ 12.74293385258313, 65.624381942198553 ], [ 12.746735143060814, 65.621050234963718 ], [ 12.749690945463222, 65.621541286700619 ], [ 12.745513746136247, 65.623405292155439 ], [ 12.745413074045855, 65.626029643114492 ], [ 12.749926771219425, 65.631670206353263 ], [ 12.751296510871084, 65.629175388094779 ], [ 12.754662395052266, 65.628860637359935 ], [ 12.760682252333249, 65.63467566311428 ], [ 12.776584880278785, 65.632630111807444 ], [ 12.783286124833815, 65.63420529592193 ], [ 12.789732514229682, 65.63351387401012 ], [ 12.787270565367599, 65.636402090196853 ], [ 12.779030096916401, 65.63859899678431 ], [ 12.766163804049619, 65.639413323444614 ], [ 12.759576870232566, 65.64417131192765 ], [ 12.728841764472628, 65.644610185731025 ], [ 12.728342852168497, 65.645831469892585 ], [ 12.72430144571757, 65.645476683613481 ], [ 12.719227541454211, 65.647205439614581 ], [ 12.717276654139571, 65.650465453211041 ], [ 12.708275714530442, 65.650203865904004 ], [ 12.699992719207128, 65.653627775949388 ], [ 12.692090084220141, 65.651419494181013 ], [ 12.681358073214966, 65.652167258003445 ], [ 12.679319873592062, 65.650714364357071 ], [ 12.653684230888318, 65.64999520501847 ], [ 12.650062305272451, 65.651549735968587 ], [ 12.648120861389961, 65.657203462077092 ], [ 12.640724650233992, 65.655598434724624 ], [ 12.639194989743499, 65.651633810142684 ], [ 12.643198369656249, 65.650912756740212 ], [ 12.640587639761497, 65.647275856529816 ], [ 12.637999111305039, 65.647705401611503 ], [ 12.635198777114127, 65.646010334201534 ] ], [ [ 12.765034613195004, 65.638637334813922 ], [ 12.765453013326367, 65.638370051984822 ], [ 12.764986200585033, 65.638376573862786 ], [ 12.765034613195004, 65.638637334813922 ] ], [ [ 12.749706674370291, 65.631872875445083 ], [ 12.75006947481967, 65.631866659456847 ], [ 12.749973748054812, 65.631815244603416 ], [ 12.749706674370291, 65.631872875445083 ] ], [ [ 12.652053989061198, 65.646431795497563 ], [ 12.651981980811367, 65.646249529319022 ], [ 12.651798947963872, 65.646390697506916 ], [ 12.652053989061198, 65.646431795497563 ] ], [ [ 12.764200518100129, 65.638486488762794 ], [ 12.764489695649743, 65.638349265558901 ], [ 12.764178565676374, 65.638370369020208 ], [ 12.764200518100129, 65.638486488762794 ] ], [ [ 12.788227844403901, 65.633854844060252 ], [ 12.788265324157523, 65.633968491886606 ], [ 12.788447103514901, 65.633839807876114 ], [ 12.788227844403901, 65.633854844060252 ] ], [ [ 12.682899203574875, 65.651714403066237 ], [ 12.683229654791223, 65.651771855641385 ], [ 12.683022646743977, 65.651654520536042 ], [ 12.682899203574875, 65.651714403066237 ] ], [ [ 12.652581003385965, 65.646276360983919 ], [ 12.652175561539101, 65.646448392501327 ], [ 12.652663159354651, 65.646271972117972 ], [ 12.652581003385965, 65.646276360983919 ] ], [ [ 12.679255780812301, 65.646320194471457 ], [ 12.679566829727532, 65.646323858039338 ], [ 12.67923107862846, 65.646248721078038 ], [ 12.679255780812301, 65.646320194471457 ] ], [ [ 12.764565430379776, 65.638393644643287 ], [ 12.764628985335696, 65.638397719723429 ], [ 12.764567501357179, 65.638354447598999 ], [ 12.764565430379776, 65.638393644643287 ] ] ] } },
{ "type": "Feature", "properties": { "naturvernId": "VV00003931", "navn": "Stad", "offisieltNavn": "Stad marine verneområde", "faktaark": "https://faktaark.naturbase.no/?id=VV00003931", "verneform": "MarintVerneomraade", "kommune": "Stad (4649),Kinn (4602)", "forvaltningsmyndighet": "Statsforvalteren i Vestland", "iucn": null, "majorEcosystemType": "Marin", "is_mpa": true, "area_m2": 167587919.6112 }, "geometry": { "type": "Polygon", "coordinates": [ [ [ 5.258126869134651, 62.234547011331898 ], [ 5.006443585552016, 62.227518829040399 ], [ 5.029180810389876, 62.054630070680432 ], [ 5.095414154554465, 62.056520238859925 ], [ 5.178763430992309, 62.076631138319833 ], [ 5.330576166915447, 62.066080345017568 ], [ 5.309055266035967, 62.076959121876541 ], [ 5.286585023979789, 62.080347424025852 ], [ 5.276392178088272, 62.079974886766401 ], [ 5.27707558787978, 62.082159099966383 ], [ 5.268591114974779, 62.083727868040619 ], [ 5.269034466424124, 62.084210533494385 ], [ 5.263126617017053, 62.085512875559807 ], [ 5.248210443685942, 62.09882959764964 ], [ 5.233938373636201, 62.103555724668361 ], [ 5.225336726774098, 62.103880759319736 ], [ 5.211155699689159, 62.101570060456382 ], [ 5.205794557327632, 62.102577377794141 ], [ 5.197089936448135, 62.101926019233034 ], [ 5.196307903850248, 62.101490071685106 ], [ 5.19545434500399, 62.101724069671171 ], [ 5.19444583240406, 62.101487601519317 ], [ 5.194339874379306, 62.101275178795461 ], [ 5.193989978964467, 62.101220897098536 ], [ 5.169438541397705, 62.102717794197439 ], [ 5.144432633647777, 62.101044665787903 ], [ 5.142040327865685, 62.102396774038453 ], [ 5.129988317301645, 62.100349349299378 ], [ 5.130035727470826, 62.1022094639521 ], [ 5.117713021809919, 62.099699624567954 ], [ 5.121141503139651, 62.102593075722901 ], [ 5.115727215567942, 62.10198150770286 ], [ 5.112127666843039, 62.104406540849361 ], [ 5.115838374896308, 62.104941763209375 ], [ 5.116034584609841, 62.106635682716835 ], [ 5.121055310432693, 62.106643871487023 ], [ 5.117560964354696, 62.109331663049502 ], [ 5.118130718965662, 62.122241873820286 ], [ 5.112260446605164, 62.124833997919644 ], [ 5.118027148092736, 62.125165280465048 ], [ 5.11940790892855, 62.1270952334866 ], [ 5.122946585603536, 62.127326662804968 ], [ 5.135537568499019, 62.122833072000503 ], [ 5.156395527478536, 62.120581283652591 ], [ 5.163291133471459, 62.126411565862121 ], [ 5.156285827141329, 62.128350050608709 ], [ 5.156560681240861, 62.129862332414838 ], [ 5.145448972573963, 62.1347048180413 ], [ 5.145955531550136, 62.13827459770404 ], [ 5.14212484467638, 62.140235107575293 ], [ 5.144323163094933, 62.140301805686356 ], [ 5.142670050483859, 62.141349658638099 ], [ 5.144679526950498, 62.144297043531509 ], [ 5.143518022688125, 62.145490329300046 ], [ 5.129139135714954, 62.148959578982485 ], [ 5.124431767266882, 62.148101656799959 ], [ 5.121147185440856, 62.150147400222984 ], [ 5.114873642879136, 62.150043226706039 ], [ 5.115833246099628, 62.15246472761207 ], [ 5.108866604004867, 62.150724512805056 ], [ 5.102493438399211, 62.151405922452241 ], [ 5.108668749276947, 62.154725208963491 ], [ 5.104746246495271, 62.156620627169211 ], [ 5.099013800608962, 62.156529211723139 ], [ 5.100999819976599, 62.162224208140003 ], [ 5.096003520662295, 62.162933018264766 ], [ 5.095985941201087, 62.163293520646704 ], [ 5.096819475334281, 62.163613984364794 ], [ 5.096931532976241, 62.163921377521262 ], [ 5.091561223475527, 62.163555654056324 ], [ 5.093161150943991, 62.165812432851247 ], [ 5.089097169914671, 62.16744137703482 ], [ 5.107161511065136, 62.164258832686954 ], [ 5.11438615612357, 62.166306819084113 ], [ 5.115454178466321, 62.16873005525914 ], [ 5.112010693419119, 62.170412760823083 ], [ 5.11293941478766, 62.173114957857464 ], [ 5.108303437215575, 62.179452736441554 ], [ 5.096086742667936, 62.182081286550392 ], [ 5.098006172770171, 62.182863309027042 ], [ 5.093761260759553, 62.184758388977457 ], [ 5.093848909995398, 62.18655168299609 ], [ 5.097126583222948, 62.187112057681617 ], [ 5.095276218437665, 62.187725352671329 ], [ 5.099664946064837, 62.189114091547175 ], [ 5.098842904948365, 62.193716376470917 ], [ 5.111910285609669, 62.194390195944145 ], [ 5.114217825062286, 62.196884222070224 ], [ 5.123857085822608, 62.198347666769045 ], [ 5.121866404767885, 62.199429689830559 ], [ 5.125341001685981, 62.201264718155642 ], [ 5.132182843070765, 62.199849880655897 ], [ 5.143802922081701, 62.200599049050361 ], [ 5.144076848329975, 62.194657073896785 ], [ 5.1584074459202, 62.187893038587802 ], [ 5.162006938576749, 62.188350119687229 ], [ 5.160548827473297, 62.191448800980893 ], [ 5.164174548689691, 62.1933048201983 ], [ 5.171373929606914, 62.192737224240361 ], [ 5.170609009456101, 62.193647882359258 ], [ 5.175021509628837, 62.194048451280764 ], [ 5.178244849698466, 62.195019091465412 ], [ 5.189969632016565, 62.193154227249259 ], [ 5.189635098686687, 62.197496079398931 ], [ 5.174691279900371, 62.198507552890625 ], [ 5.177088673932935, 62.200172143439559 ], [ 5.175238221436794, 62.202841772220836 ], [ 5.179417645553786, 62.202616062052876 ], [ 5.182895442506227, 62.204301927318241 ], [ 5.180186864470467, 62.207526085938817 ], [ 5.184076848954789, 62.208649446123196 ], [ 5.181289394304991, 62.209910305256408 ], [ 5.182432174850539, 62.211450289089669 ], [ 5.178286727306195, 62.211853653298107 ], [ 5.178841797082483, 62.213288824987217 ], [ 5.186049113921989, 62.215776126144121 ], [ 5.188044741800193, 62.211969829845771 ], [ 5.193590916606375, 62.210101470576987 ], [ 5.200440891043915, 62.210968994183709 ], [ 5.207607976264003, 62.207598396036666 ], [ 5.214466061341654, 62.20725596867296 ], [ 5.225443835965737, 62.209515102641895 ], [ 5.229282212214351, 62.205951045900093 ], [ 5.227460922845242, 62.197544531425265 ], [ 5.237087507983487, 62.187669504764877 ], [ 5.243427571457528, 62.186649856234865 ], [ 5.245373767215816, 62.182401739591924 ], [ 5.251262482739361, 62.180757162371364 ], [ 5.253366229878092, 62.177869877562031 ], [ 5.261513145132652, 62.178075498074364 ], [ 5.270183921415164, 62.174075633246268 ], [ 5.282279413446391, 62.174789883280965 ], [ 5.282789098214361, 62.168710494953622 ], [ 5.287775441871958, 62.16839888903759 ], [ 5.29199616813479, 62.171134938493068 ], [ 5.286518156261331, 62.215722847650888 ], [ 5.258126869134651, 62.234547011331898 ] ], [ [ 5.077483249710451, 62.169676786383903 ], [ 5.079122700106195, 62.168774015909456 ], [ 5.079045108387072, 62.168430251601777 ], [ 5.077483249710451, 62.169676786383903 ] ], [ [ 5.080758396528335, 62.16895186906887 ], [ 5.081468222481688, 62.168923338961868 ], [ 5.08102731653907, 62.168562090676495 ], [ 5.080758396528335, 62.16895186906887 ] ], [ [ 5.141946735957172, 62.145231539909666 ], [ 5.142694580540931, 62.145258324824084 ], [ 5.142734183217701, 62.145195450095137 ], [ 5.141946735957172, 62.145231539909666 ] ], [ [ 5.275549734045736, 62.079292949259312 ], [ 5.276144037126472, 62.079700962976382 ], [ 5.276233018200729, 62.079171954828197 ], [ 5.275549734045736, 62.079292949259312 ] ], [ [ 5.114578813854688, 62.151790933806382 ], [ 5.115156276817115, 62.151871395689874 ], [ 5.114606303801366, 62.151630504179096 ], [ 5.114578813854688, 62.151790933806382 ] ], [ [ 5.132230112218163, 62.200750688591008 ], [ 5.134063000354376, 62.200641053482606 ], [ 5.133034345961141, 62.200323976137923 ], [ 5.132230112218163, 62.200750688591008 ] ], [ [ 5.177092989489354, 62.195019876010569 ], [ 5.177549618824993, 62.194833392350716 ], [ 5.177040871400048, 62.194779886181315 ], [ 5.177092989489354, 62.195019876010569 ] ], [ [ 5.22920121305811, 62.20483395826335 ], [ 5.229723909246094, 62.2047651510766 ], [ 5.229216710605928, 62.204528581934859 ], [ 5.22920121305811, 62.20483395826335 ] ], [ [ 5.242937191719619, 62.187668462933551 ], [ 5.243533052106161, 62.187993926402783 ], [ 5.244044359509356, 62.187917393609247 ], [ 5.242937191719619, 62.187668462933551 ] ], [ [ 5.245136693055201, 62.187475659869236 ], [ 5.245594981220054, 62.187835236136337 ], [ 5.245603861002008, 62.187469842325129 ], [ 5.245136693055201, 62.187475659869236 ] ], [ [ 5.219519909055312, 62.208806847550115 ], [ 5.218988486098231, 62.209022539150936 ], [ 5.21960229342772, 62.208830002182154 ], [ 5.219519909055312, 62.208806847550115 ] ], [ [ 5.185166502160772, 62.216226048072507 ], [ 5.185958184543622, 62.21684311376594 ], [ 5.186304224640492, 62.216153718232086 ], [ 5.185166502160772, 62.216226048072507 ] ], [ [ 5.182463030202778, 62.204320168140057 ], [ 5.181981070571316, 62.204418597238018 ], [ 5.18249025920747, 62.204358323049618 ], [ 5.182463030202778, 62.204320168140057 ] ], [ [ 5.171055193812881, 62.203294945635186 ], [ 5.170639234038247, 62.203766849289657 ], [ 5.171664219310584, 62.203514058648452 ], [ 5.171055193812881, 62.203294945635186 ] ], [ [ 5.173215737658555, 62.199359956080556 ], [ 5.172870518160637, 62.199074183494396 ], [ 5.172864242093477, 62.19935562057033 ], [ 5.173215737658555, 62.199359956080556 ] ], [ [ 5.170670244390496, 62.198735829428202 ], [ 5.171441055682856, 62.198647618967328 ], [ 5.171163672878119, 62.198374300516576 ], [ 5.170670244390496, 62.198735829428202 ] ], [ [ 5.175578301858233, 62.198128732716988 ], [ 5.175168104212018, 62.198182300189238 ], [ 5.175515991107456, 62.1982401422256 ], [ 5.175578301858233, 62.198128732716988 ] ], [ [ 5.17574547772253, 62.198114171277346 ], [ 5.176135251032835, 62.197965088848406 ], [ 5.175785341852856, 62.197959515683678 ], [ 5.17574547772253, 62.198114171277346 ] ], [ [ 5.087560208185113, 62.168330557956551 ], [ 5.088000310394121, 62.16813846465476 ], [ 5.086913356247289, 62.168019273996748 ], [ 5.087560208185113, 62.168330557956551 ] ], [ [ 5.086931319136587, 62.16751620151026 ], [ 5.088230507277849, 62.168093442723077 ], [ 5.088346123431384, 62.167654554296789 ], [ 5.086931319136587, 62.16751620151026 ] ], [ [ 5.079264176932361, 62.168983789073025 ], [ 5.081065780394009, 62.168257864365074 ], [ 5.080687044893071, 62.167658925733789 ], [ 5.079264176932361, 62.168983789073025 ] ], [ [ 5.096384175288464, 62.163503430761757 ], [ 5.096125135634693, 62.163497583875646 ], [ 5.096822436198479, 62.163749273858215 ], [ 5.096384175288464, 62.163503430761757 ] ], [ [ 5.136703857412966, 62.14698868176805 ], [ 5.136967197899152, 62.146856715136146 ], [ 5.136642921666569, 62.146801978194702 ], [ 5.136703857412966, 62.14698868176805 ] ], [ [ 5.142340148668806, 62.144986706392643 ], [ 5.142251975752301, 62.145153905443067 ], [ 5.142643353356754, 62.145142118946438 ], [ 5.142340148668806, 62.144986706392643 ] ], [ [ 5.14310740180116, 62.143664424692048 ], [ 5.144193843753061, 62.1440592679145 ], [ 5.143706076399292, 62.143499613024964 ], [ 5.14310740180116, 62.143664424692048 ] ], [ [ 5.113997200924396, 62.121096663553267 ], [ 5.117325634156598, 62.121613123159662 ], [ 5.116838201029764, 62.120980841033109 ], [ 5.113997200924396, 62.121096663553267 ] ], [ [ 5.110733527609727, 62.104091978006323 ], [ 5.111493902352394, 62.104339064832935 ], [ 5.111456119072029, 62.104070271128947 ], [ 5.110733527609727, 62.104091978006323 ] ], [ [ 5.195262359996355, 62.101460866714206 ], [ 5.194883145034373, 62.101341851798509 ], [ 5.195187445344545, 62.10156566340364 ], [ 5.195262359996355, 62.101460866714206 ] ], [ [ 5.266351204792521, 62.084495825824639 ], [ 5.266830013057826, 62.084330743108005 ], [ 5.26630443605802, 62.084455395021124 ], [ 5.266351204792521, 62.084495825824639 ] ] ] } }
]
}
